TransactionID,Timestamp,SenderCountry,ReceiverCountry,Amount,Currency,TransactionType,RiskScore,JurisdictionRisk,ComplianceFlag,GeneratedByGenAI
TX-100000,2024-06-27 20:08:57.975044,India,Japan,19155.75,INR,SEPA,38.44,Low,False,Yes
TX-100001,2025-03-01 13:06:02.975044,Canada,South Africa,69432.59,CAD,SEPA,9.31,Low,False,Yes
TX-100002,2024-06-27 17:30:07.975044,USA,USA,60303.03,USD,SWIFT,30.29,Low,False,Yes
TX-100003,2024-10-18 02:05:36.975044,Brazil,Australia,18535.05,BRL,ACH,49.8,Medium,False,Yes
TX-100004,2024-06-13 04:01:13.975044,France,Australia,27393.03,EUR,SWIFT,18.52,Low,False,Yes
TX-100005,2025-03-11 20:12:45.975044,Germany,Japan,40957.75,EUR,SWIFT,46.66,Medium,False,Yes
TX-100006,2024-07-26 10:26:03.975044,Germany,Netherlands,69954.35,EUR,RTGS,83.63,High,True,Yes
TX-100007,2025-01-19 15:58:31.975044,UK,Australia,63908.47,GBP,SEPA,87.26,High,True,Yes
TX-100008,2025-02-24 09:14:57.975044,Brazil,China,53270.26,BRL,Wire,4.93,Low,False,Yes
TX-100009,2025-01-05 10:38:31.975044,Canada,Brazil,76864.21,CAD,ACH,16.09,Low,False,Yes
TX-100010,2024-09-25 14:50:46.975044,India,Spain,75817.98,INR,SEPA,27.53,Low,False,Yes
TX-100011,2025-01-24 23:43:55.975044,Brazil,Italy,61824.13,BRL,SWIFT,59.49,Medium,False,Yes
TX-100012,2024-11-24 22:53:20.975044,Netherlands,Spain,78720.31,EUR,SWIFT,36.1,Low,False,Yes
TX-100013,2024-09-02 20:52:53.975044,Japan,South Africa,33492.91,JPY,SEPA,84.4,High,True,Yes
TX-100014,2024-09-21 08:11:32.975044,Canada,France,88136.83,CAD,Wire,71.67,High,True,Yes
TX-100015,2024-09-23 15:16:36.975044,China,France,61529.52,CNY,Wire,10.05,Low,False,Yes
TX-100016,2024-05-07 10:29:37.975044,Italy,UK,82254.12,EUR,ACH,62.46,Medium,False,Yes
TX-100017,2024-05-11 10:19:05.975044,USA,USA,54673.28,USD,SWIFT,11.3,Low,False,Yes
TX-100018,2025-01-30 18:55:36.975044,USA,Brazil,21921.98,USD,SWIFT,25.5,Low,False,Yes
TX-100019,2025-01-18 03:19:08.975044,Canada,Netherlands,54286.77,CAD,Wire,17.79,Low,False,Yes
TX-100020,2024-04-07 13:59:40.975044,Germany,China,37174.06,EUR,RTGS,17.31,Low,False,Yes
TX-100021,2024-12-15 18:42:49.975044,Germany,Brazil,69780.15,EUR,SEPA,61.64,Medium,False,Yes
TX-100022,2024-06-14 12:18:31.975044,Japan,France,47631.8,JPY,ACH,56.36,Medium,False,Yes
TX-100023,2024-12-06 22:23:59.975044,China,Brazil,83627.67,CNY,Wire,17.6,Low,False,Yes
TX-100024,2024-05-08 22:17:05.975044,USA,South Africa,67839.44,USD,Wire,99.02,High,True,Yes
TX-100025,2024-12-06 14:00:19.975044,Japan,China,68485.99,JPY,RTGS,42.18,Medium,False,Yes
TX-100026,2024-06-06 10:24:23.975044,Germany,France,21793.82,EUR,SEPA,9.71,Low,False,Yes
TX-100027,2025-03-11 21:09:59.975044,Brazil,USA,98426.55,BRL,RTGS,12.06,Low,False,Yes
TX-100028,2024-05-10 13:41:35.975044,India,India,84183.35,INR,SWIFT,58.39,Medium,False,Yes
TX-100029,2024-12-02 03:04:59.975044,Brazil,Australia,78921.59,BRL,Wire,97.91,High,True,Yes
TX-100030,2024-09-24 11:52:31.975044,Japan,China,33088.5,JPY,ACH,57.2,Medium,False,Yes
TX-100031,2024-04-30 10:00:39.975044,Italy,UK,53609.6,EUR,RTGS,94.9,High,True,Yes
TX-100032,2024-10-05 00:49:08.975044,Germany,China,13796.61,EUR,SWIFT,44.41,Medium,False,Yes
TX-100033,2025-01-14 18:57:56.975044,Australia,USA,53893.75,AUD,ACH,43.58,Medium,False,Yes
TX-100034,2024-10-17 16:02:38.975044,China,India,14674.34,CNY,Wire,50.0,Medium,False,Yes
TX-100035,2024-09-23 07:12:13.975044,France,France,55348.48,EUR,SWIFT,69.74,Medium,False,Yes
TX-100036,2024-10-15 22:13:09.975044,South Africa,South Africa,64907.32,ZAR,ACH,36.76,Low,False,Yes
TX-100037,2024-11-09 12:20:07.975044,Russia,Brazil,39080.58,RUB,ACH,86.39,High,True,Yes
TX-100038,2024-05-08 19:08:47.975044,USA,China,49904.63,USD,SEPA,2.93,Low,False,Yes
TX-100039,2024-10-20 02:37:21.975044,South Africa,USA,87577.77,ZAR,RTGS,43.98,Medium,False,Yes
TX-100040,2024-04-27 02:19:46.975044,South Africa,France,10945.46,ZAR,ACH,51.1,Medium,False,Yes
TX-100041,2024-04-01 08:46:10.975044,UK,Australia,79194.12,GBP,ACH,60.7,Medium,False,Yes
TX-100042,2024-05-21 05:22:06.975044,Brazil,Canada,17158.38,BRL,RTGS,27.61,Low,False,Yes
TX-100043,2025-02-06 16:28:30.975044,Italy,UK,3767.13,EUR,SEPA,42.75,Medium,False,Yes
TX-100044,2025-02-24 09:08:54.976045,Spain,Japan,18638.9,EUR,ACH,48.45,Medium,False,Yes
TX-100045,2024-07-31 05:08:52.976045,France,Canada,76527.81,EUR,RTGS,68.69,Medium,False,Yes
TX-100046,2024-08-03 02:44:06.976045,UK,Russia,40572.09,GBP,RTGS,77.35,High,True,Yes
TX-100047,2024-08-27 08:56:40.976045,Germany,South Africa,87264.8,EUR,SWIFT,73.78,High,True,Yes
TX-100048,2024-12-30 19:16:48.976045,South Africa,France,52518.28,ZAR,Wire,34.16,Low,False,Yes
TX-100049,2024-12-02 16:45:03.976045,Spain,France,2322.81,EUR,RTGS,99.95,High,True,Yes
TX-100050,2024-11-03 09:40:47.976045,Canada,UK,71699.69,CAD,SWIFT,84.87,High,True,Yes
TX-100051,2024-04-27 06:16:33.976045,Canada,China,11112.27,CAD,Wire,26.0,Low,False,Yes
TX-100052,2024-07-29 18:05:34.976045,Italy,France,78959.03,EUR,SWIFT,19.51,Low,False,Yes
TX-100053,2025-02-08 13:35:45.976045,Canada,France,16893.44,CAD,ACH,31.4,Low,False,Yes
TX-100054,2024-04-19 01:32:44.976045,Spain,Russia,34610.09,EUR,SWIFT,45.23,Medium,False,Yes
TX-100055,2024-05-18 13:51:57.976045,Russia,France,76151.02,RUB,ACH,85.08,High,True,Yes
TX-100056,2025-01-04 15:16:33.976045,Spain,USA,95427.71,EUR,RTGS,77.84,High,True,Yes
TX-100057,2025-03-11 18:48:27.976045,China,Brazil,37206.25,CNY,Wire,85.12,High,True,Yes
TX-100058,2024-04-21 11:22:14.976045,France,Canada,82957.08,EUR,SWIFT,27.2,Low,False,Yes
TX-100059,2024-10-29 18:00:52.976045,South Africa,China,19160.15,ZAR,RTGS,59.35,Medium,False,Yes
TX-100060,2024-07-26 06:28:54.976045,USA,UK,80737.26,USD,RTGS,28.32,Low,False,Yes
TX-100061,2024-03-21 17:40:52.976045,Brazil,Netherlands,65783.66,BRL,SEPA,10.9,Low,False,Yes
TX-100062,2025-03-10 15:49:08.976045,Australia,China,19355.08,AUD,ACH,68.42,Medium,False,Yes
TX-100063,2024-03-31 22:16:01.976045,Japan,Brazil,30320.15,JPY,RTGS,14.3,Low,False,Yes
TX-100064,2024-09-12 05:39:17.976045,Canada,UK,13263.91,CAD,RTGS,66.77,Medium,False,Yes
TX-100065,2024-11-03 06:50:10.976045,Netherlands,India,38358.4,EUR,RTGS,64.8,Medium,False,Yes
TX-100066,2024-06-20 20:48:03.976045,Italy,Australia,20444.5,EUR,ACH,81.02,High,True,Yes
TX-100067,2024-11-03 07:19:46.976045,Canada,Spain,64435.4,CAD,RTGS,13.96,Low,False,Yes
TX-100068,2024-08-07 01:09:29.976045,Japan,South Africa,99451.06,JPY,SEPA,78.35,High,True,Yes
TX-100069,2024-03-30 09:09:25.976045,France,UK,1299.72,EUR,SWIFT,99.93,High,True,Yes
TX-100070,2025-02-07 12:43:12.976045,Russia,France,54137.89,RUB,SWIFT,85.1,High,True,Yes
TX-100071,2024-11-14 21:57:21.976045,India,South Africa,57409.29,INR,Wire,75.18,High,True,Yes
TX-100072,2024-05-22 09:33:06.976045,China,Brazil,91429.46,CNY,SWIFT,66.22,Medium,False,Yes
TX-100073,2024-05-18 05:23:42.976045,Netherlands,Germany,50649.93,EUR,SWIFT,42.18,Medium,False,Yes
TX-100074,2024-07-29 10:58:25.976045,Russia,Australia,54415.77,RUB,Wire,73.05,High,True,Yes
TX-100075,2025-02-20 05:21:07.976045,Spain,UK,47218.11,EUR,RTGS,72.42,High,True,Yes
TX-100076,2025-02-10 20:46:29.976045,China,South Africa,26963.54,CNY,SWIFT,63.15,Medium,False,Yes
TX-100077,2025-02-27 21:51:58.976045,Germany,Japan,5697.31,EUR,SWIFT,79.63,High,True,Yes
TX-100078,2024-11-02 22:21:58.976045,Brazil,Russia,40924.9,BRL,SWIFT,44.88,Medium,False,Yes
TX-100079,2024-12-25 08:48:35.976045,Canada,USA,5353.89,CAD,SEPA,12.13,Low,False,Yes
TX-100080,2024-07-16 07:02:38.976045,USA,Spain,55094.2,USD,Wire,55.91,Medium,False,Yes
TX-100081,2024-12-01 07:53:15.976045,India,Canada,30798.63,INR,ACH,26.5,Low,False,Yes
TX-100082,2024-07-31 16:48:10.976045,Germany,UK,53406.88,EUR,Wire,38.44,Low,False,Yes
TX-100083,2024-10-27 19:31:27.976045,South Africa,China,13516.27,ZAR,Wire,1.74,Low,False,Yes
TX-100084,2024-09-05 10:09:01.976045,France,Netherlands,93269.73,EUR,SWIFT,38.28,Low,False,Yes
TX-100085,2025-01-26 08:43:49.976045,Canada,Russia,89462.67,CAD,RTGS,80.88,High,True,Yes
TX-100086,2024-06-21 10:53:02.976045,Russia,UK,19080.65,RUB,SEPA,54.27,Medium,False,Yes
TX-100087,2024-09-13 06:52:06.976045,Germany,Russia,34410.08,EUR,SEPA,0.98,Low,False,Yes
TX-100088,2025-01-29 04:41:58.976045,Russia,Australia,61387.93,RUB,SEPA,46.98,Medium,False,Yes
TX-100089,2024-05-08 14:52:33.976045,Canada,South Africa,9659.05,CAD,ACH,29.15,Low,False,Yes
TX-100090,2025-01-05 22:20:06.976045,Italy,Italy,35521.33,EUR,ACH,47.76,Medium,False,Yes
TX-100091,2024-06-26 15:32:38.976045,France,South Africa,25186.12,EUR,RTGS,40.47,Medium,False,Yes
TX-100092,2024-06-05 23:11:18.976045,Australia,Italy,91560.12,AUD,Wire,93.2,High,True,Yes
TX-100093,2024-03-18 15:59:56.976045,India,Germany,85265.81,INR,SWIFT,4.12,Low,False,Yes
TX-100094,2024-10-26 17:48:54.976045,Russia,India,58025.29,RUB,RTGS,68.36,Medium,False,Yes
TX-100095,2024-07-21 05:53:21.976045,Spain,Australia,52082.6,EUR,SEPA,85.1,High,True,Yes
TX-100096,2024-10-20 23:04:11.976045,UK,Brazil,93079.51,GBP,SEPA,95.92,High,True,Yes
TX-100097,2024-11-19 11:20:09.976045,Spain,India,93249.54,EUR,SEPA,17.76,Low,False,Yes
TX-100098,2024-10-05 19:17:10.976045,Spain,UK,96936.08,EUR,SEPA,53.13,Medium,False,Yes
TX-100099,2024-11-27 02:04:59.976045,Germany,Germany,12625.35,EUR,ACH,4.36,Low,False,Yes
TX-100100,2024-12-22 06:13:45.976045,India,China,16139.73,INR,ACH,49.92,Medium,False,Yes
TX-100101,2024-06-23 10:01:15.976045,France,Brazil,67706.0,EUR,RTGS,12.55,Low,False,Yes
TX-100102,2024-11-11 22:03:33.976045,Brazil,Russia,54189.3,BRL,ACH,83.79,High,True,Yes
TX-100103,2024-06-22 03:27:29.976045,Netherlands,Spain,1944.74,EUR,RTGS,11.39,Low,False,Yes
TX-100104,2024-09-20 06:06:45.976045,India,USA,6291.31,INR,Wire,51.33,Medium,False,Yes
TX-100105,2025-03-01 05:35:53.976045,India,India,88819.23,INR,RTGS,52.11,Medium,False,Yes
TX-100106,2024-11-24 07:23:12.976045,Canada,France,86900.19,CAD,SWIFT,97.17,High,True,Yes
TX-100107,2025-02-26 01:24:56.976045,China,South Africa,35791.37,CNY,SWIFT,65.5,Medium,False,Yes
TX-100108,2024-08-10 18:55:53.976045,India,Russia,89115.96,INR,ACH,28.78,Low,False,Yes
TX-100109,2025-03-04 10:26:52.976045,UK,Canada,59408.14,GBP,SWIFT,24.08,Low,False,Yes
TX-100110,2025-01-18 18:10:22.976045,Japan,USA,80609.97,JPY,SEPA,12.82,Low,False,Yes
TX-100111,2024-07-22 18:50:53.976045,Brazil,UK,42800.36,BRL,RTGS,75.65,High,True,Yes
TX-100112,2024-07-23 16:15:44.977046,Germany,Australia,11428.49,EUR,SEPA,69.08,Medium,False,Yes
TX-100113,2024-08-14 21:51:00.977046,UK,Italy,43429.33,GBP,SEPA,60.99,Medium,False,Yes
TX-100114,2025-01-09 00:10:48.977046,Australia,Australia,45784.25,AUD,ACH,4.08,Low,False,Yes
TX-100115,2024-12-05 04:46:25.977046,Italy,France,55139.32,EUR,Wire,76.28,High,True,Yes
TX-100116,2024-08-07 20:18:33.977046,France,Australia,10647.71,EUR,RTGS,64.19,Medium,False,Yes
TX-100117,2024-05-15 16:19:51.977046,Netherlands,Brazil,99141.05,EUR,SEPA,96.39,High,True,Yes
TX-100118,2025-01-14 21:34:34.977046,India,South Africa,24489.27,INR,ACH,58.72,Medium,False,Yes
TX-100119,2024-04-23 00:03:17.977046,Brazil,Netherlands,19935.39,BRL,SWIFT,30.4,Low,False,Yes
TX-100120,2024-03-25 17:49:02.977046,Japan,Japan,52727.61,JPY,Wire,38.15,Low,False,Yes
TX-100121,2024-06-24 03:36:24.977046,Germany,Germany,53767.1,EUR,ACH,17.58,Low,False,Yes
TX-100122,2025-01-15 06:02:29.977046,India,Italy,44038.09,INR,SEPA,72.29,High,True,Yes
TX-100123,2024-07-25 17:00:41.977046,Spain,India,77212.03,EUR,ACH,70.77,High,True,Yes
TX-100124,2024-08-16 08:09:42.977046,Russia,Brazil,51713.77,RUB,SEPA,20.07,Low,False,Yes
TX-100125,2024-07-10 19:20:16.977046,South Africa,Italy,61008.58,ZAR,SWIFT,15.85,Low,False,Yes
TX-100126,2024-07-08 00:50:53.977046,South Africa,Australia,72402.26,ZAR,RTGS,7.7,Low,False,Yes
TX-100127,2024-06-29 08:46:49.977046,USA,France,2600.01,USD,RTGS,91.2,High,True,Yes
TX-100128,2024-11-26 05:11:36.977046,Germany,UK,57107.35,EUR,SWIFT,23.31,Low,False,Yes
TX-100129,2024-07-06 16:28:19.977046,Russia,Japan,88431.03,RUB,SEPA,34.42,Low,False,Yes
TX-100130,2024-06-23 16:22:22.977046,USA,Russia,1837.14,USD,ACH,28.05,Low,False,Yes
TX-100131,2025-03-01 10:47:19.977046,South Africa,Italy,40577.69,ZAR,SWIFT,41.36,Medium,False,Yes
TX-100132,2025-02-18 13:17:27.977046,Spain,USA,92630.12,EUR,Wire,71.4,High,True,Yes
TX-100133,2025-01-21 08:44:37.977046,Italy,France,35380.12,EUR,SWIFT,87.06,High,True,Yes
TX-100134,2024-09-02 02:26:49.977046,France,Netherlands,45927.01,EUR,SEPA,18.26,Low,False,Yes
TX-100135,2024-12-30 16:52:09.977046,Canada,South Africa,98155.99,CAD,ACH,68.64,Medium,False,Yes
TX-100136,2024-07-30 11:16:53.977046,Germany,Australia,20012.45,EUR,RTGS,35.26,Low,False,Yes
TX-100137,2024-04-19 11:13:53.977046,Netherlands,Italy,6618.99,EUR,SWIFT,98.05,High,True,Yes
TX-100138,2024-04-07 17:40:35.977046,China,India,85956.32,CNY,Wire,29.89,Low,False,Yes
TX-100139,2024-08-22 13:57:31.977046,Netherlands,Spain,86859.69,EUR,RTGS,0.72,Low,False,Yes
TX-100140,2024-11-01 16:42:58.977046,Brazil,Japan,47260.58,BRL,ACH,51.56,Medium,False,Yes
TX-100141,2024-05-07 12:55:55.977046,Spain,India,51469.3,EUR,ACH,15.07,Low,False,Yes
TX-100142,2024-12-05 21:14:40.977046,Germany,USA,83597.06,EUR,Wire,4.45,Low,False,Yes
TX-100143,2024-04-13 05:28:39.977046,India,Canada,73882.09,INR,ACH,69.83,Medium,False,Yes
TX-100144,2024-12-19 06:46:27.977046,Australia,Netherlands,26588.39,AUD,ACH,73.23,High,True,Yes
TX-100145,2024-06-22 02:48:52.977046,Italy,Japan,1787.65,EUR,RTGS,46.07,Medium,False,Yes
TX-100146,2025-01-28 12:28:05.977046,Netherlands,India,48022.05,EUR,Wire,67.69,Medium,False,Yes
TX-100147,2024-08-11 07:32:57.977046,Netherlands,Spain,85905.34,EUR,RTGS,53.82,Medium,False,Yes
TX-100148,2024-04-21 12:14:46.977046,India,Russia,89593.88,INR,ACH,62.98,Medium,False,Yes
TX-100149,2024-09-04 20:55:31.977046,Australia,Italy,95627.0,AUD,Wire,59.67,Medium,False,Yes
TX-100150,2024-05-02 01:49:14.977046,UK,China,87968.37,GBP,ACH,66.58,Medium,False,Yes
TX-100151,2024-03-23 04:52:24.977046,France,Netherlands,58046.35,EUR,SEPA,19.96,Low,False,Yes
TX-100152,2024-11-05 01:09:30.977046,UK,India,44516.1,GBP,SEPA,26.87,Low,False,Yes
TX-100153,2024-12-21 16:42:42.977046,Germany,Russia,77507.5,EUR,Wire,44.0,Medium,False,Yes
TX-100154,2025-01-13 04:19:38.977046,Brazil,France,74008.18,BRL,ACH,44.61,Medium,False,Yes
TX-100155,2024-06-20 10:09:37.977046,Japan,Spain,53860.53,JPY,ACH,77.44,High,True,Yes
TX-100156,2024-07-11 10:01:08.977046,Japan,France,8824.0,JPY,Wire,36.74,Low,False,Yes
TX-100157,2024-11-24 17:27:24.977046,France,France,92615.53,EUR,RTGS,16.25,Low,False,Yes
TX-100158,2024-08-25 15:27:36.977046,Brazil,South Africa,45614.69,BRL,Wire,25.15,Low,False,Yes
TX-100159,2024-07-22 23:09:43.977046,China,Canada,36397.04,CNY,SEPA,21.47,Low,False,Yes
TX-100160,2024-12-23 00:51:27.977046,Italy,France,62993.78,EUR,RTGS,73.17,High,True,Yes
TX-100161,2024-10-25 22:10:35.977046,Netherlands,India,67416.41,EUR,SEPA,47.03,Medium,False,Yes
TX-100162,2024-05-14 06:10:27.977046,China,China,21147.72,CNY,SEPA,70.86,High,True,Yes
TX-100163,2024-12-22 12:02:13.977046,Italy,Italy,83710.19,EUR,SWIFT,41.62,Medium,False,Yes
TX-100164,2025-02-21 20:46:52.977046,Spain,Australia,29064.72,EUR,SEPA,88.97,High,True,Yes
TX-100165,2024-07-22 14:33:36.977046,Germany,South Africa,18749.72,EUR,RTGS,98.35,High,True,Yes
TX-100166,2024-12-14 23:28:13.977046,UK,India,40699.35,GBP,Wire,66.98,Medium,False,Yes
TX-100167,2025-01-10 13:26:51.977046,Japan,Brazil,73082.95,JPY,Wire,86.38,High,True,Yes
TX-100168,2024-09-09 06:58:10.977046,Australia,Germany,96549.27,AUD,ACH,50.79,Medium,False,Yes
TX-100169,2024-09-02 21:05:32.977046,Canada,Brazil,80947.2,CAD,Wire,93.46,High,True,Yes
TX-100170,2024-04-12 05:55:35.977046,South Africa,India,94040.8,ZAR,RTGS,83.16,High,True,Yes
TX-100171,2024-03-30 11:17:38.977046,USA,China,14146.52,USD,SWIFT,99.18,High,True,Yes
TX-100172,2024-04-05 16:25:10.977046,Russia,South Africa,7210.56,RUB,SWIFT,62.31,Medium,False,Yes
TX-100173,2024-12-05 17:36:37.977046,Canada,Germany,55814.71,CAD,SWIFT,77.92,High,True,Yes
TX-100174,2024-08-06 07:15:08.977046,UK,Japan,29100.72,GBP,Wire,54.29,Medium,False,Yes
TX-100175,2024-08-06 19:29:05.977046,India,Spain,82822.69,INR,SEPA,25.91,Low,False,Yes
TX-100176,2025-03-06 13:36:39.977046,UK,India,67231.59,GBP,Wire,35.48,Low,False,Yes
TX-100177,2024-12-29 18:48:28.977046,South Africa,Brazil,97075.74,ZAR,Wire,89.4,High,True,Yes
TX-100178,2025-02-22 06:27:43.977046,India,UK,25553.76,INR,SEPA,5.59,Low,False,Yes
TX-100179,2024-05-19 05:44:02.977046,Italy,Spain,48629.83,EUR,Wire,59.15,Medium,False,Yes
TX-100180,2024-08-14 07:12:31.977046,China,Japan,50173.92,CNY,ACH,37.25,Low,False,Yes
TX-100181,2024-05-14 07:30:03.977046,Canada,USA,23993.76,CAD,Wire,38.67,Low,False,Yes
TX-100182,2025-01-16 11:17:35.977046,Italy,India,59050.33,EUR,RTGS,88.46,High,True,Yes
TX-100183,2025-02-06 06:29:08.977046,Italy,USA,44384.27,EUR,ACH,85.38,High,True,Yes
TX-100184,2024-05-09 20:01:20.977046,China,Russia,44727.48,CNY,SWIFT,59.88,Medium,False,Yes
TX-100185,2024-06-26 14:01:17.977046,Australia,Canada,36337.39,AUD,RTGS,27.29,Low,False,Yes
TX-100186,2024-05-08 16:36:33.977046,Japan,USA,1791.24,JPY,Wire,47.55,Medium,False,Yes
TX-100187,2024-07-03 06:46:03.977046,France,Italy,52257.31,EUR,ACH,40.83,Medium,False,Yes
TX-100188,2025-03-17 07:57:57.977046,Japan,Canada,33591.26,JPY,ACH,35.36,Low,False,Yes
TX-100189,2025-03-02 11:07:00.977046,Russia,Japan,231.85,RUB,SWIFT,10.28,Low,False,Yes
TX-100190,2025-03-07 02:47:56.977046,USA,Canada,30863.58,USD,RTGS,54.31,Medium,False,Yes
TX-100191,2025-01-18 20:29:21.977046,India,India,27934.97,INR,ACH,30.18,Low,False,Yes
TX-100192,2024-07-01 14:59:15.977046,Brazil,Australia,39405.47,BRL,RTGS,66.08,Medium,False,Yes
TX-100193,2024-08-11 12:16:29.977046,Canada,Spain,13272.01,CAD,Wire,31.92,Low,False,Yes
TX-100194,2025-01-30 13:52:56.977046,India,Germany,50817.61,INR,SEPA,43.12,Medium,False,Yes
TX-100195,2024-06-16 22:58:07.977046,Netherlands,Brazil,69274.79,EUR,SEPA,5.24,Low,False,Yes
TX-100196,2024-11-01 00:42:39.977046,Japan,France,63055.54,JPY,Wire,99.25,High,True,Yes
TX-100197,2024-07-11 17:24:51.977046,South Africa,France,80395.12,ZAR,Wire,50.76,Medium,False,Yes
TX-100198,2024-12-20 16:04:52.977046,France,Germany,45255.63,EUR,SWIFT,2.42,Low,False,Yes
TX-100199,2024-07-24 10:15:59.977046,South Africa,USA,51957.26,ZAR,RTGS,54.12,Medium,False,Yes
TX-100200,2024-07-16 20:27:18.977046,India,USA,81059.15,INR,SWIFT,87.04,High,True,Yes
TX-100201,2024-11-11 04:35:17.977046,Spain,China,42827.35,EUR,ACH,77.26,High,True,Yes
TX-100202,2024-07-20 17:12:59.977046,Canada,Canada,70189.78,CAD,Wire,70.09,High,True,Yes
TX-100203,2024-05-03 21:19:58.977046,France,USA,43516.78,EUR,SWIFT,13.95,Low,False,Yes
TX-100204,2024-11-08 16:41:25.977046,Italy,China,41831.85,EUR,SEPA,65.77,Medium,False,Yes
TX-100205,2024-09-22 06:32:44.977046,UK,India,76044.54,GBP,Wire,76.63,High,True,Yes
TX-100206,2024-09-24 18:26:44.977046,Australia,Netherlands,17566.21,AUD,ACH,57.24,Medium,False,Yes
TX-100207,2024-05-25 08:19:40.977046,USA,Russia,33924.74,USD,RTGS,89.27,High,True,Yes
TX-100208,2024-06-01 10:25:57.977046,Brazil,Germany,22494.81,BRL,SWIFT,27.7,Low,False,Yes
TX-100209,2024-06-11 15:16:46.977046,Netherlands,China,35975.08,EUR,RTGS,24.21,Low,False,Yes
TX-100210,2024-12-27 08:48:51.977046,Brazil,India,23114.44,BRL,SEPA,86.96,High,True,Yes
TX-100211,2024-10-23 06:51:22.977046,France,Canada,57982.62,EUR,SWIFT,62.54,Medium,False,Yes
TX-100212,2024-05-03 13:39:34.977046,Japan,Brazil,79837.26,JPY,Wire,0.14,Low,False,Yes
TX-100213,2024-06-19 13:38:43.977046,South Africa,Canada,78682.64,ZAR,ACH,35.31,Low,False,Yes
TX-100214,2024-10-07 03:57:41.977046,UK,Canada,36513.65,GBP,ACH,85.79,High,True,Yes
TX-100215,2024-10-21 01:33:09.977046,Japan,Russia,98877.16,JPY,RTGS,2.73,Low,False,Yes
TX-100216,2025-02-21 09:11:34.977046,Netherlands,China,59426.05,EUR,ACH,0.32,Low,False,Yes
TX-100217,2024-11-26 08:10:43.977046,Canada,UK,40000.09,CAD,Wire,28.13,Low,False,Yes
TX-100218,2025-03-08 23:09:48.977046,Russia,Italy,83570.37,RUB,ACH,91.4,High,True,Yes
TX-100219,2024-11-21 22:09:51.977046,India,India,73014.41,INR,SEPA,90.15,High,True,Yes
TX-100220,2024-11-18 10:45:27.977046,France,South Africa,74952.61,EUR,RTGS,51.88,Medium,False,Yes
TX-100221,2024-09-13 02:55:00.977046,Russia,Netherlands,19694.32,RUB,Wire,55.32,Medium,False,Yes
TX-100222,2024-11-21 18:29:25.978041,India,India,46885.6,INR,RTGS,33.2,Low,False,Yes
TX-100223,2024-11-29 03:25:17.978041,Japan,China,86196.63,JPY,SEPA,24.37,Low,False,Yes
TX-100224,2025-02-04 20:18:26.978041,China,South Africa,50453.4,CNY,Wire,81.52,High,True,Yes
TX-100225,2024-03-20 23:26:45.978041,Germany,UK,68376.93,EUR,Wire,10.63,Low,False,Yes
TX-100226,2024-12-22 07:47:01.978041,UK,Netherlands,58834.58,GBP,Wire,48.74,Medium,False,Yes
TX-100227,2024-11-19 00:21:59.978041,Spain,Canada,84251.44,EUR,SWIFT,63.44,Medium,False,Yes
TX-100228,2024-08-24 08:40:32.978041,South Africa,Brazil,28527.63,ZAR,Wire,10.37,Low,False,Yes
TX-100229,2025-02-19 20:46:53.978041,UK,UK,57589.98,GBP,SWIFT,51.96,Medium,False,Yes
TX-100230,2024-09-10 19:04:40.978041,Japan,France,12411.14,JPY,ACH,57.75,Medium,False,Yes
TX-100231,2024-04-18 16:52:22.978041,South Africa,France,69052.06,ZAR,RTGS,74.25,High,True,Yes
TX-100232,2024-09-12 02:24:06.978041,Netherlands,Australia,73223.59,EUR,Wire,23.48,Low,False,Yes
TX-100233,2024-09-01 11:03:11.978041,Japan,India,4379.45,JPY,SWIFT,29.33,Low,False,Yes
TX-100234,2024-04-28 21:31:46.978041,Netherlands,Netherlands,67611.52,EUR,Wire,56.95,Medium,False,Yes
TX-100235,2024-03-29 02:27:16.978041,USA,Canada,41527.55,USD,SWIFT,98.31,High,True,Yes
TX-100236,2025-01-12 19:08:23.978041,China,India,12497.28,CNY,ACH,21.75,Low,False,Yes
TX-100237,2024-11-24 23:21:32.978041,Spain,Australia,42048.76,EUR,SEPA,98.59,High,True,Yes
TX-100238,2025-02-16 22:48:13.978041,Australia,Netherlands,19503.87,AUD,Wire,71.43,High,True,Yes
TX-100239,2024-06-17 20:00:47.978041,USA,France,41614.4,USD,SWIFT,82.61,High,True,Yes
TX-100240,2024-06-15 13:05:39.978041,Canada,South Africa,38495.47,CAD,ACH,8.96,Low,False,Yes
TX-100241,2024-07-09 21:25:00.978041,Netherlands,Italy,73865.32,EUR,SWIFT,30.04,Low,False,Yes
TX-100242,2024-09-29 14:44:47.978041,Spain,Brazil,77444.13,EUR,SWIFT,5.77,Low,False,Yes
TX-100243,2024-07-08 23:00:34.978041,Netherlands,Netherlands,60742.16,EUR,ACH,37.15,Low,False,Yes
TX-100244,2024-05-30 15:52:34.978041,Russia,India,2366.42,RUB,Wire,98.13,High,True,Yes
TX-100245,2024-10-20 08:37:14.978041,South Africa,South Africa,93109.13,ZAR,SEPA,10.53,Low,False,Yes
TX-100246,2024-11-21 04:06:07.978041,France,South Africa,68654.7,EUR,ACH,56.24,Medium,False,Yes
TX-100247,2025-03-08 21:00:30.978041,Germany,Spain,3516.13,EUR,SWIFT,0.61,Low,False,Yes
TX-100248,2024-09-25 14:49:44.978041,USA,France,81901.41,USD,ACH,71.27,High,True,Yes
TX-100249,2024-04-22 02:16:23.978041,Germany,UK,20106.59,EUR,SWIFT,19.72,Low,False,Yes
TX-100250,2024-06-21 08:09:33.978041,Netherlands,South Africa,57964.2,EUR,RTGS,12.96,Low,False,Yes
TX-100251,2024-08-14 17:48:19.978041,China,Canada,46716.77,CNY,ACH,33.7,Low,False,Yes
TX-100252,2024-10-27 08:50:18.978041,Canada,France,42041.89,CAD,SEPA,77.1,High,True,Yes
TX-100253,2024-12-10 01:49:10.978041,Canada,South Africa,88982.4,CAD,SWIFT,10.66,Low,False,Yes
TX-100254,2024-09-16 11:32:02.978041,Brazil,USA,43792.39,BRL,SWIFT,22.98,Low,False,Yes
TX-100255,2024-12-21 10:46:32.978041,Australia,Italy,7626.88,AUD,ACH,0.85,Low,False,Yes
TX-100256,2025-03-13 07:03:31.978041,Russia,Italy,94669.21,RUB,SWIFT,96.84,High,True,Yes
TX-100257,2024-12-14 19:45:39.978041,Canada,Spain,92061.47,CAD,SWIFT,59.21,Medium,False,Yes
TX-100258,2024-06-09 04:48:21.978041,South Africa,USA,68474.83,ZAR,ACH,71.99,High,True,Yes
TX-100259,2024-10-20 05:47:39.978041,Japan,France,46842.46,JPY,ACH,65.14,Medium,False,Yes
TX-100260,2024-09-20 02:51:36.978041,South Africa,Russia,9376.66,ZAR,SEPA,14.44,Low,False,Yes
TX-100261,2024-09-10 13:50:01.978041,UK,France,79095.74,GBP,ACH,59.49,Medium,False,Yes
TX-100262,2024-11-04 22:33:28.978041,UK,UK,7640.24,GBP,Wire,13.14,Low,False,Yes
TX-100263,2024-06-01 11:10:38.978041,India,Australia,6953.24,INR,SEPA,40.12,Medium,False,Yes
TX-100264,2024-12-26 14:42:59.978041,Australia,Canada,53784.65,AUD,ACH,56.9,Medium,False,Yes
TX-100265,2024-10-26 09:47:17.978041,Japan,Australia,16096.81,JPY,RTGS,55.89,Medium,False,Yes
TX-100266,2024-05-08 06:47:20.978041,UK,Netherlands,872.25,GBP,ACH,11.91,Low,False,Yes
TX-100267,2024-08-07 18:51:12.978041,France,Germany,42369.03,EUR,ACH,3.44,Low,False,Yes
TX-100268,2024-05-09 08:35:08.978041,Japan,China,13808.0,JPY,RTGS,79.82,High,True,Yes
TX-100269,2024-08-07 23:18:54.978041,Russia,Italy,16135.49,RUB,SEPA,72.59,High,True,Yes
TX-100270,2024-04-25 15:06:58.978041,China,UK,7783.37,CNY,SWIFT,8.18,Low,False,Yes
TX-100271,2024-09-13 21:44:47.978041,Italy,India,20588.87,EUR,Wire,12.74,Low,False,Yes
TX-100272,2024-09-18 18:51:56.978041,Germany,Australia,71576.87,EUR,RTGS,89.26,High,True,Yes
TX-100273,2024-10-25 18:21:30.978041,Netherlands,Canada,80911.84,EUR,SEPA,76.91,High,True,Yes
TX-100274,2024-08-27 02:20:44.978041,Japan,UK,45308.11,JPY,SWIFT,99.62,High,True,Yes
TX-100275,2024-10-23 17:39:03.978041,South Africa,Japan,50704.73,ZAR,RTGS,25.4,Low,False,Yes
TX-100276,2024-11-11 11:50:09.978041,Brazil,South Africa,3362.24,BRL,RTGS,48.78,Medium,False,Yes
TX-100277,2024-03-25 22:19:27.978041,Brazil,Italy,7024.69,BRL,SWIFT,23.65,Low,False,Yes
TX-100278,2024-11-25 04:03:23.978041,Germany,Germany,25831.02,EUR,SEPA,62.28,Medium,False,Yes
TX-100279,2024-03-23 21:46:59.978041,Brazil,China,54435.45,BRL,ACH,11.54,Low,False,Yes
TX-100280,2024-08-05 05:44:45.978041,France,India,73981.16,EUR,ACH,12.72,Low,False,Yes
TX-100281,2024-09-03 09:13:18.978041,Italy,Canada,60539.81,EUR,SWIFT,7.19,Low,False,Yes
TX-100282,2024-12-24 21:03:27.978041,India,Netherlands,39273.57,INR,ACH,69.36,Medium,False,Yes
TX-100283,2024-09-27 14:56:42.978041,India,Australia,11920.57,INR,RTGS,49.41,Medium,False,Yes
TX-100284,2024-04-15 06:57:15.978041,Spain,Brazil,78099.25,EUR,RTGS,61.77,Medium,False,Yes
TX-100285,2025-02-18 23:37:17.978041,Australia,France,36442.23,AUD,ACH,87.93,High,True,Yes
TX-100286,2025-03-16 23:06:14.978041,Netherlands,Canada,73631.8,EUR,Wire,74.03,High,True,Yes
TX-100287,2025-02-22 07:49:56.978041,Japan,USA,51346.59,JPY,RTGS,46.17,Medium,False,Yes
TX-100288,2025-02-07 02:03:42.978041,Australia,Canada,73892.34,AUD,SWIFT,98.44,High,True,Yes
TX-100289,2025-01-12 01:44:11.978041,Canada,Canada,90738.23,CAD,ACH,45.63,Medium,False,Yes
TX-100290,2024-11-23 21:16:52.978041,Germany,China,92110.85,EUR,SWIFT,11.25,Low,False,Yes
TX-100291,2024-12-17 11:47:46.978041,Germany,Brazil,53557.17,EUR,SEPA,99.27,High,True,Yes
TX-100292,2025-03-15 23:12:12.978041,Canada,France,51199.69,CAD,ACH,2.28,Low,False,Yes
TX-100293,2024-06-15 22:47:11.978041,Spain,South Africa,26641.28,EUR,Wire,54.99,Medium,False,Yes
TX-100294,2025-02-25 20:03:47.978041,USA,Australia,93586.4,USD,Wire,30.91,Low,False,Yes
TX-100295,2024-09-05 17:04:50.978041,China,USA,45846.12,CNY,RTGS,50.36,Medium,False,Yes
TX-100296,2024-11-13 18:22:57.978041,Japan,Netherlands,12846.36,JPY,SWIFT,55.87,Medium,False,Yes
TX-100297,2024-07-21 00:11:37.978041,Germany,Australia,43327.22,EUR,SEPA,24.01,Low,False,Yes
TX-100298,2025-01-27 22:50:12.979041,China,UK,12792.62,CNY,SWIFT,55.69,Medium,False,Yes
TX-100299,2025-03-13 03:41:00.979041,Germany,India,50302.92,EUR,SEPA,75.61,High,True,Yes
TX-100300,2024-03-18 02:40:40.979041,USA,India,56171.42,USD,RTGS,26.65,Low,False,Yes
TX-100301,2025-02-28 08:52:51.979041,Canada,USA,33841.8,CAD,ACH,38.34,Low,False,Yes
TX-100302,2024-09-23 23:32:38.979041,Brazil,Netherlands,7257.9,BRL,ACH,26.82,Low,False,Yes
TX-100303,2025-01-23 14:46:30.979041,India,USA,94356.0,INR,RTGS,82.06,High,True,Yes
TX-100304,2024-07-12 10:33:03.979041,USA,India,77357.98,USD,SEPA,72.5,High,True,Yes
TX-100305,2024-04-29 22:04:02.979041,Germany,Italy,83904.22,EUR,RTGS,87.12,High,True,Yes
TX-100306,2025-01-27 21:28:21.979041,Canada,France,36750.15,CAD,Wire,17.0,Low,False,Yes
TX-100307,2024-10-16 08:53:04.979041,Netherlands,UK,76107.02,EUR,ACH,7.36,Low,False,Yes
TX-100308,2024-11-23 21:47:54.979041,USA,Brazil,48588.75,USD,Wire,11.94,Low,False,Yes
TX-100309,2024-08-28 00:11:36.979041,Russia,Spain,20188.24,RUB,ACH,16.1,Low,False,Yes
TX-100310,2024-04-06 11:41:08.979041,Spain,Netherlands,12529.9,EUR,Wire,53.31,Medium,False,Yes
TX-100311,2024-11-05 06:21:10.979041,Canada,Italy,34570.58,CAD,SWIFT,97.09,High,True,Yes
TX-100312,2024-03-31 06:23:00.979041,Japan,China,13841.46,JPY,SEPA,35.72,Low,False,Yes
TX-100313,2024-03-18 10:53:28.979041,Germany,USA,99827.07,EUR,SEPA,95.85,High,True,Yes
TX-100314,2024-08-08 03:16:12.979041,France,Japan,5013.98,EUR,ACH,3.82,Low,False,Yes
TX-100315,2024-03-28 18:48:37.979041,India,Brazil,44170.25,INR,ACH,92.69,High,True,Yes
TX-100316,2024-12-13 21:43:09.979041,Australia,South Africa,45264.14,AUD,Wire,18.12,Low,False,Yes
TX-100317,2025-03-09 22:25:01.979041,Germany,Australia,30133.13,EUR,SWIFT,91.25,High,True,Yes
TX-100318,2024-08-20 00:00:45.979041,Japan,Australia,57178.02,JPY,ACH,5.62,Low,False,Yes
TX-100319,2024-07-17 04:39:29.979041,UK,Italy,15082.7,GBP,ACH,94.82,High,True,Yes
TX-100320,2024-08-28 08:51:11.979041,Brazil,Italy,78412.85,BRL,SWIFT,20.08,Low,False,Yes
TX-100321,2024-07-31 15:16:47.979041,Netherlands,Russia,33311.53,EUR,SEPA,30.27,Low,False,Yes
TX-100322,2025-01-27 00:37:43.979041,Netherlands,Brazil,59175.12,EUR,RTGS,49.09,Medium,False,Yes
TX-100323,2024-04-13 23:21:37.979041,China,South Africa,71592.36,CNY,SWIFT,38.07,Low,False,Yes
TX-100324,2025-03-08 17:06:17.979041,China,South Africa,88915.31,CNY,Wire,66.75,Medium,False,Yes
TX-100325,2024-09-25 04:59:07.979041,Australia,South Africa,83595.16,AUD,SEPA,97.48,High,True,Yes
TX-100326,2024-08-09 02:20:30.979041,Germany,Canada,60870.07,EUR,RTGS,60.64,Medium,False,Yes
TX-100327,2024-10-15 01:38:09.979041,South Africa,Japan,38900.48,ZAR,SEPA,72.15,High,True,Yes
TX-100328,2024-11-12 14:46:26.979041,Australia,Germany,50370.15,AUD,RTGS,8.8,Low,False,Yes
TX-100329,2024-05-02 04:23:07.979041,South Africa,USA,76896.61,ZAR,RTGS,62.78,Medium,False,Yes
TX-100330,2024-06-07 07:22:00.979041,Italy,Italy,87766.8,EUR,SEPA,45.38,Medium,False,Yes
TX-100331,2024-11-28 11:18:02.979041,Germany,Brazil,10467.81,EUR,SEPA,88.58,High,True,Yes
TX-100332,2025-01-14 12:46:54.979041,Canada,Russia,38547.14,CAD,SEPA,38.82,Low,False,Yes
TX-100333,2024-03-27 15:18:53.979041,Canada,South Africa,77634.05,CAD,SWIFT,67.95,Medium,False,Yes
TX-100334,2024-12-27 22:22:15.979041,India,Australia,43222.01,INR,ACH,22.82,Low,False,Yes
TX-100335,2024-11-23 02:17:14.979041,Italy,Canada,33289.55,EUR,ACH,25.94,Low,False,Yes
TX-100336,2024-07-13 16:02:37.979041,Spain,China,41191.14,EUR,RTGS,37.61,Low,False,Yes
TX-100337,2024-12-31 08:55:55.979041,Italy,Japan,60324.19,EUR,ACH,30.41,Low,False,Yes
TX-100338,2024-05-20 18:05:57.979041,Italy,Netherlands,99980.53,EUR,SEPA,25.39,Low,False,Yes
TX-100339,2024-11-11 09:03:54.979041,Australia,Spain,49349.94,AUD,SEPA,4.97,Low,False,Yes
TX-100340,2024-12-23 16:55:00.979041,Russia,Spain,20928.6,RUB,ACH,83.67,High,True,Yes
TX-100341,2024-10-19 21:24:11.979041,Brazil,India,16368.37,BRL,Wire,6.43,Low,False,Yes
TX-100342,2025-01-26 11:53:36.979041,USA,France,4330.74,USD,SWIFT,88.74,High,True,Yes
TX-100343,2024-09-10 04:41:22.979041,India,Italy,55925.84,INR,RTGS,12.55,Low,False,Yes
TX-100344,2024-06-23 12:50:22.979041,India,USA,54502.75,INR,Wire,6.53,Low,False,Yes
TX-100345,2024-06-23 18:10:44.979041,India,India,20602.87,INR,SEPA,56.3,Medium,False,Yes
TX-100346,2025-01-21 23:52:11.979041,Canada,India,69563.41,CAD,SEPA,50.24,Medium,False,Yes
TX-100347,2024-09-29 18:30:02.979041,USA,Canada,74136.59,USD,ACH,49.12,Medium,False,Yes
TX-100348,2025-03-10 14:09:44.979041,Italy,Spain,25983.91,EUR,RTGS,57.45,Medium,False,Yes
TX-100349,2024-04-08 22:17:46.979041,Brazil,Japan,34475.57,BRL,SEPA,28.71,Low,False,Yes
TX-100350,2024-05-08 18:47:38.979041,Spain,Russia,99048.12,EUR,RTGS,66.29,Medium,False,Yes
TX-100351,2024-10-05 00:42:23.979041,South Africa,Spain,37489.02,ZAR,Wire,50.24,Medium,False,Yes
TX-100352,2024-06-07 19:29:58.979041,Russia,Canada,76104.09,RUB,SWIFT,33.47,Low,False,Yes
TX-100353,2024-06-10 07:25:39.979041,Canada,Russia,45327.27,CAD,RTGS,82.65,High,True,Yes
TX-100354,2024-03-18 04:17:28.979041,Germany,Australia,79355.15,EUR,SWIFT,72.77,High,True,Yes
TX-100355,2024-09-05 20:30:42.979041,Germany,South Africa,76925.42,EUR,ACH,39.36,Low,False,Yes
TX-100356,2024-12-01 21:51:31.979041,Germany,South Africa,66808.83,EUR,RTGS,84.76,High,True,Yes
TX-100357,2024-12-30 01:48:49.979041,Japan,France,85492.36,JPY,RTGS,92.03,High,True,Yes
TX-100358,2024-06-19 17:46:21.979041,Australia,India,93927.93,AUD,SWIFT,53.69,Medium,False,Yes
TX-100359,2024-04-24 19:47:11.979041,UK,Germany,58040.33,GBP,RTGS,21.5,Low,False,Yes
TX-100360,2024-11-22 07:52:39.979041,Italy,UK,23823.14,EUR,SWIFT,91.58,High,True,Yes
TX-100361,2024-07-13 05:37:44.979041,UK,Japan,39923.03,GBP,SWIFT,18.95,Low,False,Yes
TX-100362,2025-01-17 02:04:33.979041,France,USA,75854.74,EUR,ACH,4.84,Low,False,Yes
TX-100363,2024-05-10 12:18:25.979041,Australia,Italy,65123.26,AUD,Wire,32.75,Low,False,Yes
TX-100364,2024-10-25 02:12:48.979041,Germany,India,17862.05,EUR,Wire,72.7,High,True,Yes
TX-100365,2025-01-24 06:43:33.979041,Russia,Germany,5218.83,RUB,ACH,92.33,High,True,Yes
TX-100366,2024-11-26 21:15:00.980062,Netherlands,France,68327.86,EUR,SWIFT,63.73,Medium,False,Yes
TX-100367,2024-10-09 16:06:34.980062,Canada,Brazil,25182.79,CAD,ACH,95.18,High,True,Yes
TX-100368,2025-02-21 13:20:51.980062,Australia,Italy,50017.06,AUD,SEPA,9.24,Low,False,Yes
TX-100369,2024-05-22 06:40:24.980062,South Africa,Netherlands,74700.0,ZAR,SEPA,6.08,Low,False,Yes
TX-100370,2024-06-28 14:20:59.980062,Russia,Canada,56310.41,RUB,SWIFT,60.42,Medium,False,Yes
TX-100371,2024-09-25 13:35:29.980062,Russia,India,8421.93,RUB,SEPA,96.61,High,True,Yes
TX-100372,2024-10-28 17:41:31.980062,Japan,Brazil,18639.47,JPY,Wire,50.27,Medium,False,Yes
TX-100373,2025-01-17 07:08:55.980062,Canada,Spain,22010.89,CAD,SWIFT,5.15,Low,False,Yes
TX-100374,2025-02-17 17:41:23.980062,USA,Australia,25860.64,USD,SWIFT,22.12,Low,False,Yes
TX-100375,2025-02-14 22:15:28.980062,India,Canada,56583.8,INR,SWIFT,24.48,Low,False,Yes
TX-100376,2025-01-19 06:35:55.980062,Japan,Netherlands,50446.18,JPY,ACH,33.79,Low,False,Yes
TX-100377,2025-02-15 11:15:15.980062,Russia,India,20395.69,RUB,ACH,4.36,Low,False,Yes
TX-100378,2024-11-19 06:17:51.980062,USA,Australia,6848.73,USD,Wire,90.49,High,True,Yes
TX-100379,2024-05-07 03:43:50.980062,Canada,Brazil,17226.08,CAD,SWIFT,51.56,Medium,False,Yes
TX-100380,2024-07-28 02:49:13.980062,Netherlands,Germany,98439.69,EUR,SWIFT,67.09,Medium,False,Yes
TX-100381,2024-08-02 07:10:21.980062,South Africa,UK,46907.84,ZAR,SWIFT,6.72,Low,False,Yes
TX-100382,2025-02-09 21:18:25.980062,Russia,USA,86747.82,RUB,SEPA,5.41,Low,False,Yes
TX-100383,2025-02-20 12:10:19.980062,Germany,Germany,84890.37,EUR,Wire,58.65,Medium,False,Yes
TX-100384,2024-05-08 17:18:31.980062,UK,USA,51200.8,GBP,SWIFT,88.73,High,True,Yes
TX-100385,2024-10-08 01:55:28.980062,Italy,Brazil,70698.1,EUR,SWIFT,52.85,Medium,False,Yes
TX-100386,2024-04-28 19:05:57.980062,Australia,China,19355.93,AUD,RTGS,87.78,High,True,Yes
TX-100387,2024-07-05 20:31:26.980062,Australia,Germany,68870.83,AUD,ACH,81.1,High,True,Yes
TX-100388,2024-08-15 14:11:01.980062,Germany,Australia,27311.22,EUR,Wire,7.59,Low,False,Yes
TX-100389,2024-06-19 17:27:12.980062,Russia,Italy,83223.0,RUB,SEPA,20.2,Low,False,Yes
TX-100390,2024-03-25 07:56:25.980062,Italy,Canada,8464.04,EUR,SWIFT,65.77,Medium,False,Yes
TX-100391,2025-03-12 03:13:02.980062,Netherlands,South Africa,77336.55,EUR,ACH,44.35,Medium,False,Yes
TX-100392,2024-09-28 15:02:29.980062,USA,Japan,10083.7,USD,Wire,29.07,Low,False,Yes
TX-100393,2024-09-28 01:02:56.980062,UK,India,88130.8,GBP,SEPA,41.86,Medium,False,Yes
TX-100394,2024-06-18 12:47:19.980062,Italy,France,30490.03,EUR,RTGS,44.52,Medium,False,Yes
TX-100395,2024-05-16 18:54:16.980062,USA,Australia,65473.9,USD,SEPA,91.06,High,True,Yes
TX-100396,2024-12-19 01:56:50.980062,Italy,Japan,48801.48,EUR,SWIFT,10.35,Low,False,Yes
TX-100397,2024-04-08 13:46:34.980062,France,Russia,36693.68,EUR,SEPA,27.97,Low,False,Yes
TX-100398,2025-02-05 20:27:29.980062,Netherlands,South Africa,64579.64,EUR,SEPA,53.76,Medium,False,Yes
TX-100399,2025-02-26 06:08:07.980062,South Africa,Australia,94757.55,ZAR,SEPA,69.83,Medium,False,Yes
TX-100400,2024-06-03 14:29:20.980062,South Africa,USA,4222.85,ZAR,SWIFT,63.06,Medium,False,Yes
TX-100401,2024-05-28 22:14:23.980062,Australia,USA,91893.4,AUD,Wire,94.16,High,True,Yes
TX-100402,2024-11-20 22:01:56.980062,France,Spain,60947.26,EUR,SEPA,79.56,High,True,Yes
TX-100403,2024-07-16 03:46:03.980062,Italy,USA,80750.7,EUR,SWIFT,55.71,Medium,False,Yes
TX-100404,2024-11-11 07:13:07.980062,Brazil,Spain,38449.11,BRL,ACH,21.47,Low,False,Yes
TX-100405,2024-07-01 21:06:44.980062,Brazil,South Africa,47237.11,BRL,SWIFT,45.09,Medium,False,Yes
TX-100406,2024-05-04 06:25:38.980062,South Africa,Brazil,86898.19,ZAR,SEPA,69.34,Medium,False,Yes
TX-100407,2025-02-17 09:37:13.980062,Japan,USA,41543.31,JPY,ACH,83.8,High,True,Yes
TX-100408,2024-11-29 08:15:41.980062,India,Italy,53512.49,INR,ACH,95.97,High,True,Yes
TX-100409,2024-07-08 13:54:16.980062,Brazil,Canada,2117.47,BRL,SEPA,60.55,Medium,False,Yes
TX-100410,2024-11-24 15:50:44.980062,Australia,Germany,15943.94,AUD,RTGS,52.69,Medium,False,Yes
TX-100411,2024-07-21 15:46:37.980062,UK,South Africa,64204.48,GBP,SEPA,1.77,Low,False,Yes
TX-100412,2024-10-16 18:10:59.980062,Germany,India,71725.99,EUR,RTGS,7.21,Low,False,Yes
TX-100413,2024-04-14 12:13:48.980062,France,India,58301.83,EUR,Wire,15.61,Low,False,Yes
TX-100414,2024-06-03 04:03:09.980062,Germany,Japan,14416.67,EUR,ACH,5.48,Low,False,Yes
TX-100415,2025-03-16 17:02:43.980062,USA,Australia,44596.0,USD,SEPA,40.09,Medium,False,Yes
TX-100416,2024-09-19 17:11:08.980062,China,India,35573.97,CNY,RTGS,33.69,Low,False,Yes
TX-100417,2024-03-19 20:46:12.980062,Brazil,Russia,49616.57,BRL,Wire,63.74,Medium,False,Yes
TX-100418,2024-11-10 07:13:20.980062,Japan,Russia,87045.87,JPY,SWIFT,53.57,Medium,False,Yes
TX-100419,2024-11-11 10:23:29.980062,USA,Japan,77608.56,USD,RTGS,59.6,Medium,False,Yes
TX-100420,2024-12-16 01:23:36.980062,Brazil,UK,8490.55,BRL,SWIFT,47.2,Medium,False,Yes
TX-100421,2024-04-01 04:36:53.980062,Spain,Brazil,89041.89,EUR,SWIFT,27.77,Low,False,Yes
TX-100422,2024-07-13 18:36:49.980062,USA,China,47229.54,USD,ACH,95.28,High,True,Yes
TX-100423,2024-10-04 16:03:24.980062,USA,Germany,74411.83,USD,ACH,8.64,Low,False,Yes
TX-100424,2024-12-14 17:29:31.980062,China,Netherlands,14089.92,CNY,ACH,93.89,High,True,Yes
TX-100425,2024-07-21 05:04:17.980062,Australia,Canada,67104.88,AUD,RTGS,31.12,Low,False,Yes
TX-100426,2024-04-10 16:45:38.980062,Japan,USA,23708.97,JPY,Wire,51.27,Medium,False,Yes
TX-100427,2024-10-14 17:28:30.980062,Netherlands,Brazil,43894.25,EUR,RTGS,10.88,Low,False,Yes
TX-100428,2024-05-23 17:51:43.980062,Russia,UK,1784.6,RUB,RTGS,7.09,Low,False,Yes
TX-100429,2024-05-23 14:34:54.980062,Japan,Australia,15245.9,JPY,SEPA,42.95,Medium,False,Yes
TX-100430,2024-07-03 23:11:16.981044,UK,India,9298.84,GBP,Wire,74.17,High,True,Yes
TX-100431,2024-10-30 23:00:11.981044,USA,USA,24050.44,USD,SWIFT,26.94,Low,False,Yes
TX-100432,2024-04-19 19:20:52.981044,Japan,Australia,10091.81,JPY,SWIFT,56.23,Medium,False,Yes
TX-100433,2024-12-06 13:21:17.981044,Canada,Netherlands,69221.81,CAD,SEPA,27.87,Low,False,Yes
TX-100434,2024-11-08 11:50:16.981044,Russia,Netherlands,3001.09,RUB,SWIFT,38.86,Low,False,Yes
TX-100435,2024-04-28 08:25:46.981044,UK,China,61812.28,GBP,Wire,90.64,High,True,Yes
TX-100436,2024-03-23 15:16:41.981044,Canada,USA,14156.71,CAD,SWIFT,85.58,High,True,Yes
TX-100437,2024-12-24 05:13:09.981044,China,Germany,94521.63,CNY,ACH,51.6,Medium,False,Yes
TX-100438,2024-10-29 12:47:25.981044,Canada,Brazil,93316.1,CAD,SEPA,23.81,Low,False,Yes
TX-100439,2025-01-25 20:33:22.981044,India,India,22627.76,INR,Wire,19.32,Low,False,Yes
TX-100440,2024-10-31 23:32:46.981044,Russia,UK,61480.69,RUB,ACH,95.41,High,True,Yes
TX-100441,2024-12-30 23:20:27.981044,Germany,USA,2897.73,EUR,SEPA,20.27,Low,False,Yes
TX-100442,2024-12-18 16:12:27.981044,Italy,UK,93185.68,EUR,SWIFT,80.82,High,True,Yes
TX-100443,2024-07-06 23:18:01.981044,Canada,India,52346.43,CAD,SEPA,36.9,Low,False,Yes
TX-100444,2025-03-02 07:21:20.981044,Netherlands,USA,4417.99,EUR,SWIFT,98.57,High,True,Yes
TX-100445,2025-01-29 12:54:27.981044,China,Netherlands,34315.75,CNY,ACH,36.82,Low,False,Yes
TX-100446,2024-06-20 15:33:17.981044,Germany,France,7777.26,EUR,ACH,35.15,Low,False,Yes
TX-100447,2025-01-21 19:23:08.981044,China,Russia,39355.15,CNY,SEPA,63.75,Medium,False,Yes
TX-100448,2024-11-14 16:57:46.981044,China,South Africa,67025.64,CNY,SEPA,96.15,High,True,Yes
TX-100449,2024-04-21 18:17:33.981044,USA,Canada,47042.0,USD,Wire,97.62,High,True,Yes
TX-100450,2024-10-25 20:18:51.981044,China,Australia,38433.85,CNY,ACH,70.72,High,True,Yes
TX-100451,2025-02-02 03:16:09.981044,Canada,China,12003.79,CAD,SEPA,75.46,High,True,Yes
TX-100452,2024-10-22 23:44:48.981044,Italy,UK,24569.41,EUR,SWIFT,56.34,Medium,False,Yes
TX-100453,2024-03-20 15:47:39.981044,India,Russia,10104.31,INR,SWIFT,75.58,High,True,Yes
TX-100454,2024-06-19 15:13:33.981044,China,China,80769.12,CNY,SEPA,85.98,High,True,Yes
TX-100455,2024-05-18 06:36:23.981044,China,Canada,13610.46,CNY,RTGS,48.61,Medium,False,Yes
TX-100456,2025-02-14 18:48:16.981044,Japan,Russia,59577.8,JPY,Wire,61.99,Medium,False,Yes
TX-100457,2024-04-12 04:40:56.981044,Spain,Russia,34339.77,EUR,SEPA,53.73,Medium,False,Yes
TX-100458,2024-09-05 17:33:31.981044,Netherlands,Canada,22675.24,EUR,Wire,56.25,Medium,False,Yes
TX-100459,2024-07-13 09:37:45.981044,France,Canada,63982.9,EUR,ACH,89.0,High,True,Yes
TX-100460,2024-12-17 07:53:29.981044,Germany,Australia,45754.53,EUR,Wire,35.56,Low,False,Yes
TX-100461,2024-10-28 04:25:29.981044,India,China,40074.53,INR,SEPA,20.82,Low,False,Yes
TX-100462,2024-07-08 10:32:06.981044,Brazil,South Africa,59325.92,BRL,Wire,45.63,Medium,False,Yes
TX-100463,2024-06-15 13:33:39.981044,Spain,China,49177.64,EUR,SWIFT,20.81,Low,False,Yes
TX-100464,2025-01-31 03:34:35.981044,Germany,Germany,30418.07,EUR,ACH,49.84,Medium,False,Yes
TX-100465,2025-01-03 16:17:39.981044,France,Canada,55950.22,EUR,SWIFT,90.35,High,True,Yes
TX-100466,2024-08-03 00:43:16.981044,Italy,South Africa,66982.91,EUR,RTGS,61.74,Medium,False,Yes
TX-100467,2025-03-08 04:55:04.981044,UK,Germany,2766.65,GBP,RTGS,85.54,High,True,Yes
TX-100468,2024-08-25 08:15:25.981044,India,Italy,46640.59,INR,SEPA,16.62,Low,False,Yes
TX-100469,2024-03-27 14:35:22.981044,India,Spain,5862.56,INR,SEPA,90.09,High,True,Yes
TX-100470,2024-08-01 16:22:41.981044,France,South Africa,18721.9,EUR,Wire,60.18,Medium,False,Yes
TX-100471,2024-03-29 17:13:49.981044,Australia,Russia,56094.82,AUD,SEPA,3.18,Low,False,Yes
TX-100472,2024-07-25 01:18:49.981044,Spain,Brazil,86632.27,EUR,SEPA,63.31,Medium,False,Yes
TX-100473,2025-01-31 16:08:04.981044,Netherlands,India,88292.29,EUR,SEPA,95.14,High,True,Yes
TX-100474,2024-06-25 21:05:58.981044,South Africa,Italy,7087.41,ZAR,Wire,7.92,Low,False,Yes
TX-100475,2024-12-07 13:55:09.981044,Netherlands,Spain,41968.6,EUR,ACH,58.25,Medium,False,Yes
TX-100476,2024-04-23 23:09:16.981044,Canada,Canada,58342.35,CAD,SEPA,91.55,High,True,Yes
TX-100477,2024-06-19 03:27:00.981044,USA,India,14792.28,USD,ACH,0.97,Low,False,Yes
TX-100478,2025-01-16 14:57:46.981044,Australia,China,76566.68,AUD,Wire,63.09,Medium,False,Yes
TX-100479,2025-01-28 19:09:21.981044,China,Japan,74449.1,CNY,RTGS,47.49,Medium,False,Yes
TX-100480,2024-11-08 03:41:11.981044,China,UK,90343.77,CNY,SEPA,34.7,Low,False,Yes
TX-100481,2025-02-14 10:29:46.982043,Canada,Spain,947.75,CAD,RTGS,62.75,Medium,False,Yes
TX-100482,2024-08-01 09:56:23.982043,Canada,Russia,21746.76,CAD,ACH,5.27,Low,False,Yes
TX-100483,2024-06-01 12:14:00.982043,Japan,South Africa,82735.95,JPY,SEPA,75.31,High,True,Yes
TX-100484,2024-04-20 17:15:57.982043,Germany,Germany,67090.95,EUR,ACH,0.45,Low,False,Yes
TX-100485,2025-01-31 03:57:47.982043,Japan,South Africa,89449.55,JPY,RTGS,30.69,Low,False,Yes
TX-100486,2024-05-15 17:24:53.982043,France,USA,5812.25,EUR,ACH,50.4,Medium,False,Yes
TX-100487,2025-02-28 17:59:09.982043,UK,China,59736.7,GBP,Wire,37.7,Low,False,Yes
TX-100488,2024-12-09 03:22:54.982043,Netherlands,UK,56947.75,EUR,SWIFT,30.75,Low,False,Yes
TX-100489,2024-11-01 00:14:25.982043,Spain,Spain,3663.87,EUR,SEPA,83.08,High,True,Yes
TX-100490,2024-12-27 20:04:26.982043,Netherlands,Canada,51400.86,EUR,RTGS,93.48,High,True,Yes
TX-100491,2024-03-21 21:07:04.982043,Canada,Canada,60991.08,CAD,SEPA,87.37,High,True,Yes
TX-100492,2024-06-02 21:29:13.982043,Netherlands,France,19210.19,EUR,Wire,52.24,Medium,False,Yes
TX-100493,2024-06-13 19:40:02.982043,Germany,UK,27405.63,EUR,SWIFT,88.42,High,True,Yes
TX-100494,2024-04-28 15:06:38.982043,Spain,South Africa,64070.7,EUR,Wire,92.09,High,True,Yes
TX-100495,2025-01-07 08:12:29.982043,France,Italy,46883.26,EUR,ACH,40.92,Medium,False,Yes
TX-100496,2025-01-05 23:53:49.982043,UK,UK,85815.56,GBP,RTGS,28.34,Low,False,Yes
TX-100497,2024-03-31 02:47:33.982043,Australia,Brazil,34303.94,AUD,ACH,9.83,Low,False,Yes
TX-100498,2024-09-12 12:08:02.982043,Russia,Spain,26739.3,RUB,SWIFT,47.91,Medium,False,Yes
TX-100499,2025-03-04 20:55:16.982043,Japan,Japan,98488.11,JPY,RTGS,94.63,High,True,Yes
TX-100500,2024-08-17 10:34:30.982043,Brazil,UK,91122.46,BRL,RTGS,56.09,Medium,False,Yes
TX-100501,2024-10-27 18:53:08.982043,France,Australia,2996.38,EUR,SEPA,66.76,Medium,False,Yes
TX-100502,2025-01-20 01:53:17.982043,China,Germany,77095.79,CNY,SEPA,11.29,Low,False,Yes
TX-100503,2024-06-28 16:52:40.982043,South Africa,Netherlands,11122.44,ZAR,Wire,14.35,Low,False,Yes
TX-100504,2024-04-25 10:30:48.982043,India,China,2845.77,INR,SEPA,46.45,Medium,False,Yes
TX-100505,2024-10-01 07:00:59.982043,Japan,USA,27442.18,JPY,ACH,95.13,High,True,Yes
TX-100506,2024-05-23 14:51:04.982043,USA,UK,27007.65,USD,Wire,36.08,Low,False,Yes
TX-100507,2024-04-28 07:32:41.982043,India,Canada,81949.94,INR,Wire,87.75,High,True,Yes
TX-100508,2024-04-01 11:34:26.982043,Russia,South Africa,71095.66,RUB,SEPA,12.03,Low,False,Yes
TX-100509,2024-12-31 08:15:21.982043,Japan,Russia,98162.78,JPY,SEPA,61.7,Medium,False,Yes
TX-100510,2024-11-02 16:01:04.982043,France,India,71180.14,EUR,ACH,60.06,Medium,False,Yes
TX-100511,2024-08-20 18:45:31.982043,Netherlands,China,41883.73,EUR,Wire,85.99,High,True,Yes
TX-100512,2024-06-22 03:59:30.982043,India,Italy,69922.87,INR,RTGS,0.33,Low,False,Yes
TX-100513,2024-12-31 10:35:21.982043,Canada,South Africa,99945.96,CAD,ACH,18.99,Low,False,Yes
TX-100514,2024-06-11 08:12:23.982043,Netherlands,UK,71043.17,EUR,ACH,21.97,Low,False,Yes
TX-100515,2024-03-27 03:56:54.982043,UK,USA,76191.97,GBP,SEPA,95.0,High,True,Yes
TX-100516,2024-07-13 07:05:22.982043,France,Netherlands,93842.67,EUR,ACH,15.37,Low,False,Yes
TX-100517,2024-08-22 23:57:08.982043,Canada,Australia,11453.76,CAD,ACH,3.7,Low,False,Yes
TX-100518,2024-10-31 11:43:57.982043,Netherlands,Canada,70507.95,EUR,Wire,53.45,Medium,False,Yes
TX-100519,2024-09-16 21:20:45.982043,Canada,USA,85095.52,CAD,RTGS,52.86,Medium,False,Yes
TX-100520,2024-12-02 19:45:24.982043,Brazil,USA,95442.42,BRL,ACH,84.4,High,True,Yes
TX-100521,2025-02-03 16:48:18.982043,Japan,UK,21175.83,JPY,SWIFT,94.89,High,True,Yes
TX-100522,2024-07-24 20:20:20.982043,UK,Netherlands,50442.51,GBP,ACH,53.85,Medium,False,Yes
TX-100523,2024-07-10 02:46:48.982043,France,Canada,68087.43,EUR,ACH,93.0,High,True,Yes
TX-100524,2025-01-03 11:34:17.982043,France,Brazil,24822.03,EUR,SEPA,72.52,High,True,Yes
TX-100525,2024-03-27 19:41:35.982043,China,India,60087.24,CNY,Wire,26.46,Low,False,Yes
TX-100526,2025-03-12 12:57:47.982043,Germany,China,25832.12,EUR,SEPA,92.84,High,True,Yes
TX-100527,2024-07-28 19:22:21.982043,Brazil,Netherlands,33412.36,BRL,ACH,66.74,Medium,False,Yes
TX-100528,2024-04-08 15:59:16.982043,Spain,France,44207.72,EUR,ACH,41.41,Medium,False,Yes
TX-100529,2025-02-26 12:53:39.982043,Germany,Italy,52966.09,EUR,Wire,68.02,Medium,False,Yes
TX-100530,2025-03-14 16:26:25.982043,India,Brazil,44991.65,INR,RTGS,40.13,Medium,False,Yes
TX-100531,2024-10-21 12:50:58.982043,India,South Africa,49370.23,INR,Wire,11.42,Low,False,Yes
TX-100532,2024-06-28 20:35:10.982043,Russia,South Africa,29929.02,RUB,ACH,71.9,High,True,Yes
TX-100533,2024-07-05 23:20:48.982043,France,South Africa,15980.61,EUR,Wire,82.41,High,True,Yes
TX-100534,2025-03-08 14:13:41.982043,Japan,Australia,4830.26,JPY,RTGS,72.88,High,True,Yes
TX-100535,2025-02-04 09:43:06.982043,Australia,Brazil,19678.27,AUD,SEPA,22.91,Low,False,Yes
TX-100536,2025-01-03 15:47:48.982043,France,UK,58236.17,EUR,SWIFT,95.66,High,True,Yes
TX-100537,2024-06-30 23:26:14.982043,Netherlands,Germany,78632.93,EUR,SWIFT,2.53,Low,False,Yes
TX-100538,2024-06-17 09:54:12.982043,Netherlands,UK,17007.83,EUR,Wire,33.27,Low,False,Yes
TX-100539,2024-05-07 04:04:29.982043,Russia,India,10944.68,RUB,RTGS,26.01,Low,False,Yes
TX-100540,2025-01-07 16:48:59.982043,USA,France,74954.11,USD,Wire,4.81,Low,False,Yes
TX-100541,2024-12-08 19:34:20.982043,Canada,Japan,30585.32,CAD,SWIFT,40.57,Medium,False,Yes
TX-100542,2024-11-29 13:02:11.982043,India,Australia,95154.79,INR,SWIFT,62.31,Medium,False,Yes
TX-100543,2024-06-26 01:49:46.982043,Italy,Italy,71460.37,EUR,SEPA,88.26,High,True,Yes
TX-100544,2025-02-25 16:13:07.982043,Russia,Germany,32742.93,RUB,SEPA,98.97,High,True,Yes
TX-100545,2024-09-14 21:06:38.982043,France,UK,29025.32,EUR,ACH,80.81,High,True,Yes
TX-100546,2024-03-18 06:31:55.982043,USA,China,52417.47,USD,ACH,46.87,Medium,False,Yes
TX-100547,2024-05-11 02:40:24.982043,USA,Brazil,8006.55,USD,SEPA,72.37,High,True,Yes
TX-100548,2024-08-12 19:00:36.982043,Spain,USA,11855.88,EUR,RTGS,84.36,High,True,Yes
TX-100549,2025-01-20 07:44:47.982043,South Africa,China,17668.2,ZAR,SWIFT,46.53,Medium,False,Yes
TX-100550,2025-01-23 19:26:06.982043,UK,UK,77494.89,GBP,RTGS,78.51,High,True,Yes
TX-100551,2025-01-01 22:44:52.982043,India,Brazil,51434.35,INR,RTGS,48.27,Medium,False,Yes
TX-100552,2024-11-16 05:33:50.982043,France,Australia,1155.66,EUR,SEPA,38.65,Low,False,Yes
TX-100553,2024-06-15 12:10:51.982043,UK,China,67384.3,GBP,Wire,52.61,Medium,False,Yes
TX-100554,2024-10-12 18:10:08.982043,Brazil,Canada,42426.65,BRL,Wire,67.59,Medium,False,Yes
TX-100555,2025-02-27 01:51:50.982043,Australia,India,51134.15,AUD,ACH,72.69,High,True,Yes
TX-100556,2024-07-23 03:24:16.982043,Japan,Russia,21490.21,JPY,ACH,35.67,Low,False,Yes
TX-100557,2025-03-16 13:42:48.982043,Brazil,South Africa,55223.04,BRL,Wire,57.13,Medium,False,Yes
TX-100558,2024-09-15 10:31:08.983131,Italy,France,97917.41,EUR,SWIFT,90.99,High,True,Yes
TX-100559,2024-09-13 04:28:27.983131,Japan,Spain,7437.12,JPY,RTGS,97.63,High,True,Yes
TX-100560,2025-02-24 04:36:22.983131,USA,Italy,28463.35,USD,Wire,22.72,Low,False,Yes
TX-100561,2024-09-10 02:04:50.983131,Canada,USA,24375.46,CAD,SEPA,19.28,Low,False,Yes
TX-100562,2024-05-18 17:04:59.983131,Canada,Japan,24930.08,CAD,RTGS,67.67,Medium,False,Yes
TX-100563,2024-08-17 18:38:57.983131,Netherlands,Germany,37932.77,EUR,Wire,41.47,Medium,False,Yes
TX-100564,2024-05-05 11:20:22.983131,Brazil,Germany,81829.17,BRL,ACH,2.42,Low,False,Yes
TX-100565,2024-06-08 21:15:58.983131,Netherlands,Canada,91294.58,EUR,ACH,34.69,Low,False,Yes
TX-100566,2024-09-10 06:26:35.983131,UK,Japan,20301.29,GBP,SEPA,80.67,High,True,Yes
TX-100567,2025-02-21 21:45:08.983131,Japan,Canada,54340.7,JPY,SEPA,79.74,High,True,Yes
TX-100568,2024-09-22 09:12:45.983131,USA,China,63726.21,USD,Wire,49.47,Medium,False,Yes
TX-100569,2024-05-04 21:32:28.983131,Russia,Spain,52230.56,RUB,SWIFT,47.26,Medium,False,Yes
TX-100570,2024-11-28 16:15:01.983131,Spain,Russia,43464.23,EUR,ACH,57.95,Medium,False,Yes
TX-100571,2024-08-05 03:24:51.983131,China,South Africa,19278.35,CNY,Wire,21.94,Low,False,Yes
TX-100572,2024-10-17 16:27:04.983131,Japan,Japan,48873.11,JPY,SEPA,52.6,Medium,False,Yes
TX-100573,2024-10-13 16:20:21.983131,UK,Japan,40181.36,GBP,Wire,1.1,Low,False,Yes
TX-100574,2024-08-22 08:20:18.983131,Italy,Germany,79576.78,EUR,SWIFT,47.56,Medium,False,Yes
TX-100575,2025-01-16 03:33:22.983131,UK,Australia,76384.08,GBP,RTGS,33.61,Low,False,Yes
TX-100576,2024-12-28 11:59:49.983131,USA,South Africa,13486.47,USD,ACH,67.49,Medium,False,Yes
TX-100577,2024-04-04 20:53:11.983131,France,India,8943.05,EUR,ACH,63.84,Medium,False,Yes
TX-100578,2024-11-29 09:33:39.983131,Spain,India,90824.58,EUR,RTGS,38.08,Low,False,Yes
TX-100579,2024-09-07 23:46:47.983131,Netherlands,Germany,53597.29,EUR,RTGS,0.73,Low,False,Yes
TX-100580,2024-07-07 23:11:19.983131,Netherlands,France,85794.31,EUR,RTGS,25.23,Low,False,Yes
TX-100581,2024-10-25 02:28:27.983131,South Africa,USA,5909.3,ZAR,SWIFT,63.33,Medium,False,Yes
TX-100582,2025-01-30 09:51:37.983131,Russia,Germany,52698.91,RUB,Wire,7.24,Low,False,Yes
TX-100583,2024-12-05 19:11:24.983131,USA,Canada,53988.71,USD,ACH,10.76,Low,False,Yes
TX-100584,2025-03-11 05:18:32.983131,Netherlands,South Africa,86084.13,EUR,RTGS,64.7,Medium,False,Yes
TX-100585,2024-12-30 12:46:11.983131,Spain,UK,9851.24,EUR,SEPA,75.58,High,True,Yes
TX-100586,2024-08-26 06:22:25.983131,Germany,India,24120.51,EUR,SWIFT,32.15,Low,False,Yes
TX-100587,2024-06-12 14:31:56.983131,India,Russia,40713.18,INR,SEPA,48.97,Medium,False,Yes
TX-100588,2024-12-30 15:28:44.983131,Germany,Netherlands,86597.56,EUR,ACH,94.57,High,True,Yes
TX-100589,2025-03-01 13:01:16.983131,India,Australia,93894.44,INR,SWIFT,94.55,High,True,Yes
TX-100590,2025-02-03 00:17:00.983131,Canada,Australia,99273.19,CAD,ACH,30.75,Low,False,Yes
TX-100591,2024-11-27 12:19:57.983131,Spain,UK,95923.43,EUR,RTGS,81.0,High,True,Yes
TX-100592,2024-05-10 00:30:22.983131,South Africa,UK,693.58,ZAR,Wire,59.39,Medium,False,Yes
TX-100593,2024-11-11 10:52:58.983131,Japan,India,4866.06,JPY,RTGS,97.55,High,True,Yes
TX-100594,2024-05-23 02:52:08.983131,Netherlands,Netherlands,14845.92,EUR,SEPA,47.76,Medium,False,Yes
TX-100595,2024-06-22 15:32:17.983131,Russia,USA,34951.32,RUB,SWIFT,77.47,High,True,Yes
TX-100596,2024-12-06 09:47:51.983131,Italy,USA,83008.81,EUR,ACH,76.81,High,True,Yes
TX-100597,2025-01-02 01:27:33.983131,China,India,89276.35,CNY,ACH,49.74,Medium,False,Yes
TX-100598,2024-06-13 00:36:03.983131,Brazil,Spain,18764.76,BRL,Wire,79.56,High,True,Yes
TX-100599,2024-12-30 08:34:37.983131,UK,France,62004.45,GBP,SEPA,26.1,Low,False,Yes
TX-100600,2025-01-13 15:13:20.983131,Netherlands,Germany,91744.46,EUR,SWIFT,12.23,Low,False,Yes
TX-100601,2024-08-29 10:11:40.983131,Netherlands,Italy,46426.8,EUR,Wire,42.52,Medium,False,Yes
TX-100602,2024-03-23 16:59:27.984146,Germany,France,10444.0,EUR,SEPA,94.36,High,True,Yes
TX-100603,2024-12-04 20:12:54.984146,Russia,Spain,45835.58,RUB,SWIFT,50.07,Medium,False,Yes
TX-100604,2024-08-15 08:34:02.984146,UK,China,37641.91,GBP,ACH,63.53,Medium,False,Yes
TX-100605,2024-08-10 21:20:21.984146,South Africa,South Africa,57808.03,ZAR,ACH,62.42,Medium,False,Yes
TX-100606,2024-04-22 05:46:42.984146,South Africa,Netherlands,43922.0,ZAR,SEPA,13.26,Low,False,Yes
TX-100607,2024-09-20 18:10:47.984146,UK,South Africa,1832.86,GBP,RTGS,39.03,Low,False,Yes
TX-100608,2025-01-13 22:12:58.984146,Netherlands,Australia,99400.37,EUR,ACH,70.69,High,True,Yes
TX-100609,2024-03-27 20:01:40.984146,Italy,USA,54399.67,EUR,Wire,97.2,High,True,Yes
TX-100610,2024-09-28 13:07:40.984146,USA,Canada,47415.71,USD,SWIFT,16.8,Low,False,Yes
TX-100611,2024-04-05 19:48:58.984146,UK,Brazil,95466.28,GBP,SWIFT,41.04,Medium,False,Yes
TX-100612,2025-01-04 13:38:19.984146,Brazil,USA,15670.45,BRL,Wire,9.51,Low,False,Yes
TX-100613,2024-11-28 09:18:59.984146,Netherlands,Netherlands,19004.84,EUR,ACH,24.24,Low,False,Yes
TX-100614,2024-10-29 09:07:38.984146,Spain,Japan,80820.67,EUR,SWIFT,37.68,Low,False,Yes
TX-100615,2025-03-06 20:41:53.984146,South Africa,UK,26157.02,ZAR,Wire,54.06,Medium,False,Yes
TX-100616,2024-12-22 04:26:30.984146,Netherlands,UK,79942.79,EUR,RTGS,23.06,Low,False,Yes
TX-100617,2024-10-05 05:10:27.984146,Italy,South Africa,27226.19,EUR,ACH,22.76,Low,False,Yes
TX-100618,2024-07-15 10:33:04.984146,South Africa,USA,3415.44,ZAR,RTGS,77.78,High,True,Yes
TX-100619,2024-10-18 15:41:25.984146,India,Australia,51749.77,INR,SEPA,96.26,High,True,Yes
TX-100620,2024-10-27 06:11:02.984146,Russia,Japan,19748.97,RUB,RTGS,32.36,Low,False,Yes
TX-100621,2024-07-09 23:29:58.984146,Brazil,Canada,75808.84,BRL,SEPA,68.8,Medium,False,Yes
TX-100622,2024-03-31 13:31:26.984146,South Africa,Canada,64155.84,ZAR,RTGS,25.81,Low,False,Yes
TX-100623,2024-04-26 08:38:36.984146,Germany,Netherlands,92367.91,EUR,ACH,92.8,High,True,Yes
TX-100624,2024-10-04 07:02:51.984146,France,Germany,78320.54,EUR,RTGS,67.29,Medium,False,Yes
TX-100625,2024-12-20 06:07:15.984146,UK,Brazil,18159.52,GBP,SEPA,80.27,High,True,Yes
TX-100626,2024-03-21 07:18:23.984146,South Africa,Australia,80035.81,ZAR,SEPA,4.94,Low,False,Yes
TX-100627,2024-04-15 13:07:30.984146,Brazil,China,64209.53,BRL,RTGS,59.85,Medium,False,Yes
TX-100628,2024-06-23 12:27:54.984146,Canada,China,66928.27,CAD,Wire,52.76,Medium,False,Yes
TX-100629,2024-05-31 07:21:15.984146,Italy,Spain,83243.06,EUR,ACH,29.3,Low,False,Yes
TX-100630,2024-08-10 08:46:50.984146,Russia,Italy,57425.02,RUB,ACH,26.24,Low,False,Yes
TX-100631,2024-04-28 02:23:05.984146,USA,Germany,46653.75,USD,ACH,58.0,Medium,False,Yes
TX-100632,2024-04-27 00:33:15.984146,Russia,Brazil,63700.44,RUB,ACH,70.65,High,True,Yes
TX-100633,2024-04-20 02:51:34.984146,Australia,India,29865.95,AUD,SEPA,3.32,Low,False,Yes
TX-100634,2024-08-29 13:32:33.984146,Germany,Netherlands,18341.45,EUR,SWIFT,56.74,Medium,False,Yes
TX-100635,2024-06-12 05:18:18.984146,Germany,Spain,61697.13,EUR,SEPA,17.05,Low,False,Yes
TX-100636,2025-03-13 20:24:27.984146,Russia,Germany,23461.45,RUB,SEPA,14.04,Low,False,Yes
TX-100637,2024-04-13 14:18:44.984146,Netherlands,South Africa,8083.52,EUR,SWIFT,62.31,Medium,False,Yes
TX-100638,2024-07-28 23:55:44.984146,Australia,Canada,155.36,AUD,RTGS,31.09,Low,False,Yes
TX-100639,2024-09-01 04:46:10.984146,Spain,Spain,60871.11,EUR,SWIFT,44.09,Medium,False,Yes
TX-100640,2025-01-20 12:22:04.984146,France,Germany,36278.66,EUR,SEPA,36.0,Low,False,Yes
TX-100641,2024-09-05 19:00:06.984146,Russia,Canada,75255.87,RUB,ACH,64.83,Medium,False,Yes
TX-100642,2024-09-23 01:52:19.984146,South Africa,Germany,37580.12,ZAR,SEPA,47.01,Medium,False,Yes
TX-100643,2024-05-20 15:41:27.984146,Russia,Brazil,48651.74,RUB,Wire,96.35,High,True,Yes
TX-100644,2025-01-21 08:44:22.984146,Germany,Italy,40767.79,EUR,RTGS,35.24,Low,False,Yes
TX-100645,2025-01-17 21:38:34.984146,Germany,Russia,65092.42,EUR,Wire,74.03,High,True,Yes
TX-100646,2025-01-03 13:35:59.984146,USA,Germany,35678.3,USD,SEPA,25.73,Low,False,Yes
TX-100647,2024-04-15 07:43:54.984146,India,Italy,96380.39,INR,RTGS,50.88,Medium,False,Yes
TX-100648,2024-12-09 11:51:37.984146,Germany,Netherlands,93621.08,EUR,ACH,55.26,Medium,False,Yes
TX-100649,2024-07-07 22:38:24.984146,Italy,Germany,84817.99,EUR,Wire,32.91,Low,False,Yes
TX-100650,2025-01-05 23:45:11.984146,Spain,Canada,92038.0,EUR,SWIFT,47.18,Medium,False,Yes
TX-100651,2024-05-10 22:11:32.984146,France,Australia,44969.05,EUR,RTGS,27.93,Low,False,Yes
TX-100652,2024-08-15 17:06:35.984146,Russia,China,53689.4,RUB,ACH,0.6,Low,False,Yes
TX-100653,2024-05-24 21:48:54.985139,Canada,Australia,74235.05,CAD,ACH,21.56,Low,False,Yes
TX-100654,2024-11-22 12:27:00.985139,South Africa,USA,69644.98,ZAR,ACH,70.01,High,True,Yes
TX-100655,2024-08-12 10:27:20.985139,France,Netherlands,89078.79,EUR,ACH,77.1,High,True,Yes
TX-100656,2024-11-15 20:09:52.985139,Spain,Italy,71661.47,EUR,SEPA,28.02,Low,False,Yes
TX-100657,2025-02-16 22:26:40.985139,India,UK,99788.68,INR,SEPA,40.8,Medium,False,Yes
TX-100658,2025-03-17 02:33:52.985139,Japan,Germany,34915.73,JPY,Wire,3.74,Low,False,Yes
TX-100659,2024-10-04 00:54:23.985139,Italy,Netherlands,83316.47,EUR,SWIFT,23.71,Low,False,Yes
TX-100660,2024-05-28 19:56:30.985139,India,China,69793.72,INR,RTGS,77.92,High,True,Yes
TX-100661,2025-01-07 02:17:26.985139,Russia,Australia,69169.51,RUB,RTGS,60.6,Medium,False,Yes
TX-100662,2024-07-24 01:12:30.985139,Japan,UK,32650.98,JPY,SWIFT,20.58,Low,False,Yes
TX-100663,2024-05-17 12:30:08.985139,Spain,Italy,78581.62,EUR,RTGS,25.74,Low,False,Yes
TX-100664,2024-06-29 07:07:59.985139,USA,Spain,90047.56,USD,ACH,81.68,High,True,Yes
TX-100665,2024-04-10 19:28:12.985139,Canada,UK,21932.99,CAD,RTGS,20.91,Low,False,Yes
TX-100666,2025-01-02 04:18:48.985139,Netherlands,Australia,62587.13,EUR,SEPA,33.42,Low,False,Yes
TX-100667,2024-11-01 15:41:05.985139,France,Brazil,39274.27,EUR,SEPA,66.44,Medium,False,Yes
TX-100668,2024-09-05 12:38:48.985139,UK,Germany,98955.86,GBP,Wire,56.11,Medium,False,Yes
TX-100669,2024-06-26 22:09:53.985139,China,India,47935.4,CNY,ACH,46.09,Medium,False,Yes
TX-100670,2024-12-17 11:06:08.985139,France,Spain,22909.19,EUR,RTGS,89.97,High,True,Yes
TX-100671,2025-01-16 01:41:54.985139,USA,France,38247.58,USD,SEPA,21.97,Low,False,Yes
TX-100672,2024-04-03 05:30:23.985139,Canada,Germany,65418.46,CAD,SWIFT,74.14,High,True,Yes
TX-100673,2024-05-13 07:37:56.985139,China,Spain,7701.33,CNY,SEPA,15.91,Low,False,Yes
TX-100674,2024-03-28 16:08:03.985139,Italy,UK,60399.83,EUR,RTGS,61.57,Medium,False,Yes
TX-100675,2024-06-04 15:51:20.985139,Spain,USA,93129.35,EUR,SWIFT,87.06,High,True,Yes
TX-100676,2024-12-05 19:09:56.985139,Brazil,Brazil,85051.24,BRL,SEPA,45.79,Medium,False,Yes
TX-100677,2024-08-12 18:54:46.985139,South Africa,China,6860.59,ZAR,RTGS,72.43,High,True,Yes
TX-100678,2024-10-18 06:58:18.985139,Spain,USA,99339.65,EUR,Wire,82.04,High,True,Yes
TX-100679,2024-10-01 11:26:37.985139,Italy,France,69902.82,EUR,Wire,13.6,Low,False,Yes
TX-100680,2024-04-11 07:15:03.985139,China,UK,16311.85,CNY,SEPA,70.58,High,True,Yes
TX-100681,2024-06-14 13:16:36.985139,Japan,Canada,1340.37,JPY,SWIFT,91.98,High,True,Yes
TX-100682,2024-05-14 23:31:17.985139,Canada,Russia,17211.14,CAD,SWIFT,57.64,Medium,False,Yes
TX-100683,2024-12-08 00:00:53.985139,Italy,Australia,83833.77,EUR,Wire,18.61,Low,False,Yes
TX-100684,2024-10-01 19:08:44.985139,Netherlands,Australia,2261.77,EUR,RTGS,12.69,Low,False,Yes
TX-100685,2024-12-24 07:23:38.985139,China,Italy,23391.42,CNY,ACH,25.97,Low,False,Yes
TX-100686,2024-06-11 14:37:32.985139,Germany,UK,75754.83,EUR,SWIFT,10.35,Low,False,Yes
TX-100687,2024-12-12 02:05:40.985139,France,South Africa,58652.44,EUR,SWIFT,51.34,Medium,False,Yes
TX-100688,2024-07-11 22:26:52.985139,USA,Spain,78295.3,USD,SEPA,6.97,Low,False,Yes
TX-100689,2024-07-31 18:51:04.985139,Brazil,Germany,74640.44,BRL,RTGS,22.34,Low,False,Yes
TX-100690,2024-09-09 12:11:25.985139,Italy,Netherlands,5155.08,EUR,SEPA,43.99,Medium,False,Yes
TX-100691,2025-01-25 17:37:59.985139,USA,France,89261.89,USD,ACH,47.39,Medium,False,Yes
TX-100692,2024-10-26 06:49:39.985139,Japan,China,22780.48,JPY,SWIFT,56.54,Medium,False,Yes
TX-100693,2024-06-28 12:34:12.985139,Netherlands,UK,55383.9,EUR,SEPA,70.56,High,True,Yes
TX-100694,2024-08-16 01:36:17.985139,South Africa,South Africa,64464.39,ZAR,RTGS,4.72,Low,False,Yes
TX-100695,2024-09-21 07:37:54.985139,Japan,South Africa,16945.96,JPY,ACH,8.06,Low,False,Yes
TX-100696,2024-06-23 14:33:12.985139,India,India,97625.5,INR,ACH,6.09,Low,False,Yes
TX-100697,2025-01-03 16:35:25.985139,Brazil,China,48866.78,BRL,ACH,42.32,Medium,False,Yes
TX-100698,2024-09-15 22:17:32.985139,Brazil,Netherlands,5858.51,BRL,Wire,4.18,Low,False,Yes
TX-100699,2025-03-16 03:09:00.985139,Brazil,UK,93732.48,BRL,ACH,74.61,High,True,Yes
TX-100700,2024-03-31 17:36:22.985139,India,China,58668.16,INR,RTGS,22.3,Low,False,Yes
TX-100701,2024-03-21 06:56:02.985139,Germany,Japan,69949.4,EUR,RTGS,93.92,High,True,Yes
TX-100702,2024-10-13 13:46:55.985139,Spain,Russia,52565.06,EUR,RTGS,48.64,Medium,False,Yes
TX-100703,2024-07-03 14:11:47.985139,Italy,Germany,83490.32,EUR,SEPA,44.63,Medium,False,Yes
TX-100704,2025-01-22 06:18:55.986140,Canada,Canada,3410.03,CAD,SWIFT,78.05,High,True,Yes
TX-100705,2024-04-19 23:56:12.986140,India,Italy,26911.0,INR,SEPA,71.32,High,True,Yes
TX-100706,2024-12-10 23:28:50.986140,Netherlands,Russia,47017.87,EUR,SEPA,60.73,Medium,False,Yes
TX-100707,2024-12-16 05:14:45.986140,Spain,Japan,7752.7,EUR,SEPA,93.51,High,True,Yes
TX-100708,2024-06-21 11:01:28.986140,China,Australia,70620.08,CNY,ACH,42.23,Medium,False,Yes
TX-100709,2024-04-24 20:18:33.986140,Spain,Russia,39426.98,EUR,SEPA,80.85,High,True,Yes
TX-100710,2024-04-14 23:59:31.986140,India,Germany,27339.53,INR,SWIFT,38.01,Low,False,Yes
TX-100711,2025-01-29 12:18:34.986140,Russia,China,437.55,RUB,SWIFT,83.83,High,True,Yes
TX-100712,2024-11-07 19:22:06.986140,Canada,Australia,72011.05,CAD,SEPA,25.95,Low,False,Yes
TX-100713,2024-12-14 15:29:33.986140,Brazil,Russia,83397.55,BRL,ACH,28.93,Low,False,Yes
TX-100714,2024-11-08 08:02:28.986140,Netherlands,Australia,39564.55,EUR,Wire,67.79,Medium,False,Yes
TX-100715,2024-12-08 05:40:14.986140,France,France,56465.38,EUR,RTGS,21.27,Low,False,Yes
TX-100716,2025-03-10 19:16:58.986140,Japan,USA,22845.89,JPY,ACH,22.92,Low,False,Yes
TX-100717,2024-05-21 00:51:15.986140,France,Brazil,62257.54,EUR,SEPA,30.53,Low,False,Yes
TX-100718,2024-09-09 16:19:52.986140,India,Italy,1312.53,INR,SWIFT,67.89,Medium,False,Yes
TX-100719,2024-08-05 22:41:33.986140,Italy,Brazil,48915.53,EUR,Wire,88.94,High,True,Yes
TX-100720,2024-08-22 01:25:43.986140,Spain,Russia,64456.13,EUR,SEPA,67.46,Medium,False,Yes
TX-100721,2025-02-04 00:54:15.986140,Italy,Germany,91827.36,EUR,RTGS,82.78,High,True,Yes
TX-100722,2025-01-04 03:02:22.986140,Brazil,Germany,38195.45,BRL,SEPA,54.36,Medium,False,Yes
TX-100723,2024-09-26 01:35:42.986140,France,Spain,76542.5,EUR,SEPA,6.89,Low,False,Yes
TX-100724,2025-01-16 12:30:33.986140,Japan,Italy,59808.93,JPY,SEPA,10.05,Low,False,Yes
TX-100725,2024-08-04 03:42:23.986140,UK,China,92708.51,GBP,SWIFT,55.44,Medium,False,Yes
TX-100726,2025-01-04 04:16:10.986140,Germany,Germany,39897.93,EUR,Wire,32.78,Low,False,Yes
TX-100727,2024-09-30 15:59:08.986140,Italy,Netherlands,31977.62,EUR,RTGS,22.06,Low,False,Yes
TX-100728,2025-01-30 00:01:39.986140,India,Netherlands,88725.49,INR,SWIFT,46.63,Medium,False,Yes
TX-100729,2025-02-13 14:00:39.986140,Italy,China,5019.52,EUR,SWIFT,66.65,Medium,False,Yes
TX-100730,2024-08-16 22:30:04.986140,India,UK,13724.9,INR,RTGS,38.5,Low,False,Yes
TX-100731,2024-05-08 09:02:33.986140,Brazil,Netherlands,8332.2,BRL,RTGS,80.25,High,True,Yes
TX-100732,2024-05-15 07:35:21.986140,Netherlands,China,84326.68,EUR,RTGS,73.85,High,True,Yes
TX-100733,2025-03-01 14:23:32.986140,UK,Netherlands,1159.68,GBP,Wire,73.49,High,True,Yes
TX-100734,2025-01-21 03:23:06.986140,China,USA,86179.55,CNY,RTGS,98.52,High,True,Yes
TX-100735,2024-11-15 01:14:59.986140,China,Italy,45181.65,CNY,RTGS,29.52,Low,False,Yes
TX-100736,2025-02-10 02:53:04.986140,France,USA,502.13,EUR,SEPA,64.47,Medium,False,Yes
TX-100737,2024-10-29 14:46:38.986140,Italy,USA,40224.35,EUR,Wire,85.55,High,True,Yes
TX-100738,2024-11-13 07:11:36.986140,Japan,Australia,18761.4,JPY,ACH,57.95,Medium,False,Yes
TX-100739,2024-12-04 14:22:34.986140,Russia,Brazil,62477.61,RUB,RTGS,78.95,High,True,Yes
TX-100740,2024-12-03 12:15:23.986140,USA,South Africa,67967.94,USD,SWIFT,41.45,Medium,False,Yes
TX-100741,2024-05-03 10:10:04.986140,France,Japan,48804.0,EUR,SWIFT,59.05,Medium,False,Yes
TX-100742,2024-09-10 04:42:22.986140,France,USA,4147.9,EUR,RTGS,5.57,Low,False,Yes
TX-100743,2024-06-24 09:07:05.986140,Germany,Italy,65647.27,EUR,SEPA,98.58,High,True,Yes
TX-100744,2024-11-12 23:01:54.986140,Italy,Japan,84219.67,EUR,Wire,80.0,High,True,Yes
TX-100745,2024-09-10 22:49:27.986140,South Africa,Italy,72060.4,ZAR,ACH,86.88,High,True,Yes
TX-100746,2024-05-17 22:35:20.986140,China,Australia,83012.8,CNY,Wire,69.43,Medium,False,Yes
TX-100747,2024-08-23 17:57:28.986140,China,South Africa,20130.9,CNY,RTGS,18.61,Low,False,Yes
TX-100748,2024-12-10 17:47:09.986140,India,South Africa,88899.91,INR,SEPA,3.1,Low,False,Yes
TX-100749,2024-06-14 08:21:02.986140,Spain,Brazil,32287.13,EUR,RTGS,86.47,High,True,Yes
TX-100750,2024-05-24 01:24:03.986140,Australia,Russia,1439.14,AUD,RTGS,39.63,Low,False,Yes
TX-100751,2025-03-08 20:40:16.986140,Australia,Canada,84354.83,AUD,SWIFT,26.39,Low,False,Yes
TX-100752,2024-06-29 22:23:36.986140,Australia,Australia,94187.94,AUD,SWIFT,56.17,Medium,False,Yes
TX-100753,2024-07-18 09:51:42.987051,India,Australia,65590.26,INR,SEPA,42.09,Medium,False,Yes
TX-100754,2024-09-27 22:57:53.987051,Germany,Germany,23220.52,EUR,ACH,65.17,Medium,False,Yes
TX-100755,2024-09-02 23:52:14.987051,Japan,Canada,25249.27,JPY,SWIFT,48.38,Medium,False,Yes
TX-100756,2024-04-26 03:34:22.987051,Australia,Japan,46712.63,AUD,SWIFT,69.72,Medium,False,Yes
TX-100757,2024-12-03 08:05:04.987051,South Africa,South Africa,89793.32,ZAR,SEPA,85.34,High,True,Yes
TX-100758,2024-10-28 22:51:41.987051,Netherlands,USA,15044.81,EUR,SWIFT,19.56,Low,False,Yes
TX-100759,2024-07-19 01:08:04.987051,South Africa,Brazil,82614.77,ZAR,ACH,32.94,Low,False,Yes
TX-100760,2024-04-24 14:02:21.987051,Brazil,Brazil,29201.15,BRL,SWIFT,43.68,Medium,False,Yes
TX-100761,2024-11-22 16:51:54.987051,UK,Italy,80877.76,GBP,ACH,96.21,High,True,Yes
TX-100762,2024-09-09 03:23:35.987051,India,Germany,92035.09,INR,Wire,36.53,Low,False,Yes
TX-100763,2024-04-22 18:30:45.987051,Canada,UK,42806.64,CAD,Wire,38.11,Low,False,Yes
TX-100764,2024-12-26 15:38:18.987051,France,Spain,36568.56,EUR,SWIFT,65.35,Medium,False,Yes
TX-100765,2024-06-05 18:24:18.987051,Japan,France,80241.91,JPY,RTGS,41.92,Medium,False,Yes
TX-100766,2024-10-26 16:25:38.987051,India,Germany,52995.34,INR,SEPA,95.12,High,True,Yes
TX-100767,2024-07-09 21:04:31.987051,India,India,68476.46,INR,SEPA,89.45,High,True,Yes
TX-100768,2025-02-02 16:12:13.987051,China,Canada,62320.64,CNY,SWIFT,51.34,Medium,False,Yes
TX-100769,2024-04-26 00:15:03.987051,Spain,USA,15373.6,EUR,RTGS,64.48,Medium,False,Yes
TX-100770,2024-04-26 15:42:53.987051,Canada,Australia,84494.56,CAD,SEPA,5.8,Low,False,Yes
TX-100771,2024-08-10 21:12:45.987051,Russia,India,19657.93,RUB,SWIFT,69.57,Medium,False,Yes
TX-100772,2024-06-17 09:50:24.987051,South Africa,France,93234.99,ZAR,SWIFT,70.72,High,True,Yes
TX-100773,2025-01-15 14:59:26.987051,Germany,UK,25132.07,EUR,SEPA,35.92,Low,False,Yes
TX-100774,2024-12-11 00:57:52.987051,India,Brazil,73414.71,INR,RTGS,21.97,Low,False,Yes
TX-100775,2024-04-30 23:03:54.987051,France,Australia,28537.07,EUR,Wire,91.51,High,True,Yes
TX-100776,2024-09-03 15:42:28.987051,Germany,Russia,31846.76,EUR,RTGS,42.67,Medium,False,Yes
TX-100777,2024-08-18 16:26:51.987051,South Africa,China,31069.19,ZAR,ACH,65.37,Medium,False,Yes
TX-100778,2024-09-20 22:01:16.987051,Germany,Brazil,74814.44,EUR,SWIFT,3.33,Low,False,Yes
TX-100779,2024-07-28 05:20:16.987051,UK,China,55725.83,GBP,SWIFT,41.41,Medium,False,Yes
TX-100780,2024-05-01 12:28:15.987051,USA,USA,88306.95,USD,SEPA,81.73,High,True,Yes
TX-100781,2024-11-21 05:24:40.987051,USA,Australia,30806.53,USD,Wire,38.76,Low,False,Yes
TX-100782,2024-04-17 04:59:40.987051,Germany,Australia,69230.05,EUR,Wire,60.32,Medium,False,Yes
TX-100783,2024-08-23 22:07:12.987051,Australia,South Africa,75319.57,AUD,Wire,20.99,Low,False,Yes
TX-100784,2024-08-22 03:34:36.987051,China,UK,15233.06,CNY,SEPA,41.65,Medium,False,Yes
TX-100785,2024-06-06 20:58:49.987051,Russia,Russia,40118.88,RUB,RTGS,92.76,High,True,Yes
TX-100786,2024-11-30 05:19:47.987051,South Africa,Brazil,48333.47,ZAR,SEPA,56.65,Medium,False,Yes
TX-100787,2024-06-02 00:56:44.987051,Canada,Italy,35633.17,CAD,SEPA,90.19,High,True,Yes
TX-100788,2024-10-27 08:33:23.987051,Australia,UK,32279.05,AUD,Wire,90.2,High,True,Yes
TX-100789,2024-08-19 10:16:54.987051,Italy,South Africa,68673.35,EUR,SEPA,94.41,High,True,Yes
TX-100790,2024-11-05 01:26:14.987051,Netherlands,Russia,21665.05,EUR,ACH,89.54,High,True,Yes
TX-100791,2025-03-12 00:38:28.987051,India,Spain,70968.14,INR,RTGS,0.33,Low,False,Yes
TX-100792,2025-03-05 19:22:09.987051,China,India,93510.92,CNY,Wire,93.4,High,True,Yes
TX-100793,2025-02-24 09:29:54.987051,Germany,Australia,56563.23,EUR,RTGS,13.75,Low,False,Yes
TX-100794,2024-08-26 16:02:29.987051,Brazil,Brazil,61182.28,BRL,RTGS,3.99,Low,False,Yes
TX-100795,2025-02-06 12:56:24.987051,Brazil,India,6986.38,BRL,Wire,5.54,Low,False,Yes
TX-100796,2024-05-30 03:29:09.987051,Italy,USA,86461.24,EUR,SEPA,34.89,Low,False,Yes
TX-100797,2025-01-29 16:09:37.987051,Australia,Russia,28616.23,AUD,SEPA,62.08,Medium,False,Yes
TX-100798,2024-05-15 23:10:02.987051,Italy,India,61543.61,EUR,Wire,40.23,Medium,False,Yes
TX-100799,2024-12-19 19:30:49.987051,Germany,Canada,97913.31,EUR,ACH,2.56,Low,False,Yes
TX-100800,2025-03-04 04:24:41.987051,UK,Italy,59590.71,GBP,SEPA,47.65,Medium,False,Yes
TX-100801,2024-11-13 17:50:33.987051,India,Netherlands,72498.48,INR,Wire,44.21,Medium,False,Yes
TX-100802,2024-10-22 05:42:14.987051,Brazil,Brazil,44587.43,BRL,ACH,75.68,High,True,Yes
TX-100803,2024-03-29 09:30:30.987051,USA,Spain,6130.55,USD,SEPA,27.96,Low,False,Yes
TX-100804,2024-09-25 21:34:55.987051,Netherlands,Japan,79780.18,EUR,RTGS,21.75,Low,False,Yes
TX-100805,2024-07-15 10:37:11.987051,South Africa,USA,3596.38,ZAR,SEPA,25.59,Low,False,Yes
TX-100806,2024-12-12 02:11:49.987051,Russia,France,70095.72,RUB,SEPA,30.37,Low,False,Yes
TX-100807,2024-09-07 22:40:02.987051,South Africa,Italy,2389.87,ZAR,Wire,59.92,Medium,False,Yes
TX-100808,2024-10-07 13:16:57.987051,Netherlands,South Africa,86244.29,EUR,Wire,47.15,Medium,False,Yes
TX-100809,2024-11-22 21:42:49.987051,Canada,France,15847.84,CAD,SWIFT,33.69,Low,False,Yes
TX-100810,2024-03-24 07:41:54.987051,South Africa,Brazil,51475.72,ZAR,ACH,37.43,Low,False,Yes
TX-100811,2024-04-18 17:55:55.987051,Italy,China,59755.36,EUR,RTGS,37.09,Low,False,Yes
TX-100812,2024-06-03 23:17:04.988139,Germany,Japan,45808.79,EUR,Wire,97.24,High,True,Yes
TX-100813,2024-05-14 04:08:31.988139,UK,China,34142.27,GBP,SWIFT,23.3,Low,False,Yes
TX-100814,2024-10-28 19:43:50.988139,South Africa,South Africa,46834.65,ZAR,ACH,81.81,High,True,Yes
TX-100815,2024-06-23 17:34:42.988139,Brazil,Germany,31210.43,BRL,SEPA,70.82,High,True,Yes
TX-100816,2024-04-25 10:53:40.988139,Japan,South Africa,43868.42,JPY,ACH,0.56,Low,False,Yes
TX-100817,2024-12-27 12:51:14.988139,Australia,India,35955.41,AUD,SWIFT,99.32,High,True,Yes
TX-100818,2024-05-30 22:15:53.988139,USA,Canada,56663.86,USD,SWIFT,75.64,High,True,Yes
TX-100819,2024-12-30 08:34:47.988139,Japan,China,23868.62,JPY,SEPA,68.24,Medium,False,Yes
TX-100820,2024-09-08 13:38:59.988139,Germany,Netherlands,98866.79,EUR,SWIFT,40.53,Medium,False,Yes
TX-100821,2024-06-08 16:37:15.988139,Netherlands,Spain,50136.91,EUR,ACH,55.52,Medium,False,Yes
TX-100822,2024-04-13 06:27:52.988139,Russia,Brazil,19496.79,RUB,Wire,25.33,Low,False,Yes
TX-100823,2025-02-17 04:05:55.988139,Canada,Netherlands,47758.97,CAD,ACH,3.55,Low,False,Yes
TX-100824,2024-11-08 01:08:18.988139,Australia,USA,86654.87,AUD,Wire,83.6,High,True,Yes
TX-100825,2024-04-07 02:39:16.988139,UK,Japan,2278.5,GBP,SEPA,89.65,High,True,Yes
TX-100826,2025-03-08 23:42:24.988139,South Africa,Netherlands,67987.46,ZAR,SEPA,16.25,Low,False,Yes
TX-100827,2024-06-09 05:20:43.988139,Australia,India,54841.98,AUD,SWIFT,78.71,High,True,Yes
TX-100828,2024-08-11 09:22:38.988139,India,Spain,17038.84,INR,ACH,74.12,High,True,Yes
TX-100829,2024-11-28 19:19:59.988139,Japan,Netherlands,81765.9,JPY,ACH,17.84,Low,False,Yes
TX-100830,2024-04-01 13:08:23.988139,Japan,USA,36951.57,JPY,ACH,42.18,Medium,False,Yes
TX-100831,2024-08-26 23:06:13.988139,China,Canada,29450.82,CNY,SEPA,42.28,Medium,False,Yes
TX-100832,2024-12-23 14:44:13.988139,Spain,Italy,82829.71,EUR,ACH,76.0,High,True,Yes
TX-100833,2024-03-28 23:05:27.988139,South Africa,Spain,63888.65,ZAR,SEPA,83.77,High,True,Yes
TX-100834,2024-12-12 22:09:21.988139,Netherlands,Australia,89836.08,EUR,ACH,9.48,Low,False,Yes
TX-100835,2024-10-11 15:31:12.988139,Australia,China,63025.38,AUD,RTGS,56.3,Medium,False,Yes
TX-100836,2024-05-27 21:45:05.988139,China,USA,74107.68,CNY,ACH,76.17,High,True,Yes
TX-100837,2024-08-09 01:53:06.988139,Russia,Spain,83660.95,RUB,RTGS,78.62,High,True,Yes
TX-100838,2025-01-19 18:10:53.988139,Brazil,Spain,5568.49,BRL,Wire,14.8,Low,False,Yes
TX-100839,2024-06-04 14:48:32.988139,Netherlands,UK,77627.29,EUR,SWIFT,52.55,Medium,False,Yes
TX-100840,2024-09-07 15:31:35.988139,Japan,India,61409.28,JPY,SWIFT,85.76,High,True,Yes
TX-100841,2024-10-02 08:55:30.988139,Italy,Japan,7043.83,EUR,RTGS,31.85,Low,False,Yes
TX-100842,2024-09-13 17:19:57.988139,Russia,Brazil,50906.93,RUB,ACH,42.51,Medium,False,Yes
TX-100843,2025-01-27 06:39:27.988139,Netherlands,Canada,8337.56,EUR,Wire,80.44,High,True,Yes
TX-100844,2024-05-01 15:54:28.988139,Japan,Japan,73621.13,JPY,SWIFT,8.93,Low,False,Yes
TX-100845,2024-08-17 05:02:59.988139,Australia,Brazil,54695.52,AUD,ACH,85.95,High,True,Yes
TX-100846,2024-10-08 18:57:58.988139,Netherlands,South Africa,95362.0,EUR,RTGS,31.12,Low,False,Yes
TX-100847,2024-11-08 05:56:09.988139,UK,Germany,18395.22,GBP,ACH,0.15,Low,False,Yes
TX-100848,2024-10-30 18:10:54.988139,Brazil,UK,60642.74,BRL,ACH,23.42,Low,False,Yes
TX-100849,2024-08-30 09:56:37.988139,Russia,Spain,21237.06,RUB,ACH,8.95,Low,False,Yes
TX-100850,2025-01-29 17:10:51.988139,Australia,Germany,61445.09,AUD,SWIFT,9.24,Low,False,Yes
TX-100851,2024-07-12 06:55:57.988139,Australia,Japan,72292.71,AUD,RTGS,69.28,Medium,False,Yes
TX-100852,2024-05-28 00:01:41.988139,France,Canada,72258.2,EUR,ACH,21.4,Low,False,Yes
TX-100853,2024-10-08 08:27:34.988139,South Africa,India,81525.89,ZAR,SEPA,93.47,High,True,Yes
TX-100854,2024-05-27 23:08:51.988139,Germany,Australia,85369.67,EUR,SEPA,51.64,Medium,False,Yes
TX-100855,2025-01-30 23:49:11.988139,Russia,Brazil,7819.45,RUB,ACH,46.01,Medium,False,Yes
TX-100856,2024-06-19 23:01:25.988139,India,South Africa,34392.39,INR,SWIFT,43.43,Medium,False,Yes
TX-100857,2024-03-27 21:49:06.988139,France,China,68743.54,EUR,SWIFT,69.26,Medium,False,Yes
TX-100858,2024-10-20 09:37:10.988139,South Africa,Russia,49908.77,ZAR,SWIFT,45.23,Medium,False,Yes
TX-100859,2024-06-27 06:23:10.988139,South Africa,Brazil,19148.53,ZAR,RTGS,12.86,Low,False,Yes
TX-100860,2024-12-09 00:55:23.988139,Japan,Germany,55315.69,JPY,ACH,88.02,High,True,Yes
TX-100861,2024-09-12 04:35:09.988139,Australia,South Africa,40802.82,AUD,SEPA,42.84,Medium,False,Yes
TX-100862,2024-04-27 03:49:10.988139,India,Brazil,39064.82,INR,ACH,7.4,Low,False,Yes
TX-100863,2024-06-01 06:16:51.988139,Germany,South Africa,80994.4,EUR,SWIFT,52.94,Medium,False,Yes
TX-100864,2024-08-24 12:24:21.988139,France,Germany,40819.07,EUR,Wire,64.73,Medium,False,Yes
TX-100865,2025-01-21 05:18:49.988139,Australia,Spain,2742.81,AUD,SWIFT,27.56,Low,False,Yes
TX-100866,2024-08-25 12:26:23.988139,Canada,Spain,5900.53,CAD,RTGS,80.03,High,True,Yes
TX-100867,2024-11-14 09:23:45.989141,Brazil,Netherlands,85638.78,BRL,ACH,66.98,Medium,False,Yes
TX-100868,2025-03-05 05:24:55.989141,France,France,96064.02,EUR,SWIFT,65.03,Medium,False,Yes
TX-100869,2024-10-27 23:22:46.989141,Germany,Japan,68872.09,EUR,RTGS,42.08,Medium,False,Yes
TX-100870,2024-11-05 04:15:46.989141,France,India,36500.39,EUR,Wire,96.19,High,True,Yes
TX-100871,2024-06-02 07:35:27.989141,Spain,Italy,93866.17,EUR,ACH,27.42,Low,False,Yes
TX-100872,2024-06-28 14:16:43.989141,Spain,France,66314.03,EUR,ACH,57.77,Medium,False,Yes
TX-100873,2025-03-11 05:53:23.989141,Netherlands,USA,84448.92,EUR,RTGS,30.91,Low,False,Yes
TX-100874,2024-07-17 14:30:47.989141,Japan,Canada,76608.65,JPY,RTGS,74.48,High,True,Yes
TX-100875,2024-08-07 10:48:39.989141,Canada,Spain,37976.02,CAD,SEPA,4.78,Low,False,Yes
TX-100876,2024-06-30 18:17:00.989141,UK,Spain,47922.35,GBP,SEPA,4.59,Low,False,Yes
TX-100877,2025-01-16 05:56:29.989141,UK,Australia,18694.6,GBP,RTGS,81.09,High,True,Yes
TX-100878,2025-01-28 05:35:28.989141,Germany,Australia,29272.21,EUR,SWIFT,43.43,Medium,False,Yes
TX-100879,2024-03-25 22:59:17.989141,Italy,Japan,77834.75,EUR,ACH,34.12,Low,False,Yes
TX-100880,2024-04-27 09:47:03.989141,Brazil,Japan,89408.44,BRL,SWIFT,60.75,Medium,False,Yes
TX-100881,2024-10-06 23:03:51.989141,UK,Russia,72473.6,GBP,RTGS,70.19,High,True,Yes
TX-100882,2025-02-27 16:42:11.989141,Brazil,Canada,46570.85,BRL,RTGS,20.12,Low,False,Yes
TX-100883,2024-06-08 19:32:51.989141,Germany,Australia,8742.28,EUR,ACH,18.54,Low,False,Yes
TX-100884,2024-07-05 22:39:28.989141,Canada,Brazil,5789.1,CAD,RTGS,95.82,High,True,Yes
TX-100885,2024-03-24 04:35:05.989141,Italy,Japan,37495.12,EUR,ACH,58.97,Medium,False,Yes
TX-100886,2024-10-11 10:12:57.989141,Italy,India,46435.79,EUR,SEPA,39.01,Low,False,Yes
TX-100887,2025-01-25 14:31:23.989141,Spain,Russia,60951.15,EUR,SEPA,80.14,High,True,Yes
TX-100888,2024-03-20 07:26:28.989141,Japan,Japan,748.3,JPY,SWIFT,52.52,Medium,False,Yes
TX-100889,2025-01-08 02:00:19.989141,Australia,Netherlands,98973.32,AUD,RTGS,24.17,Low,False,Yes
TX-100890,2024-03-28 18:37:48.989141,Italy,France,36457.49,EUR,SEPA,20.67,Low,False,Yes
TX-100891,2024-03-28 16:11:42.989141,USA,Australia,84824.66,USD,SWIFT,39.69,Low,False,Yes
TX-100892,2025-01-12 14:52:08.989141,Germany,China,53543.17,EUR,SEPA,85.99,High,True,Yes
TX-100893,2024-07-17 00:37:12.989141,Russia,Spain,13130.9,RUB,SEPA,6.14,Low,False,Yes
TX-100894,2024-05-11 06:22:01.989141,Italy,South Africa,79776.8,EUR,Wire,21.85,Low,False,Yes
TX-100895,2024-09-06 15:03:09.989141,Italy,India,71011.72,EUR,Wire,89.32,High,True,Yes
TX-100896,2024-10-23 16:24:58.989141,Netherlands,Brazil,52790.86,EUR,ACH,12.17,Low,False,Yes
TX-100897,2024-09-15 21:19:51.989141,South Africa,South Africa,51503.85,ZAR,SWIFT,62.96,Medium,False,Yes
TX-100898,2024-10-13 15:56:43.989141,China,Netherlands,8839.21,CNY,ACH,21.35,Low,False,Yes
TX-100899,2024-04-22 16:34:22.989141,Brazil,Canada,65619.31,BRL,SWIFT,60.59,Medium,False,Yes
TX-100900,2024-05-15 08:30:57.989141,USA,Germany,91133.39,USD,SWIFT,38.31,Low,False,Yes
TX-100901,2024-10-04 18:14:48.989141,Russia,Netherlands,9415.17,RUB,SWIFT,10.17,Low,False,Yes
TX-100902,2024-04-21 04:24:02.989141,Netherlands,Netherlands,26424.79,EUR,ACH,58.25,Medium,False,Yes
TX-100903,2024-06-17 20:17:31.989141,South Africa,Australia,90240.57,ZAR,RTGS,68.3,Medium,False,Yes
TX-100904,2024-10-10 00:06:09.989141,China,Canada,28505.96,CNY,Wire,68.03,Medium,False,Yes
TX-100905,2025-01-16 11:54:43.989141,Italy,Canada,65428.97,EUR,SWIFT,63.7,Medium,False,Yes
TX-100906,2024-10-16 08:14:23.989141,Australia,Italy,53528.33,AUD,ACH,50.02,Medium,False,Yes
TX-100907,2024-04-10 12:21:13.989141,USA,Netherlands,59673.13,USD,SEPA,51.95,Medium,False,Yes
TX-100908,2025-01-04 13:31:21.989141,Spain,UK,41637.31,EUR,SEPA,63.56,Medium,False,Yes
TX-100909,2024-10-22 22:58:25.989141,France,France,30069.15,EUR,RTGS,69.03,Medium,False,Yes
TX-100910,2024-04-06 02:36:45.989141,South Africa,Canada,4948.49,ZAR,Wire,65.49,Medium,False,Yes
TX-100911,2024-05-06 14:12:40.989141,Italy,Canada,74453.67,EUR,RTGS,58.69,Medium,False,Yes
TX-100912,2024-06-21 09:51:10.989141,Russia,UK,74634.74,RUB,SWIFT,15.58,Low,False,Yes
TX-100913,2024-11-22 00:36:42.989141,Netherlands,France,67105.5,EUR,SWIFT,21.06,Low,False,Yes
TX-100914,2025-03-05 21:52:37.989141,Russia,Canada,64399.02,RUB,ACH,26.02,Low,False,Yes
TX-100915,2024-10-31 03:52:07.989141,Italy,Brazil,24447.34,EUR,Wire,91.97,High,True,Yes
TX-100916,2025-02-14 22:59:19.989141,Japan,UK,2332.26,JPY,SEPA,75.94,High,True,Yes
TX-100917,2024-12-04 04:21:32.989141,Brazil,Australia,80890.67,BRL,Wire,55.29,Medium,False,Yes
TX-100918,2024-11-14 20:42:00.989141,Brazil,UK,49164.74,BRL,ACH,25.21,Low,False,Yes
TX-100919,2024-09-19 03:29:31.989141,Japan,Russia,30753.13,JPY,RTGS,11.09,Low,False,Yes
TX-100920,2024-07-20 05:11:46.989141,South Africa,Germany,10283.0,ZAR,Wire,89.88,High,True,Yes
TX-100921,2024-04-04 15:20:20.989141,China,Japan,6365.89,CNY,ACH,89.27,High,True,Yes
TX-100922,2024-10-27 23:23:52.989141,Netherlands,India,34951.79,EUR,RTGS,11.07,Low,False,Yes
TX-100923,2024-12-23 21:18:37.989141,Germany,USA,80493.23,EUR,RTGS,79.72,High,True,Yes
TX-100924,2024-06-24 22:13:41.989141,Australia,France,91880.5,AUD,RTGS,44.66,Medium,False,Yes
TX-100925,2024-06-11 18:58:23.989141,Germany,Italy,89685.46,EUR,Wire,32.4,Low,False,Yes
TX-100926,2024-03-31 05:24:55.989141,France,India,92008.08,EUR,Wire,73.91,High,True,Yes
TX-100927,2025-01-04 09:37:46.989141,Italy,Japan,90781.76,EUR,SEPA,61.43,Medium,False,Yes
TX-100928,2024-04-27 01:31:15.989141,Australia,Netherlands,52769.75,AUD,RTGS,78.0,High,True,Yes
TX-100929,2025-01-27 11:14:37.989141,USA,UK,22019.62,USD,RTGS,7.43,Low,False,Yes
TX-100930,2024-11-03 04:50:06.989141,Italy,Australia,79824.85,EUR,SWIFT,31.86,Low,False,Yes
TX-100931,2024-06-09 11:01:32.989141,Spain,Spain,21449.93,EUR,SWIFT,31.93,Low,False,Yes
TX-100932,2025-02-06 08:46:54.989141,India,Italy,26794.01,INR,ACH,32.98,Low,False,Yes
TX-100933,2024-04-14 10:33:11.989141,India,Australia,23402.11,INR,SWIFT,50.25,Medium,False,Yes
TX-100934,2024-08-26 19:35:02.989141,South Africa,Brazil,51546.74,ZAR,SWIFT,28.3,Low,False,Yes
TX-100935,2024-08-27 19:15:30.989141,Italy,India,32250.57,EUR,SWIFT,44.44,Medium,False,Yes
TX-100936,2025-01-14 06:16:15.989141,Brazil,USA,15500.19,BRL,SEPA,36.78,Low,False,Yes
TX-100937,2024-09-28 01:02:19.989141,UK,France,45372.02,GBP,SWIFT,73.53,High,True,Yes
TX-100938,2024-12-12 12:58:29.989141,Russia,Germany,87403.33,RUB,Wire,60.35,Medium,False,Yes
TX-100939,2024-06-18 13:02:41.989141,Australia,Canada,57098.23,AUD,RTGS,65.36,Medium,False,Yes
TX-100940,2025-03-01 21:15:58.989141,Netherlands,USA,87845.73,EUR,ACH,21.06,Low,False,Yes
TX-100941,2024-11-28 17:30:18.989141,UK,Russia,19667.63,GBP,RTGS,32.55,Low,False,Yes
TX-100942,2024-12-18 13:51:12.990462,China,South Africa,16780.69,CNY,ACH,2.12,Low,False,Yes
TX-100943,2024-03-18 14:40:37.990462,Japan,Germany,57600.15,JPY,Wire,10.84,Low,False,Yes
TX-100944,2024-12-26 15:24:14.990462,USA,Russia,46386.56,USD,SWIFT,26.51,Low,False,Yes
TX-100945,2024-07-02 07:05:46.990462,Netherlands,Japan,66051.25,EUR,Wire,6.55,Low,False,Yes
TX-100946,2024-09-08 11:39:54.990462,Italy,India,79483.22,EUR,SWIFT,60.26,Medium,False,Yes
TX-100947,2024-10-06 18:29:49.990462,China,Spain,75155.6,CNY,RTGS,99.81,High,True,Yes
TX-100948,2024-04-30 13:53:33.990462,China,Italy,94231.89,CNY,ACH,10.08,Low,False,Yes
TX-100949,2024-08-20 14:54:12.990462,India,China,39885.82,INR,Wire,82.12,High,True,Yes
TX-100950,2024-10-09 20:50:51.990462,USA,Spain,20718.04,USD,SWIFT,11.88,Low,False,Yes
TX-100951,2024-07-03 14:52:16.990462,Canada,India,55136.17,CAD,SWIFT,66.99,Medium,False,Yes
TX-100952,2025-02-14 14:24:39.990462,India,India,11163.24,INR,SWIFT,64.32,Medium,False,Yes
TX-100953,2025-01-03 15:50:23.990462,Italy,South Africa,28956.23,EUR,RTGS,90.27,High,True,Yes
TX-100954,2024-12-27 14:13:58.990462,UK,Spain,20868.02,GBP,RTGS,11.39,Low,False,Yes
TX-100955,2024-07-13 16:03:20.990462,Russia,Australia,39716.72,RUB,SEPA,31.54,Low,False,Yes
TX-100956,2024-10-01 12:56:42.990462,Australia,China,11210.54,AUD,SEPA,9.08,Low,False,Yes
TX-100957,2024-11-17 00:03:18.990462,UK,India,3280.99,GBP,Wire,40.74,Medium,False,Yes
TX-100958,2024-09-12 01:12:19.990462,USA,Brazil,65713.72,USD,RTGS,91.16,High,True,Yes
TX-100959,2024-03-29 03:12:57.990462,France,Japan,61063.87,EUR,Wire,78.15,High,True,Yes
TX-100960,2024-09-14 01:29:59.990462,Italy,Russia,70865.06,EUR,ACH,72.29,High,True,Yes
TX-100961,2024-10-19 10:00:03.990462,Spain,Japan,66072.61,EUR,Wire,53.3,Medium,False,Yes
TX-100962,2024-10-20 08:45:54.990462,Germany,Australia,11518.04,EUR,SWIFT,88.35,High,True,Yes
TX-100963,2024-09-17 20:02:20.990462,Australia,Australia,29178.78,AUD,SEPA,44.94,Medium,False,Yes
TX-100964,2024-10-26 07:27:25.990462,Spain,France,13039.71,EUR,Wire,14.97,Low,False,Yes
TX-100965,2024-09-10 18:17:32.990462,Spain,China,84312.94,EUR,SEPA,83.76,High,True,Yes
TX-100966,2025-01-04 19:07:37.990462,South Africa,UK,74715.68,ZAR,Wire,27.96,Low,False,Yes
TX-100967,2024-08-14 22:07:33.990462,Netherlands,Netherlands,20232.55,EUR,SEPA,5.36,Low,False,Yes
TX-100968,2024-07-21 00:48:18.990462,Italy,South Africa,34196.79,EUR,SWIFT,12.6,Low,False,Yes
TX-100969,2025-01-18 16:18:31.990462,France,France,96664.84,EUR,Wire,60.91,Medium,False,Yes
TX-100970,2024-11-06 14:45:53.990462,South Africa,UK,59456.52,ZAR,RTGS,60.71,Medium,False,Yes
TX-100971,2024-03-24 18:36:07.990462,Russia,South Africa,80135.44,RUB,RTGS,26.02,Low,False,Yes
TX-100972,2025-02-20 22:12:18.990462,Italy,France,26532.64,EUR,SWIFT,72.72,High,True,Yes
TX-100973,2025-03-03 19:33:31.990462,France,Germany,21084.29,EUR,RTGS,77.36,High,True,Yes
TX-100974,2024-03-22 05:11:02.990462,Russia,Australia,78413.3,RUB,SEPA,92.05,High,True,Yes
TX-100975,2025-01-21 20:05:19.990462,Canada,Spain,68618.66,CAD,ACH,58.49,Medium,False,Yes
TX-100976,2024-07-08 23:42:47.990462,Australia,France,68129.7,AUD,RTGS,77.94,High,True,Yes
TX-100977,2024-08-08 22:27:11.990462,USA,South Africa,55308.19,USD,Wire,75.31,High,True,Yes
TX-100978,2024-07-31 10:03:00.990462,Brazil,Russia,56401.48,BRL,RTGS,25.78,Low,False,Yes
TX-100979,2024-11-04 05:41:20.990462,Japan,USA,73596.18,JPY,SEPA,31.02,Low,False,Yes
TX-100980,2025-02-08 02:05:50.990462,USA,UK,27073.25,USD,Wire,47.85,Medium,False,Yes
TX-100981,2025-01-13 00:16:41.990462,Spain,Spain,35341.57,EUR,SEPA,1.9,Low,False,Yes
TX-100982,2024-12-31 00:37:12.990462,Germany,France,87176.51,EUR,SWIFT,29.74,Low,False,Yes
TX-100983,2024-12-29 04:49:57.990462,India,Australia,30955.63,INR,RTGS,47.39,Medium,False,Yes
TX-100984,2024-08-05 21:10:50.990462,Canada,UK,54676.33,CAD,RTGS,10.81,Low,False,Yes
TX-100985,2025-01-15 13:40:58.990462,South Africa,China,70293.68,ZAR,SEPA,12.63,Low,False,Yes
TX-100986,2025-03-12 18:01:07.990462,India,Netherlands,99992.49,INR,Wire,46.32,Medium,False,Yes
TX-100987,2024-10-23 11:05:11.990462,USA,UK,43585.6,USD,ACH,73.1,High,True,Yes
TX-100988,2024-09-24 17:20:46.990462,South Africa,Brazil,42866.48,ZAR,SEPA,83.37,High,True,Yes
TX-100989,2024-08-25 12:08:46.990462,USA,Japan,84274.58,USD,RTGS,54.63,Medium,False,Yes
TX-100990,2024-06-14 11:53:22.990462,Germany,France,80569.76,EUR,ACH,47.47,Medium,False,Yes
TX-100991,2024-05-29 15:24:52.990462,Germany,UK,73134.48,EUR,SEPA,38.43,Low,False,Yes
TX-100992,2025-02-03 23:51:47.990462,Russia,UK,46376.64,RUB,SWIFT,19.29,Low,False,Yes
TX-100993,2024-07-26 16:54:16.990462,USA,Russia,32461.52,USD,ACH,14.66,Low,False,Yes
TX-100994,2024-06-06 22:49:28.990462,China,Brazil,60912.18,CNY,RTGS,79.19,High,True,Yes
TX-100995,2025-03-16 16:47:34.990462,UK,Brazil,87634.71,GBP,SEPA,46.5,Medium,False,Yes
TX-100996,2025-02-24 06:11:06.990462,Germany,Netherlands,88389.37,EUR,RTGS,79.03,High,True,Yes
TX-100997,2024-08-06 23:27:45.990462,UK,India,10938.98,GBP,ACH,70.41,High,True,Yes
TX-100998,2024-10-01 18:17:30.990462,Australia,South Africa,42892.19,AUD,ACH,19.39,Low,False,Yes
TX-100999,2025-01-27 00:27:46.990462,India,UK,46525.72,INR,ACH,51.03,Medium,False,Yes
TX-101000,2025-01-15 18:14:29.991465,Canada,UK,97763.78,CAD,RTGS,44.4,Medium,False,Yes
TX-101001,2025-01-01 21:59:45.991465,China,Germany,67832.0,CNY,SWIFT,42.39,Medium,False,Yes
TX-101002,2024-06-27 09:23:11.991465,Germany,Canada,40783.92,EUR,ACH,54.26,Medium,False,Yes
TX-101003,2024-12-09 13:04:45.991465,Australia,USA,2703.18,AUD,ACH,98.21,High,True,Yes
TX-101004,2024-07-05 08:29:35.991465,Brazil,Spain,56581.98,BRL,RTGS,81.29,High,True,Yes
TX-101005,2024-12-06 22:02:34.991465,France,China,9697.99,EUR,RTGS,90.37,High,True,Yes
TX-101006,2024-12-23 17:33:33.991465,South Africa,UK,83461.55,ZAR,ACH,2.96,Low,False,Yes
TX-101007,2025-01-15 00:28:10.991465,Spain,Australia,75276.61,EUR,SEPA,14.03,Low,False,Yes
TX-101008,2024-10-23 16:05:19.991465,UK,France,46104.87,GBP,Wire,8.48,Low,False,Yes
TX-101009,2024-08-17 00:52:01.991465,China,Spain,42978.16,CNY,SWIFT,26.32,Low,False,Yes
TX-101010,2024-07-28 14:30:31.991465,China,UK,89744.16,CNY,SEPA,44.19,Medium,False,Yes
TX-101011,2025-01-14 18:58:18.991465,Brazil,Germany,28916.99,BRL,Wire,64.21,Medium,False,Yes
TX-101012,2025-01-11 04:46:01.991465,Brazil,Japan,24977.09,BRL,ACH,50.08,Medium,False,Yes
TX-101013,2024-12-13 12:15:12.991465,Canada,Brazil,93925.82,CAD,RTGS,90.32,High,True,Yes
TX-101014,2025-02-23 14:27:31.991465,South Africa,USA,80943.66,ZAR,SEPA,93.99,High,True,Yes
TX-101015,2025-03-16 13:37:36.991465,Russia,India,82080.5,RUB,SEPA,16.35,Low,False,Yes
TX-101016,2024-04-07 00:58:36.991465,UK,Spain,19599.86,GBP,SWIFT,85.29,High,True,Yes
TX-101017,2024-07-02 11:11:49.991465,France,Spain,14415.27,EUR,SWIFT,48.17,Medium,False,Yes
TX-101018,2025-01-14 02:40:52.991465,Canada,UK,2700.35,CAD,Wire,45.33,Medium,False,Yes
TX-101019,2024-12-22 18:14:08.991465,China,Spain,23780.45,CNY,SEPA,78.49,High,True,Yes
TX-101020,2024-05-07 04:22:01.991465,USA,Australia,77441.63,USD,ACH,9.31,Low,False,Yes
TX-101021,2024-12-19 02:13:12.991465,Netherlands,Japan,24079.84,EUR,Wire,88.25,High,True,Yes
TX-101022,2025-01-01 04:39:15.991465,France,UK,72937.42,EUR,SEPA,67.09,Medium,False,Yes
TX-101023,2024-05-08 01:52:00.991465,China,Japan,25265.64,CNY,ACH,87.53,High,True,Yes
TX-101024,2024-08-21 11:52:52.991465,India,France,39589.72,INR,RTGS,99.45,High,True,Yes
TX-101025,2024-08-20 00:22:32.991465,Netherlands,Canada,98317.91,EUR,SWIFT,51.8,Medium,False,Yes
TX-101026,2024-07-31 06:57:13.991465,Italy,Netherlands,24556.69,EUR,SWIFT,9.33,Low,False,Yes
TX-101027,2024-08-21 19:10:31.991465,Italy,USA,37699.43,EUR,Wire,16.65,Low,False,Yes
TX-101028,2024-06-01 22:11:53.991465,Brazil,Italy,30178.61,BRL,SWIFT,32.36,Low,False,Yes
TX-101029,2024-06-15 15:45:07.991465,Germany,Netherlands,11051.54,EUR,SWIFT,10.36,Low,False,Yes
TX-101030,2024-12-05 04:01:21.991465,Canada,Australia,49040.42,CAD,ACH,81.53,High,True,Yes
TX-101031,2024-05-30 00:01:16.991465,China,South Africa,37931.2,CNY,RTGS,29.69,Low,False,Yes
TX-101032,2024-08-22 16:46:36.991465,Brazil,UK,69519.22,BRL,ACH,97.59,High,True,Yes
TX-101033,2025-01-23 05:11:50.991465,Russia,Australia,81777.7,RUB,ACH,70.26,High,True,Yes
TX-101034,2025-01-08 22:35:53.991465,India,Netherlands,54470.55,INR,RTGS,17.34,Low,False,Yes
TX-101035,2024-06-08 19:08:11.991465,Germany,Spain,3316.42,EUR,SEPA,47.6,Medium,False,Yes
TX-101036,2024-12-05 08:12:11.991465,Canada,UK,61930.34,CAD,Wire,46.69,Medium,False,Yes
TX-101037,2024-09-05 11:29:33.991465,Brazil,USA,5633.53,BRL,ACH,49.25,Medium,False,Yes
TX-101038,2024-09-05 19:33:35.991465,South Africa,Brazil,61674.0,ZAR,RTGS,53.57,Medium,False,Yes
TX-101039,2024-05-03 13:03:28.991465,France,Japan,68534.49,EUR,SWIFT,3.12,Low,False,Yes
TX-101040,2024-08-05 14:11:40.991465,Russia,Japan,19856.99,RUB,RTGS,68.63,Medium,False,Yes
TX-101041,2024-07-13 01:13:30.991465,India,Spain,81952.68,INR,SWIFT,48.72,Medium,False,Yes
TX-101042,2024-10-16 18:22:57.991465,China,India,91117.4,CNY,ACH,79.1,High,True,Yes
TX-101043,2024-04-12 02:08:46.991465,South Africa,Brazil,81327.39,ZAR,SWIFT,81.53,High,True,Yes
TX-101044,2024-12-13 14:31:11.991465,Canada,France,30580.41,CAD,SWIFT,23.05,Low,False,Yes
TX-101045,2024-07-16 12:42:10.991465,South Africa,Australia,58705.64,ZAR,SEPA,4.84,Low,False,Yes
TX-101046,2024-09-03 11:42:53.991465,China,Netherlands,91490.03,CNY,SWIFT,70.32,High,True,Yes
TX-101047,2024-10-11 01:13:46.991465,South Africa,France,32134.41,ZAR,SWIFT,97.78,High,True,Yes
TX-101048,2024-05-24 07:16:08.991465,USA,South Africa,82020.78,USD,RTGS,44.67,Medium,False,Yes
TX-101049,2024-06-24 17:46:09.991465,Spain,China,1046.57,EUR,SWIFT,25.96,Low,False,Yes
TX-101050,2024-08-31 01:46:23.991465,Japan,India,464.31,JPY,ACH,15.67,Low,False,Yes
TX-101051,2025-02-25 10:00:23.991465,Italy,UK,75995.19,EUR,RTGS,28.74,Low,False,Yes
TX-101052,2024-08-28 09:57:03.991465,India,South Africa,76168.61,INR,SEPA,32.79,Low,False,Yes
TX-101053,2024-11-14 09:35:16.991465,Spain,China,78918.82,EUR,RTGS,42.39,Medium,False,Yes
TX-101054,2024-05-04 20:39:35.991465,Canada,Brazil,93009.68,CAD,SEPA,65.54,Medium,False,Yes
TX-101055,2024-08-24 20:29:16.991465,Japan,Netherlands,11878.84,JPY,ACH,27.32,Low,False,Yes
TX-101056,2024-08-13 05:24:06.991465,India,Netherlands,23275.3,INR,SWIFT,5.1,Low,False,Yes
TX-101057,2024-08-14 13:12:53.991465,Spain,Australia,90382.12,EUR,ACH,37.33,Low,False,Yes
TX-101058,2025-01-03 20:12:36.991465,USA,Spain,17805.9,USD,SEPA,85.56,High,True,Yes
TX-101059,2024-08-24 07:52:15.992470,Russia,Brazil,68254.7,RUB,ACH,49.84,Medium,False,Yes
TX-101060,2024-06-03 07:48:46.992470,Italy,Canada,53093.25,EUR,ACH,96.48,High,True,Yes
TX-101061,2024-11-25 20:41:09.992470,Russia,Brazil,8411.05,RUB,SWIFT,50.36,Medium,False,Yes
TX-101062,2025-01-01 16:58:20.992470,Australia,Australia,28597.84,AUD,ACH,27.59,Low,False,Yes
TX-101063,2024-06-10 00:40:59.992470,Canada,Netherlands,52085.18,CAD,ACH,19.33,Low,False,Yes
TX-101064,2024-07-20 00:37:32.992470,Italy,USA,85249.78,EUR,ACH,69.45,Medium,False,Yes
TX-101065,2024-11-13 07:14:56.992470,Spain,UK,70783.1,EUR,ACH,53.64,Medium,False,Yes
TX-101066,2024-12-21 23:55:13.992470,India,India,62226.13,INR,SEPA,60.4,Medium,False,Yes
TX-101067,2025-01-13 08:41:28.992470,Netherlands,Japan,49653.69,EUR,ACH,75.51,High,True,Yes
TX-101068,2024-05-23 20:39:27.992470,Russia,Canada,29938.53,RUB,SEPA,72.59,High,True,Yes
TX-101069,2024-06-27 12:57:51.992470,Australia,France,12012.57,AUD,RTGS,4.34,Low,False,Yes
TX-101070,2024-12-30 02:44:34.992470,Brazil,USA,40966.7,BRL,SEPA,80.26,High,True,Yes
TX-101071,2024-04-22 12:08:41.992470,UK,Italy,2949.0,GBP,SEPA,53.27,Medium,False,Yes
TX-101072,2024-05-29 00:28:29.992470,Italy,China,21184.48,EUR,Wire,39.17,Low,False,Yes
TX-101073,2025-03-04 18:34:08.992470,UK,Russia,43305.09,GBP,SEPA,53.75,Medium,False,Yes
TX-101074,2024-05-26 10:39:10.992470,Brazil,Germany,41918.66,BRL,Wire,61.25,Medium,False,Yes
TX-101075,2024-09-29 11:49:42.992470,Japan,Australia,4525.11,JPY,SEPA,14.95,Low,False,Yes
TX-101076,2025-01-27 10:59:51.992470,India,Spain,58947.11,INR,ACH,41.74,Medium,False,Yes
TX-101077,2024-03-22 10:39:13.992470,France,Canada,55013.46,EUR,SWIFT,33.56,Low,False,Yes
TX-101078,2024-04-12 16:56:37.992470,China,Spain,7902.62,CNY,SEPA,35.04,Low,False,Yes
TX-101079,2024-08-13 07:28:11.992470,South Africa,USA,94321.99,ZAR,ACH,9.13,Low,False,Yes
TX-101080,2024-10-03 12:15:36.992470,Netherlands,China,10028.34,EUR,Wire,15.98,Low,False,Yes
TX-101081,2025-01-11 04:17:35.992470,Japan,India,85497.93,JPY,SWIFT,16.18,Low,False,Yes
TX-101082,2024-12-01 12:20:11.992470,South Africa,Germany,130.94,ZAR,SWIFT,37.32,Low,False,Yes
TX-101083,2025-02-05 17:13:11.992470,Australia,China,88239.88,AUD,ACH,89.45,High,True,Yes
TX-101084,2024-10-17 21:05:43.992470,Australia,Japan,2070.0,AUD,ACH,20.6,Low,False,Yes
TX-101085,2024-06-27 08:01:58.992470,Italy,Germany,75805.42,EUR,ACH,41.62,Medium,False,Yes
TX-101086,2025-01-01 18:27:08.992470,Russia,South Africa,36232.91,RUB,Wire,31.16,Low,False,Yes
TX-101087,2024-12-28 06:35:05.992470,Brazil,Netherlands,73847.86,BRL,ACH,78.74,High,True,Yes
TX-101088,2024-12-05 15:56:43.992470,China,South Africa,40234.35,CNY,SEPA,5.01,Low,False,Yes
TX-101089,2025-01-11 08:41:45.992470,France,France,7183.7,EUR,SEPA,19.65,Low,False,Yes
TX-101090,2025-02-13 05:15:46.992470,Spain,Germany,76773.92,EUR,ACH,21.06,Low,False,Yes
TX-101091,2024-12-29 10:54:12.992470,Russia,USA,7218.14,RUB,RTGS,99.3,High,True,Yes
TX-101092,2025-01-21 15:49:09.992470,Germany,Canada,92219.83,EUR,RTGS,57.08,Medium,False,Yes
TX-101093,2024-07-01 10:49:21.992470,Russia,Japan,5192.31,RUB,SWIFT,13.9,Low,False,Yes
TX-101094,2024-08-09 04:40:21.992470,Netherlands,Russia,47984.6,EUR,SWIFT,27.22,Low,False,Yes
TX-101095,2024-07-31 02:50:33.992470,Canada,Australia,72331.14,CAD,RTGS,16.78,Low,False,Yes
TX-101096,2024-03-20 14:22:59.992470,France,India,39385.32,EUR,RTGS,12.46,Low,False,Yes
TX-101097,2024-11-09 12:02:04.992470,Netherlands,India,21801.62,EUR,SEPA,79.72,High,True,Yes
TX-101098,2025-02-28 07:17:44.992470,Australia,Canada,75933.19,AUD,ACH,49.58,Medium,False,Yes
TX-101099,2024-06-28 23:54:03.992470,Germany,Japan,78451.04,EUR,Wire,63.12,Medium,False,Yes
TX-101100,2024-03-22 09:10:53.992470,South Africa,Italy,92277.23,ZAR,Wire,33.13,Low,False,Yes
TX-101101,2025-03-15 20:58:14.992470,Australia,Germany,37678.89,AUD,SWIFT,55.37,Medium,False,Yes
TX-101102,2024-07-16 14:35:47.992470,China,Australia,50674.55,CNY,SWIFT,25.76,Low,False,Yes
TX-101103,2024-08-12 19:28:57.992470,China,Spain,36376.53,CNY,ACH,30.8,Low,False,Yes
TX-101104,2024-11-02 17:07:17.992470,India,China,25782.47,INR,SEPA,65.22,Medium,False,Yes
TX-101105,2024-08-25 13:01:41.992470,Italy,China,75128.19,EUR,RTGS,15.04,Low,False,Yes
TX-101106,2024-04-23 18:27:37.992470,Spain,Japan,34031.22,EUR,SEPA,61.72,Medium,False,Yes
TX-101107,2024-10-28 20:15:05.992470,USA,USA,42872.13,USD,Wire,85.22,High,True,Yes
TX-101108,2024-08-15 15:11:10.992470,Australia,Netherlands,40427.0,AUD,SEPA,12.04,Low,False,Yes
TX-101109,2025-02-21 01:38:47.992470,Russia,India,71294.86,RUB,SEPA,89.75,High,True,Yes
TX-101110,2024-11-21 15:12:38.992470,Spain,Spain,91787.78,EUR,SWIFT,7.94,Low,False,Yes
TX-101111,2025-02-11 02:20:09.992470,UK,Italy,66708.93,GBP,ACH,34.89,Low,False,Yes
TX-101112,2024-09-22 20:46:55.992470,Australia,UK,47211.1,AUD,RTGS,61.05,Medium,False,Yes
TX-101113,2024-09-29 09:48:39.992470,Germany,Brazil,77942.59,EUR,RTGS,55.94,Medium,False,Yes
TX-101114,2025-01-22 14:55:04.992470,Spain,Russia,64133.04,EUR,SEPA,9.64,Low,False,Yes
TX-101115,2024-08-06 16:59:39.992470,South Africa,Italy,6154.97,ZAR,Wire,79.89,High,True,Yes
TX-101116,2025-01-27 09:42:34.993468,France,Spain,9656.79,EUR,Wire,97.32,High,True,Yes
TX-101117,2024-11-16 08:57:51.993468,Spain,Italy,3887.9,EUR,Wire,18.12,Low,False,Yes
TX-101118,2024-03-28 19:11:11.993468,France,Spain,45735.95,EUR,ACH,89.51,High,True,Yes
TX-101119,2024-08-29 22:45:11.993468,Netherlands,USA,82602.76,EUR,ACH,55.68,Medium,False,Yes
TX-101120,2025-01-02 13:08:19.993468,China,France,31377.01,CNY,RTGS,93.59,High,True,Yes
TX-101121,2024-10-19 04:16:15.993468,Brazil,Spain,38477.6,BRL,ACH,17.61,Low,False,Yes
TX-101122,2024-08-22 12:05:07.993468,Netherlands,Spain,90956.76,EUR,SEPA,79.2,High,True,Yes
TX-101123,2024-07-29 06:17:12.993468,France,France,83706.65,EUR,ACH,5.98,Low,False,Yes
TX-101124,2025-02-16 00:34:52.993468,Japan,Australia,66538.31,JPY,Wire,88.32,High,True,Yes
TX-101125,2024-03-31 12:15:42.993468,USA,Russia,26753.7,USD,SEPA,67.42,Medium,False,Yes
TX-101126,2024-08-26 17:37:43.993468,Japan,Japan,11792.44,JPY,SWIFT,37.03,Low,False,Yes
TX-101127,2025-02-26 21:29:11.993468,Germany,Canada,1704.28,EUR,Wire,19.05,Low,False,Yes
TX-101128,2024-10-09 07:06:31.993468,Canada,Germany,10790.37,CAD,ACH,81.65,High,True,Yes
TX-101129,2024-11-27 17:19:58.993468,Germany,Brazil,29330.38,EUR,SEPA,60.32,Medium,False,Yes
TX-101130,2024-12-23 09:28:02.993468,Brazil,Netherlands,55223.83,BRL,SWIFT,36.04,Low,False,Yes
TX-101131,2025-01-21 00:05:26.993468,Italy,Australia,6493.61,EUR,SWIFT,44.38,Medium,False,Yes
TX-101132,2024-08-28 12:16:04.993468,Australia,Brazil,13709.16,AUD,RTGS,82.65,High,True,Yes
TX-101133,2024-12-12 00:31:34.993468,Japan,Italy,18189.96,JPY,ACH,33.89,Low,False,Yes
TX-101134,2024-07-05 00:23:17.993468,South Africa,South Africa,63235.01,ZAR,RTGS,8.96,Low,False,Yes
TX-101135,2025-01-21 12:18:27.993468,Germany,Australia,61617.4,EUR,SWIFT,91.13,High,True,Yes
TX-101136,2024-04-11 11:34:10.993468,Brazil,France,55121.5,BRL,RTGS,38.73,Low,False,Yes
TX-101137,2024-07-11 20:34:49.993468,Australia,UK,25125.09,AUD,Wire,34.84,Low,False,Yes
TX-101138,2024-04-11 00:36:04.993468,India,South Africa,37174.86,INR,SEPA,20.44,Low,False,Yes
TX-101139,2024-05-24 02:54:10.993468,Brazil,Brazil,9759.3,BRL,SWIFT,89.74,High,True,Yes
TX-101140,2024-03-28 17:58:29.993468,Australia,Netherlands,22723.41,AUD,ACH,21.75,Low,False,Yes
TX-101141,2024-07-22 19:03:33.993468,Australia,Italy,89780.75,AUD,RTGS,63.67,Medium,False,Yes
TX-101142,2024-06-17 13:16:34.993468,South Africa,Brazil,97971.21,ZAR,RTGS,88.08,High,True,Yes
TX-101143,2024-04-17 01:05:55.993468,USA,Netherlands,64801.19,USD,ACH,3.49,Low,False,Yes
TX-101144,2024-04-06 06:15:30.993468,Canada,Italy,91690.65,CAD,RTGS,82.88,High,True,Yes
TX-101145,2025-01-27 01:33:24.993468,France,UK,64309.92,EUR,RTGS,41.06,Medium,False,Yes
TX-101146,2024-08-23 20:50:10.993468,Germany,Russia,3416.33,EUR,ACH,65.8,Medium,False,Yes
TX-101147,2024-04-29 15:43:31.993468,Italy,China,99676.58,EUR,Wire,37.24,Low,False,Yes
TX-101148,2024-07-25 11:48:08.993468,Brazil,China,9985.33,BRL,SWIFT,69.55,Medium,False,Yes
TX-101149,2024-12-29 02:51:04.993468,Germany,Canada,68295.92,EUR,Wire,25.43,Low,False,Yes
TX-101150,2024-03-22 03:40:55.993468,France,UK,25358.34,EUR,ACH,2.19,Low,False,Yes
TX-101151,2024-12-08 07:13:39.993468,India,Germany,39258.91,INR,ACH,94.78,High,True,Yes
TX-101152,2024-12-09 05:36:23.993468,China,France,64628.83,CNY,SEPA,1.64,Low,False,Yes
TX-101153,2024-11-24 22:42:54.993468,Spain,Australia,43705.09,EUR,SWIFT,82.41,High,True,Yes
TX-101154,2024-06-08 04:14:38.993468,Australia,Russia,25129.55,AUD,SWIFT,16.91,Low,False,Yes
TX-101155,2024-06-24 08:52:10.993468,Japan,Japan,33511.17,JPY,ACH,39.22,Low,False,Yes
TX-101156,2025-02-09 05:44:33.993468,Japan,Spain,34220.66,JPY,SEPA,82.25,High,True,Yes
TX-101157,2024-09-22 23:34:43.993468,Spain,Canada,95936.46,EUR,SWIFT,20.59,Low,False,Yes
TX-101158,2024-12-04 22:13:53.993468,Italy,Netherlands,79881.44,EUR,SEPA,86.57,High,True,Yes
TX-101159,2024-06-22 04:46:33.993468,Brazil,China,45909.02,BRL,ACH,49.78,Medium,False,Yes
TX-101160,2024-06-28 06:59:25.993468,Japan,South Africa,20062.11,JPY,ACH,36.62,Low,False,Yes
TX-101161,2024-12-15 03:44:10.993468,Spain,Italy,81120.51,EUR,SWIFT,66.24,Medium,False,Yes
TX-101162,2025-03-11 01:15:13.993468,Spain,Canada,15802.53,EUR,ACH,34.14,Low,False,Yes
TX-101163,2025-01-19 10:52:50.993468,Brazil,USA,21125.18,BRL,ACH,34.73,Low,False,Yes
TX-101164,2025-01-18 19:12:33.993468,Australia,Italy,36664.74,AUD,RTGS,73.35,High,True,Yes
TX-101165,2024-11-03 07:35:51.993468,France,India,88046.78,EUR,Wire,30.98,Low,False,Yes
TX-101166,2024-05-19 03:33:30.993468,France,Netherlands,13265.49,EUR,SWIFT,20.08,Low,False,Yes
TX-101167,2024-07-11 07:36:04.993468,France,France,12311.2,EUR,Wire,80.76,High,True,Yes
TX-101168,2024-05-18 05:58:58.993468,Germany,Italy,49448.1,EUR,SEPA,80.54,High,True,Yes
TX-101169,2024-03-23 23:10:57.993468,Canada,UK,27713.41,CAD,SEPA,49.76,Medium,False,Yes
TX-101170,2024-03-31 00:25:16.993468,Brazil,Japan,56915.92,BRL,SEPA,52.67,Medium,False,Yes
TX-101171,2024-11-01 12:58:35.993468,Germany,Australia,45218.5,EUR,SEPA,69.61,Medium,False,Yes
TX-101172,2024-07-28 08:58:11.993468,Spain,Brazil,43552.41,EUR,Wire,50.93,Medium,False,Yes
TX-101173,2024-09-16 11:12:39.993468,Canada,China,11286.1,CAD,RTGS,41.7,Medium,False,Yes
TX-101174,2024-05-17 17:34:50.994458,Brazil,South Africa,14190.86,BRL,Wire,99.49,High,True,Yes
TX-101175,2024-11-18 12:07:16.994458,Japan,Netherlands,82125.75,JPY,RTGS,14.76,Low,False,Yes
TX-101176,2024-08-12 22:11:59.994458,South Africa,UK,88599.69,ZAR,ACH,59.27,Medium,False,Yes
TX-101177,2025-01-24 17:18:04.994458,Brazil,Germany,23544.88,BRL,Wire,88.59,High,True,Yes
TX-101178,2024-05-21 08:32:50.994458,UK,UK,11434.7,GBP,RTGS,68.72,Medium,False,Yes
TX-101179,2024-10-16 08:14:55.994458,Germany,Russia,5436.33,EUR,SEPA,88.09,High,True,Yes
TX-101180,2024-11-14 07:27:54.994458,Germany,Italy,60868.93,EUR,Wire,33.63,Low,False,Yes
TX-101181,2024-09-14 04:50:18.994458,Brazil,France,71563.79,BRL,RTGS,27.2,Low,False,Yes
TX-101182,2024-09-05 15:56:53.994458,Australia,Japan,37343.72,AUD,ACH,85.13,High,True,Yes
TX-101183,2024-08-28 03:16:06.994458,France,Australia,67999.62,EUR,RTGS,39.41,Low,False,Yes
TX-101184,2024-09-20 18:42:56.994458,Brazil,USA,71324.59,BRL,SEPA,70.97,High,True,Yes
TX-101185,2024-09-23 21:59:22.994458,China,Russia,93540.69,CNY,ACH,14.77,Low,False,Yes
TX-101186,2025-01-18 23:54:02.994458,South Africa,Russia,6580.88,ZAR,RTGS,75.58,High,True,Yes
TX-101187,2024-12-23 18:44:51.994458,Japan,France,19309.94,JPY,ACH,54.9,Medium,False,Yes
TX-101188,2024-09-28 22:44:23.994458,China,Russia,6945.75,CNY,Wire,26.86,Low,False,Yes
TX-101189,2024-05-08 02:10:29.994458,France,China,86812.59,EUR,Wire,49.45,Medium,False,Yes
TX-101190,2024-11-24 01:01:43.994458,Canada,France,79279.46,CAD,RTGS,69.69,Medium,False,Yes
TX-101191,2024-11-04 12:01:12.994458,Russia,Australia,57506.74,RUB,Wire,1.19,Low,False,Yes
TX-101192,2024-11-04 23:38:42.994458,Germany,Japan,8457.97,EUR,RTGS,63.75,Medium,False,Yes
TX-101193,2024-04-28 07:07:38.994458,France,Brazil,27403.9,EUR,Wire,54.16,Medium,False,Yes
TX-101194,2024-04-28 06:34:54.994458,Germany,Australia,29842.21,EUR,RTGS,22.03,Low,False,Yes
TX-101195,2024-09-25 00:52:06.994458,Spain,Germany,56118.25,EUR,SWIFT,75.3,High,True,Yes
TX-101196,2024-07-15 00:58:22.994458,UK,USA,25878.59,GBP,RTGS,30.35,Low,False,Yes
TX-101197,2024-07-24 09:43:03.994458,France,South Africa,7388.69,EUR,Wire,27.69,Low,False,Yes
TX-101198,2024-05-15 16:46:13.994458,USA,USA,73103.15,USD,RTGS,47.12,Medium,False,Yes
TX-101199,2024-04-15 03:27:02.994458,Brazil,UK,29978.11,BRL,SEPA,67.61,Medium,False,Yes
TX-101200,2024-03-26 21:23:43.994458,Japan,France,45292.18,JPY,RTGS,92.88,High,True,Yes
TX-101201,2024-11-03 23:42:24.994458,UK,France,12853.9,GBP,SWIFT,14.14,Low,False,Yes
TX-101202,2024-10-17 06:02:21.994458,France,India,80274.58,EUR,Wire,39.65,Low,False,Yes
TX-101203,2024-06-04 12:12:38.994458,USA,Russia,56596.63,USD,SEPA,6.7,Low,False,Yes
TX-101204,2025-02-22 22:49:33.994458,USA,India,90168.4,USD,ACH,75.86,High,True,Yes
TX-101205,2024-09-06 05:00:26.994458,Japan,Australia,49597.61,JPY,SEPA,44.77,Medium,False,Yes
TX-101206,2024-06-12 03:25:33.994458,France,Canada,94148.42,EUR,SEPA,70.69,High,True,Yes
TX-101207,2025-02-13 08:41:02.994458,Brazil,India,89197.63,BRL,SWIFT,32.22,Low,False,Yes
TX-101208,2024-06-12 09:24:32.994458,UK,India,57688.34,GBP,ACH,84.43,High,True,Yes
TX-101209,2024-07-03 23:33:44.994458,India,Netherlands,93395.95,INR,Wire,53.48,Medium,False,Yes
TX-101210,2024-08-16 13:05:58.994458,Russia,France,32376.57,RUB,SWIFT,94.36,High,True,Yes
TX-101211,2024-07-27 20:21:13.994458,South Africa,Italy,36627.65,ZAR,RTGS,7.88,Low,False,Yes
TX-101212,2024-12-19 04:13:19.994458,Australia,UK,4643.25,AUD,ACH,51.43,Medium,False,Yes
TX-101213,2024-10-30 18:30:08.994458,Canada,Australia,58961.17,CAD,SEPA,76.65,High,True,Yes
TX-101214,2024-10-14 09:32:49.994458,Russia,Netherlands,72220.2,RUB,RTGS,60.02,Medium,False,Yes
TX-101215,2024-05-06 23:34:40.994458,USA,Brazil,77374.57,USD,SEPA,2.32,Low,False,Yes
TX-101216,2024-12-03 12:57:17.994458,China,India,15066.65,CNY,Wire,97.23,High,True,Yes
TX-101217,2025-01-31 04:53:03.994458,France,Germany,44471.49,EUR,SEPA,29.83,Low,False,Yes
TX-101218,2024-04-23 23:36:52.994458,Australia,USA,17768.63,AUD,RTGS,24.93,Low,False,Yes
TX-101219,2024-10-22 22:23:50.994458,Australia,Canada,66246.52,AUD,ACH,48.57,Medium,False,Yes
TX-101220,2024-10-26 08:43:25.994458,Australia,South Africa,15878.84,AUD,Wire,54.22,Medium,False,Yes
TX-101221,2024-11-28 01:31:26.994458,Spain,France,90425.95,EUR,RTGS,76.63,High,True,Yes
TX-101222,2024-05-05 05:55:21.994458,UK,Australia,23140.4,GBP,SEPA,39.33,Low,False,Yes
TX-101223,2025-02-03 23:02:11.994458,USA,Canada,29211.09,USD,Wire,44.0,Medium,False,Yes
TX-101224,2024-06-30 08:18:22.994458,France,China,85105.54,EUR,Wire,53.5,Medium,False,Yes
TX-101225,2024-10-20 08:51:40.994458,Russia,Brazil,45900.91,RUB,SWIFT,39.44,Low,False,Yes
TX-101226,2024-09-22 17:40:52.994458,Australia,Spain,2497.19,AUD,ACH,91.45,High,True,Yes
TX-101227,2024-12-08 01:28:26.994458,Canada,China,49509.17,CAD,SEPA,85.13,High,True,Yes
TX-101228,2024-08-27 22:46:09.994458,Russia,Australia,8545.88,RUB,SWIFT,45.5,Medium,False,Yes
TX-101229,2025-02-26 20:31:35.994458,Canada,China,98535.94,CAD,ACH,0.02,Low,False,Yes
TX-101230,2024-12-11 02:36:53.994458,Italy,Italy,58852.35,EUR,SWIFT,90.09,High,True,Yes
TX-101231,2025-03-03 11:04:21.995460,Australia,Russia,25727.61,AUD,RTGS,12.43,Low,False,Yes
TX-101232,2024-12-30 08:37:25.995460,Canada,France,56415.4,CAD,ACH,24.45,Low,False,Yes
TX-101233,2024-10-29 07:50:08.995460,China,India,7779.02,CNY,RTGS,15.24,Low,False,Yes
TX-101234,2024-03-27 04:29:40.995460,India,India,80009.14,INR,SEPA,17.98,Low,False,Yes
TX-101235,2024-12-15 07:57:01.995460,India,Australia,92540.27,INR,SWIFT,80.29,High,True,Yes
TX-101236,2024-09-16 04:15:42.995460,USA,Brazil,87456.99,USD,RTGS,57.95,Medium,False,Yes
TX-101237,2024-08-17 11:14:21.995460,UK,Russia,34241.58,GBP,ACH,95.61,High,True,Yes
TX-101238,2025-01-26 06:47:15.995460,UK,Canada,32644.24,GBP,RTGS,23.15,Low,False,Yes
TX-101239,2024-07-19 05:24:47.995460,South Africa,Spain,3605.25,ZAR,SWIFT,48.56,Medium,False,Yes
TX-101240,2024-07-09 13:22:33.995460,China,Japan,65174.9,CNY,SWIFT,97.74,High,True,Yes
TX-101241,2024-10-16 13:08:33.995460,France,Brazil,53536.99,EUR,SWIFT,82.64,High,True,Yes
TX-101242,2024-12-30 09:48:08.995460,Canada,China,45988.7,CAD,SWIFT,72.86,High,True,Yes
TX-101243,2024-09-07 15:07:02.995460,Germany,USA,90772.33,EUR,ACH,18.9,Low,False,Yes
TX-101244,2024-07-17 05:18:20.995460,Canada,Russia,16871.1,CAD,SWIFT,76.94,High,True,Yes
TX-101245,2024-04-25 12:56:54.995460,Japan,France,1065.66,JPY,Wire,34.76,Low,False,Yes
TX-101246,2024-12-10 05:45:50.995460,South Africa,UK,7424.31,ZAR,Wire,53.05,Medium,False,Yes
TX-101247,2024-04-03 23:33:06.995460,Italy,China,22414.81,EUR,RTGS,60.92,Medium,False,Yes
TX-101248,2024-08-12 20:12:19.995460,China,USA,3425.23,CNY,RTGS,60.94,Medium,False,Yes
TX-101249,2025-01-12 22:24:13.995460,China,UK,50334.09,CNY,Wire,72.65,High,True,Yes
TX-101250,2024-11-10 14:41:48.995460,South Africa,Spain,31477.64,ZAR,SWIFT,66.17,Medium,False,Yes
TX-101251,2024-08-14 19:48:33.995460,China,Australia,18130.25,CNY,RTGS,6.84,Low,False,Yes
TX-101252,2024-10-27 07:51:23.995460,Germany,Netherlands,75033.4,EUR,ACH,45.73,Medium,False,Yes
TX-101253,2024-08-14 15:43:12.995460,South Africa,Brazil,20524.69,ZAR,Wire,66.4,Medium,False,Yes
TX-101254,2025-02-25 03:51:23.995460,Japan,UK,68791.75,JPY,ACH,29.6,Low,False,Yes
TX-101255,2025-02-28 05:20:50.995460,Italy,Spain,34991.56,EUR,ACH,31.31,Low,False,Yes
TX-101256,2024-11-30 09:32:50.995460,Australia,UK,51231.59,AUD,SWIFT,12.46,Low,False,Yes
TX-101257,2024-10-16 07:14:33.995460,Netherlands,USA,93393.32,EUR,SWIFT,41.86,Medium,False,Yes
TX-101258,2024-12-25 05:17:11.995460,Australia,France,3831.43,AUD,SWIFT,98.68,High,True,Yes
TX-101259,2024-06-20 04:40:28.995460,France,Spain,50076.42,EUR,ACH,28.53,Low,False,Yes
TX-101260,2024-06-13 00:01:21.995460,Russia,Italy,85456.85,RUB,SWIFT,53.14,Medium,False,Yes
TX-101261,2024-12-19 16:48:16.995460,China,India,58838.63,CNY,SEPA,74.32,High,True,Yes
TX-101262,2024-09-22 10:20:54.995460,Italy,Netherlands,27759.36,EUR,ACH,1.35,Low,False,Yes
TX-101263,2024-09-16 18:10:48.995460,France,Spain,39828.35,EUR,SWIFT,90.04,High,True,Yes
TX-101264,2024-09-23 20:46:19.995460,China,USA,68058.54,CNY,SWIFT,38.66,Low,False,Yes
TX-101265,2024-04-05 14:31:24.995460,China,France,89092.11,CNY,ACH,86.91,High,True,Yes
TX-101266,2024-04-15 17:24:28.995460,USA,France,4202.53,USD,Wire,3.89,Low,False,Yes
TX-101267,2024-07-02 18:23:58.995460,China,Japan,7246.73,CNY,SWIFT,14.57,Low,False,Yes
TX-101268,2024-07-23 00:02:28.995460,Brazil,India,32572.65,BRL,SEPA,32.25,Low,False,Yes
TX-101269,2024-07-31 03:14:23.995460,Canada,Netherlands,23354.69,CAD,Wire,34.55,Low,False,Yes
TX-101270,2024-09-19 09:50:37.995460,South Africa,Canada,26566.6,ZAR,SEPA,84.78,High,True,Yes
TX-101271,2024-07-24 07:04:49.995460,Germany,Japan,22204.87,EUR,Wire,1.12,Low,False,Yes
TX-101272,2024-12-03 05:33:28.995460,India,Germany,19662.92,INR,SEPA,64.11,Medium,False,Yes
TX-101273,2024-06-29 09:14:48.995460,Germany,South Africa,13149.33,EUR,SWIFT,13.13,Low,False,Yes
TX-101274,2024-10-27 10:39:58.995460,France,India,93402.02,EUR,SEPA,82.32,High,True,Yes
TX-101275,2024-03-27 01:15:38.995460,India,UK,14504.53,INR,Wire,77.86,High,True,Yes
TX-101276,2025-01-13 14:00:44.995460,Canada,South Africa,20519.94,CAD,SEPA,49.99,Medium,False,Yes
TX-101277,2024-10-21 22:50:40.995460,UK,Canada,24701.95,GBP,SEPA,21.27,Low,False,Yes
TX-101278,2024-05-22 00:33:18.995460,Germany,China,93308.19,EUR,SEPA,63.45,Medium,False,Yes
TX-101279,2024-07-07 02:17:22.995460,UK,South Africa,75595.84,GBP,SWIFT,15.63,Low,False,Yes
TX-101280,2024-06-10 21:02:55.995460,Japan,UK,78990.97,JPY,SWIFT,19.0,Low,False,Yes
TX-101281,2025-01-24 18:45:47.995460,Canada,Japan,10565.35,CAD,SEPA,62.67,Medium,False,Yes
TX-101282,2024-03-28 23:12:54.995460,UK,Spain,83647.36,GBP,RTGS,99.12,High,True,Yes
TX-101283,2024-03-30 19:38:06.995460,USA,Russia,40878.49,USD,Wire,89.11,High,True,Yes
TX-101284,2024-04-06 01:58:13.995460,Italy,Spain,26356.02,EUR,Wire,59.31,Medium,False,Yes
TX-101285,2024-11-14 17:10:52.995460,Australia,Russia,57617.43,AUD,SWIFT,53.85,Medium,False,Yes
TX-101286,2024-05-25 19:07:09.995460,Brazil,Russia,82236.07,BRL,RTGS,99.84,High,True,Yes
TX-101287,2024-10-14 14:42:39.995460,China,India,77887.35,CNY,RTGS,54.74,Medium,False,Yes
TX-101288,2024-07-26 18:25:38.996457,Australia,South Africa,89010.75,AUD,RTGS,42.01,Medium,False,Yes
TX-101289,2024-07-26 20:50:55.996457,France,France,92820.41,EUR,Wire,90.96,High,True,Yes
TX-101290,2024-04-10 10:14:51.996457,USA,France,23888.39,USD,SWIFT,23.42,Low,False,Yes
TX-101291,2024-10-29 22:20:47.996457,Germany,India,42443.4,EUR,SWIFT,9.75,Low,False,Yes
TX-101292,2025-01-04 12:09:47.996457,France,Brazil,1561.39,EUR,Wire,63.41,Medium,False,Yes
TX-101293,2025-01-20 16:19:25.996457,Brazil,Brazil,87944.23,BRL,SEPA,9.58,Low,False,Yes
TX-101294,2025-03-11 08:22:18.996457,France,Spain,15541.76,EUR,RTGS,37.31,Low,False,Yes
TX-101295,2024-10-05 09:39:31.996457,Brazil,Canada,86161.33,BRL,ACH,42.36,Medium,False,Yes
TX-101296,2024-12-02 08:52:49.996457,Russia,Japan,33005.79,RUB,ACH,54.75,Medium,False,Yes
TX-101297,2024-05-13 02:15:46.996457,Australia,China,36876.55,AUD,SEPA,99.17,High,True,Yes
TX-101298,2024-04-06 08:20:06.996457,Canada,Spain,4009.31,CAD,SWIFT,22.1,Low,False,Yes
TX-101299,2024-07-14 10:40:41.996457,India,Russia,32755.19,INR,SWIFT,37.58,Low,False,Yes
TX-101300,2024-10-24 10:57:44.996457,Germany,UK,88847.53,EUR,Wire,13.22,Low,False,Yes
TX-101301,2024-10-19 05:20:10.996457,Netherlands,USA,2652.19,EUR,RTGS,60.76,Medium,False,Yes
TX-101302,2025-02-15 22:12:47.996457,France,UK,40692.11,EUR,ACH,72.77,High,True,Yes
TX-101303,2024-05-10 17:36:25.996457,South Africa,Japan,3236.82,ZAR,SEPA,48.21,Medium,False,Yes
TX-101304,2024-11-26 10:00:39.996457,South Africa,France,37155.25,ZAR,ACH,24.58,Low,False,Yes
TX-101305,2024-08-21 19:42:48.996457,India,Spain,17346.8,INR,RTGS,62.09,Medium,False,Yes
TX-101306,2024-08-23 08:35:45.996457,China,South Africa,25296.62,CNY,Wire,53.92,Medium,False,Yes
TX-101307,2024-05-16 10:54:28.996457,India,Australia,87772.08,INR,SEPA,17.12,Low,False,Yes
TX-101308,2024-10-14 13:29:31.996457,South Africa,Italy,43661.32,ZAR,Wire,40.57,Medium,False,Yes
TX-101309,2024-08-16 03:27:14.996457,Netherlands,Spain,27452.42,EUR,Wire,43.52,Medium,False,Yes
TX-101310,2024-06-01 10:06:59.996457,Germany,Netherlands,58974.9,EUR,SEPA,98.26,High,True,Yes
TX-101311,2025-01-25 02:16:43.996457,Italy,Netherlands,14296.49,EUR,SEPA,84.93,High,True,Yes
TX-101312,2024-07-12 03:57:56.996457,Canada,UK,26013.22,CAD,SEPA,73.44,High,True,Yes
TX-101313,2025-03-07 18:36:40.996457,Japan,Canada,54670.17,JPY,Wire,88.88,High,True,Yes
TX-101314,2024-09-05 17:16:51.996457,Germany,Germany,23828.55,EUR,ACH,73.55,High,True,Yes
TX-101315,2024-09-15 17:29:58.996457,India,UK,67944.86,INR,ACH,90.34,High,True,Yes
TX-101316,2024-09-16 12:56:38.996457,UK,Japan,49199.98,GBP,ACH,5.46,Low,False,Yes
TX-101317,2024-08-09 16:13:13.996457,Netherlands,Germany,77221.71,EUR,Wire,45.61,Medium,False,Yes
TX-101318,2024-07-08 15:17:52.996457,France,Russia,94829.63,EUR,SEPA,74.69,High,True,Yes
TX-101319,2024-11-23 12:36:36.996457,Russia,Germany,11668.91,RUB,ACH,58.33,Medium,False,Yes
TX-101320,2025-01-24 01:08:49.996457,UK,South Africa,33533.03,GBP,SWIFT,17.52,Low,False,Yes
TX-101321,2024-07-13 12:45:06.996457,Canada,Netherlands,32022.95,CAD,Wire,34.05,Low,False,Yes
TX-101322,2024-08-25 08:22:14.996457,USA,Japan,15203.17,USD,SEPA,31.78,Low,False,Yes
TX-101323,2024-10-01 01:13:13.996457,UK,China,81049.28,GBP,SEPA,26.13,Low,False,Yes
TX-101324,2024-08-12 00:13:09.996457,South Africa,Brazil,76011.88,ZAR,Wire,34.31,Low,False,Yes
TX-101325,2024-05-03 15:04:32.996457,France,Russia,48494.1,EUR,ACH,51.49,Medium,False,Yes
TX-101326,2024-10-01 00:09:56.996457,China,Japan,53823.3,CNY,ACH,85.49,High,True,Yes
TX-101327,2024-06-03 07:42:40.996457,Brazil,Russia,6048.46,BRL,Wire,74.2,High,True,Yes
TX-101328,2025-03-10 19:46:54.996457,Russia,Japan,55595.18,RUB,SWIFT,83.52,High,True,Yes
TX-101329,2024-06-14 16:43:33.996457,China,Brazil,79155.02,CNY,SWIFT,88.36,High,True,Yes
TX-101330,2025-02-04 18:04:31.996457,Netherlands,Japan,57425.37,EUR,SWIFT,41.62,Medium,False,Yes
TX-101331,2024-05-06 04:46:32.996457,France,Brazil,26604.11,EUR,RTGS,34.6,Low,False,Yes
TX-101332,2024-07-01 17:32:19.996457,Australia,South Africa,66788.07,AUD,Wire,5.76,Low,False,Yes
TX-101333,2024-07-13 01:37:47.996457,Canada,South Africa,36212.69,CAD,SWIFT,93.05,High,True,Yes
TX-101334,2025-02-17 15:02:42.996457,Australia,Canada,54532.84,AUD,RTGS,6.58,Low,False,Yes
TX-101335,2024-05-06 22:13:46.996457,Brazil,Italy,48807.78,BRL,SWIFT,74.11,High,True,Yes
TX-101336,2024-04-21 11:21:35.997371,France,Australia,38179.38,EUR,SWIFT,37.81,Low,False,Yes
TX-101337,2024-05-25 09:12:34.997371,Brazil,Netherlands,71915.91,BRL,SEPA,94.88,High,True,Yes
TX-101338,2025-01-30 21:59:38.997371,Italy,Canada,88399.22,EUR,Wire,41.96,Medium,False,Yes
TX-101339,2024-05-04 22:47:01.997371,France,Canada,620.73,EUR,Wire,81.66,High,True,Yes
TX-101340,2024-12-02 23:02:23.997371,Japan,Russia,93368.29,JPY,RTGS,28.27,Low,False,Yes
TX-101341,2024-12-01 23:54:11.997371,Japan,UK,51200.36,JPY,SWIFT,29.91,Low,False,Yes
TX-101342,2024-11-03 07:29:16.997371,Australia,Netherlands,70103.11,AUD,ACH,59.55,Medium,False,Yes
TX-101343,2024-07-23 16:33:01.997371,Australia,USA,85576.89,AUD,ACH,99.8,High,True,Yes
TX-101344,2025-01-24 03:52:41.997371,Canada,Australia,46763.66,CAD,RTGS,51.76,Medium,False,Yes
TX-101345,2025-02-05 19:30:35.997371,China,Spain,83513.91,CNY,SEPA,93.63,High,True,Yes
TX-101346,2024-09-06 17:51:13.997371,USA,France,17844.22,USD,SWIFT,78.62,High,True,Yes
TX-101347,2024-09-20 17:54:38.997371,Netherlands,Brazil,16000.84,EUR,SEPA,79.59,High,True,Yes
TX-101348,2024-04-17 10:24:57.997371,Italy,Spain,65781.39,EUR,SWIFT,43.6,Medium,False,Yes
TX-101349,2024-08-16 09:06:06.997371,Brazil,UK,87027.29,BRL,SWIFT,38.65,Low,False,Yes
TX-101350,2024-04-21 22:13:14.997371,Spain,Russia,89253.38,EUR,RTGS,19.19,Low,False,Yes
TX-101351,2025-03-16 02:10:23.997371,China,Australia,64409.67,CNY,SWIFT,96.39,High,True,Yes
TX-101352,2025-02-22 12:35:13.997371,France,Netherlands,52596.37,EUR,SWIFT,95.94,High,True,Yes
TX-101353,2024-08-27 01:24:44.997371,USA,China,33206.17,USD,ACH,74.71,High,True,Yes
TX-101354,2024-10-23 12:18:59.997371,Canada,Japan,98002.04,CAD,Wire,29.63,Low,False,Yes
TX-101355,2024-07-15 05:39:59.997371,Germany,South Africa,32037.6,EUR,SWIFT,24.52,Low,False,Yes
TX-101356,2025-02-15 18:29:35.997371,India,Spain,74444.19,INR,Wire,98.86,High,True,Yes
TX-101357,2024-10-20 00:55:14.997371,Russia,UK,53244.98,RUB,SEPA,6.65,Low,False,Yes
TX-101358,2024-05-26 03:22:22.997371,Russia,Brazil,60890.38,RUB,SWIFT,84.36,High,True,Yes
TX-101359,2025-01-11 17:14:49.997371,China,France,39408.71,CNY,ACH,35.55,Low,False,Yes
TX-101360,2024-09-16 16:29:45.997371,China,USA,96485.83,CNY,SEPA,41.89,Medium,False,Yes
TX-101361,2025-02-17 20:57:03.997371,USA,Brazil,57211.06,USD,ACH,83.2,High,True,Yes
TX-101362,2025-03-14 20:10:34.997371,South Africa,Russia,93784.98,ZAR,ACH,9.06,Low,False,Yes
TX-101363,2024-09-28 20:30:15.997371,India,Canada,858.38,INR,RTGS,35.42,Low,False,Yes
TX-101364,2024-03-23 19:43:51.997371,Russia,Germany,57309.79,RUB,ACH,95.2,High,True,Yes
TX-101365,2024-08-23 17:57:49.997371,France,UK,71746.97,EUR,Wire,69.91,Medium,False,Yes
TX-101366,2024-10-06 10:17:29.997371,China,Russia,74533.51,CNY,Wire,75.49,High,True,Yes
TX-101367,2024-08-07 09:56:10.997371,USA,Brazil,90507.19,USD,ACH,75.75,High,True,Yes
TX-101368,2024-08-17 16:28:01.997371,South Africa,UK,539.72,ZAR,Wire,6.06,Low,False,Yes
TX-101369,2024-08-06 11:28:30.997371,South Africa,Brazil,132.98,ZAR,SEPA,20.32,Low,False,Yes
TX-101370,2024-08-28 20:58:07.997371,UK,Germany,47279.12,GBP,Wire,49.13,Medium,False,Yes
TX-101371,2024-04-06 23:36:10.997371,Australia,France,3026.44,AUD,SWIFT,36.82,Low,False,Yes
TX-101372,2024-07-26 01:21:03.997371,Japan,UK,97455.8,JPY,SEPA,41.09,Medium,False,Yes
TX-101373,2025-01-15 20:51:04.997371,India,Germany,22284.31,INR,Wire,78.14,High,True,Yes
TX-101374,2025-02-25 09:03:54.997371,Australia,UK,47319.21,AUD,RTGS,1.47,Low,False,Yes
TX-101375,2024-08-24 17:48:07.997371,Netherlands,Canada,6207.65,EUR,SEPA,66.05,Medium,False,Yes
TX-101376,2024-07-11 22:30:01.997371,France,Italy,52252.64,EUR,RTGS,0.01,Low,False,Yes
TX-101377,2025-02-07 01:01:47.997371,UK,Brazil,38057.62,GBP,RTGS,6.31,Low,False,Yes
TX-101378,2024-12-31 08:59:34.997371,China,South Africa,4561.54,CNY,SWIFT,40.83,Medium,False,Yes
TX-101379,2024-08-15 17:51:03.997371,Italy,South Africa,33578.91,EUR,SWIFT,84.09,High,True,Yes
TX-101380,2024-04-13 22:17:03.997371,India,Canada,39204.46,INR,Wire,14.5,Low,False,Yes
TX-101381,2024-04-29 04:45:02.997371,Russia,Canada,98993.16,RUB,Wire,55.46,Medium,False,Yes
TX-101382,2024-06-11 04:19:34.997371,Australia,USA,20867.8,AUD,ACH,67.85,Medium,False,Yes
TX-101383,2024-04-03 10:25:11.997371,Canada,South Africa,54523.48,CAD,SWIFT,22.95,Low,False,Yes
TX-101384,2024-10-01 10:58:46.997371,Australia,Australia,98732.82,AUD,Wire,51.23,Medium,False,Yes
TX-101385,2025-02-09 19:24:42.997371,Spain,South Africa,79222.72,EUR,SEPA,91.14,High,True,Yes
TX-101386,2024-03-22 14:56:39.997371,Italy,Italy,99337.41,EUR,Wire,51.22,Medium,False,Yes
TX-101387,2024-04-08 10:50:15.997371,Spain,USA,96833.0,EUR,Wire,15.73,Low,False,Yes
TX-101388,2025-02-10 09:59:35.997371,Spain,Germany,49005.0,EUR,SEPA,62.78,Medium,False,Yes
TX-101389,2024-08-08 13:30:00.997371,India,Canada,69667.95,INR,SEPA,59.22,Medium,False,Yes
TX-101390,2024-07-20 11:00:28.997371,Canada,USA,11133.27,CAD,SEPA,2.7,Low,False,Yes
TX-101391,2024-06-11 12:20:13.997371,Russia,South Africa,44170.77,RUB,RTGS,9.06,Low,False,Yes
TX-101392,2025-01-05 00:16:33.997371,UK,India,80920.95,GBP,SEPA,15.68,Low,False,Yes
TX-101393,2024-05-15 05:18:39.997371,Spain,Japan,50583.0,EUR,SWIFT,13.63,Low,False,Yes
TX-101394,2024-06-24 10:26:45.997371,Italy,China,70299.63,EUR,RTGS,25.95,Low,False,Yes
TX-101395,2024-11-14 18:45:42.997371,Brazil,USA,74600.56,BRL,Wire,45.41,Medium,False,Yes
TX-101396,2024-04-18 09:30:20.997371,Australia,Australia,25421.57,AUD,ACH,37.17,Low,False,Yes
TX-101397,2024-12-18 19:19:21.997371,France,Canada,87582.37,EUR,SEPA,89.06,High,True,Yes
TX-101398,2024-08-18 09:30:12.997371,India,Netherlands,46036.26,INR,SEPA,61.21,Medium,False,Yes
TX-101399,2024-05-24 00:15:15.998369,Italy,France,21097.49,EUR,ACH,87.61,High,True,Yes
TX-101400,2024-10-16 17:21:56.998369,Russia,USA,86555.05,RUB,SWIFT,52.7,Medium,False,Yes
TX-101401,2024-11-03 20:47:55.998369,South Africa,Canada,41840.1,ZAR,ACH,8.99,Low,False,Yes
TX-101402,2024-07-10 19:54:41.998369,Japan,France,75056.21,JPY,RTGS,46.33,Medium,False,Yes
TX-101403,2024-12-12 07:30:42.998369,USA,India,54848.5,USD,ACH,82.2,High,True,Yes
TX-101404,2024-08-31 20:53:51.998369,Australia,USA,38248.99,AUD,RTGS,19.41,Low,False,Yes
TX-101405,2024-12-26 02:51:43.998369,Canada,South Africa,81006.65,CAD,Wire,9.12,Low,False,Yes
TX-101406,2024-05-22 14:29:18.998369,Spain,Canada,58488.55,EUR,SEPA,32.94,Low,False,Yes
TX-101407,2024-11-19 19:31:47.998369,France,South Africa,39117.15,EUR,SEPA,38.89,Low,False,Yes
TX-101408,2024-04-29 22:19:50.998369,Spain,Canada,11048.83,EUR,RTGS,30.63,Low,False,Yes
TX-101409,2024-04-28 03:25:13.998369,Canada,Netherlands,89554.99,CAD,SWIFT,13.52,Low,False,Yes
TX-101410,2024-10-29 21:39:55.998369,South Africa,China,3643.41,ZAR,SWIFT,25.08,Low,False,Yes
TX-101411,2024-08-31 05:15:05.998369,Italy,Germany,86332.42,EUR,SWIFT,68.23,Medium,False,Yes
TX-101412,2024-12-21 06:05:20.998369,Russia,China,36060.16,RUB,RTGS,38.59,Low,False,Yes
TX-101413,2024-09-11 00:50:00.998369,Japan,Netherlands,63969.94,JPY,SWIFT,63.25,Medium,False,Yes
TX-101414,2024-09-29 16:28:13.998369,Russia,Germany,92227.75,RUB,SWIFT,53.63,Medium,False,Yes
TX-101415,2024-12-10 08:42:23.998369,USA,UK,15255.49,USD,SWIFT,54.91,Medium,False,Yes
TX-101416,2024-03-25 06:07:29.998369,India,India,56738.35,INR,Wire,24.85,Low,False,Yes
TX-101417,2025-01-08 12:51:21.998369,Russia,Spain,76466.84,RUB,Wire,52.15,Medium,False,Yes
TX-101418,2024-06-09 17:46:21.998369,Japan,USA,75782.62,JPY,SEPA,2.36,Low,False,Yes
TX-101419,2024-05-10 21:42:06.998369,Australia,Canada,52610.63,AUD,ACH,43.17,Medium,False,Yes
TX-101420,2024-05-03 03:06:28.998369,Italy,UK,62511.47,EUR,RTGS,57.26,Medium,False,Yes
TX-101421,2024-11-10 02:18:53.998369,USA,Russia,75776.95,USD,Wire,18.2,Low,False,Yes
TX-101422,2024-10-12 17:41:53.998369,Germany,Brazil,84118.66,EUR,SWIFT,25.66,Low,False,Yes
TX-101423,2024-12-10 14:03:19.998369,Japan,France,76205.13,JPY,SWIFT,21.95,Low,False,Yes
TX-101424,2024-12-05 02:14:13.998369,Spain,China,35465.09,EUR,ACH,7.06,Low,False,Yes
TX-101425,2025-03-17 10:02:16.998369,China,Spain,99672.97,CNY,SWIFT,34.79,Low,False,Yes
TX-101426,2024-12-25 13:50:15.998369,South Africa,Spain,43506.82,ZAR,ACH,97.9,High,True,Yes
TX-101427,2025-03-14 16:54:37.998369,Australia,UK,2544.02,AUD,ACH,35.39,Low,False,Yes
TX-101428,2024-10-23 15:24:22.998369,India,Russia,36325.43,INR,SEPA,46.05,Medium,False,Yes
TX-101429,2024-03-25 01:02:02.998369,Australia,Japan,12865.52,AUD,RTGS,65.31,Medium,False,Yes
TX-101430,2024-09-08 21:20:16.998369,South Africa,South Africa,12232.12,ZAR,RTGS,64.85,Medium,False,Yes
TX-101431,2024-06-26 10:36:25.998369,USA,Brazil,28225.35,USD,RTGS,94.99,High,True,Yes
TX-101432,2024-11-17 17:24:08.998369,Germany,China,5432.21,EUR,RTGS,85.76,High,True,Yes
TX-101433,2024-04-18 09:15:29.998369,France,Germany,68882.37,EUR,ACH,79.4,High,True,Yes
TX-101434,2025-01-13 06:52:22.998369,Japan,Japan,7491.49,JPY,SWIFT,95.16,High,True,Yes
TX-101435,2024-05-19 00:36:34.998369,UK,China,20408.63,GBP,ACH,23.08,Low,False,Yes
TX-101436,2024-04-07 07:27:03.998369,Netherlands,Canada,9380.68,EUR,SEPA,61.71,Medium,False,Yes
TX-101437,2024-12-02 01:07:13.998369,France,Canada,6410.46,EUR,ACH,88.72,High,True,Yes
TX-101438,2024-06-27 10:23:27.998369,Australia,Russia,26848.39,AUD,SWIFT,62.41,Medium,False,Yes
TX-101439,2024-10-25 23:01:52.998369,Netherlands,China,57232.71,EUR,RTGS,97.74,High,True,Yes
TX-101440,2024-11-18 21:20:37.998369,Brazil,South Africa,96472.09,BRL,Wire,10.04,Low,False,Yes
TX-101441,2024-12-24 17:59:06.998369,Australia,USA,87568.11,AUD,SEPA,43.93,Medium,False,Yes
TX-101442,2024-04-11 07:09:28.998369,Canada,Japan,87605.8,CAD,Wire,97.74,High,True,Yes
TX-101443,2025-03-04 23:12:41.998369,USA,Germany,17689.1,USD,SWIFT,37.96,Low,False,Yes
TX-101444,2024-12-22 22:29:19.998369,India,Brazil,26564.23,INR,SWIFT,73.96,High,True,Yes
TX-101445,2024-07-28 00:55:36.998369,China,Germany,7731.69,CNY,Wire,3.04,Low,False,Yes
TX-101446,2024-09-22 13:13:37.998369,South Africa,France,77868.99,ZAR,SWIFT,69.48,Medium,False,Yes
TX-101447,2024-12-06 18:25:29.998369,Germany,UK,7074.65,EUR,Wire,93.46,High,True,Yes
TX-101448,2024-07-29 00:21:12.998369,Brazil,Netherlands,55713.9,BRL,SWIFT,38.27,Low,False,Yes
TX-101449,2024-05-16 14:29:37.998369,UK,South Africa,24862.77,GBP,SWIFT,2.13,Low,False,Yes
TX-101450,2025-03-15 23:06:57.998369,France,Japan,24420.22,EUR,SEPA,2.79,Low,False,Yes
TX-101451,2024-10-16 14:26:05.998369,Japan,USA,99073.43,JPY,ACH,89.2,High,True,Yes
TX-101452,2024-10-29 04:32:59.999379,USA,Brazil,75702.3,USD,Wire,72.25,High,True,Yes
TX-101453,2024-07-25 15:55:29.999379,Japan,Canada,83710.24,JPY,RTGS,10.67,Low,False,Yes
TX-101454,2024-12-28 11:05:57.999379,Italy,Netherlands,57241.07,EUR,SEPA,5.46,Low,False,Yes
TX-101455,2024-12-19 15:34:53.999379,Canada,Germany,87114.33,CAD,SEPA,80.48,High,True,Yes
TX-101456,2024-10-20 22:51:38.999379,Germany,Netherlands,64584.5,EUR,ACH,80.99,High,True,Yes
TX-101457,2024-08-26 20:47:21.999379,Russia,Japan,94622.75,RUB,SWIFT,12.05,Low,False,Yes
TX-101458,2024-04-20 04:17:18.999379,Netherlands,Russia,28205.72,EUR,RTGS,30.15,Low,False,Yes
TX-101459,2025-01-17 19:26:12.999379,Canada,Brazil,59572.42,CAD,SEPA,78.0,High,True,Yes
TX-101460,2025-02-18 11:28:31.999379,Australia,Australia,69044.12,AUD,SEPA,52.54,Medium,False,Yes
TX-101461,2024-05-31 15:09:48.999379,Canada,Spain,39354.44,CAD,SWIFT,95.66,High,True,Yes
TX-101462,2024-09-09 03:23:17.999379,India,Brazil,87982.83,INR,SEPA,48.11,Medium,False,Yes
TX-101463,2024-08-13 17:32:38.999379,Russia,China,97982.34,RUB,RTGS,67.7,Medium,False,Yes
TX-101464,2025-02-05 07:17:37.999379,UK,UK,49427.57,GBP,ACH,50.98,Medium,False,Yes
TX-101465,2024-08-03 13:02:59.999379,Australia,Australia,39125.0,AUD,RTGS,94.3,High,True,Yes
TX-101466,2024-12-13 00:49:04.999379,Netherlands,India,47246.6,EUR,SEPA,39.87,Low,False,Yes
TX-101467,2024-12-31 07:53:29.999379,Brazil,Canada,85288.4,BRL,Wire,22.98,Low,False,Yes
TX-101468,2024-12-13 16:03:51.999379,France,UK,64582.3,EUR,ACH,32.66,Low,False,Yes
TX-101469,2024-11-19 15:48:17.999379,Japan,Russia,4572.76,JPY,RTGS,85.28,High,True,Yes
TX-101470,2024-05-03 10:30:36.999379,Brazil,Spain,54262.77,BRL,ACH,49.79,Medium,False,Yes
TX-101471,2024-10-04 02:28:09.999379,France,Italy,1828.28,EUR,ACH,35.43,Low,False,Yes
TX-101472,2024-07-19 07:07:18.999379,Italy,Italy,77875.68,EUR,SWIFT,54.43,Medium,False,Yes
TX-101473,2024-11-19 03:22:36.999379,Russia,Germany,32898.4,RUB,ACH,13.32,Low,False,Yes
TX-101474,2024-07-23 12:41:12.999379,Australia,Japan,47253.55,AUD,ACH,0.54,Low,False,Yes
TX-101475,2024-03-21 09:20:20.999379,Australia,Germany,79887.94,AUD,SEPA,28.06,Low,False,Yes
TX-101476,2025-01-05 11:44:08.999379,Germany,Italy,4740.24,EUR,RTGS,60.5,Medium,False,Yes
TX-101477,2025-01-24 05:40:42.999379,Australia,Canada,15938.3,AUD,SEPA,71.17,High,True,Yes
TX-101478,2025-01-12 18:02:01.999379,Japan,South Africa,39856.24,JPY,Wire,82.66,High,True,Yes
TX-101479,2024-08-06 07:06:49.999379,UK,Spain,23069.52,GBP,ACH,92.67,High,True,Yes
TX-101480,2024-04-25 05:54:41.999379,Italy,Canada,33856.35,EUR,RTGS,41.21,Medium,False,Yes
TX-101481,2025-02-13 07:27:48.999379,Germany,Australia,99817.66,EUR,ACH,74.05,High,True,Yes
TX-101482,2024-10-13 05:43:52.999379,Netherlands,Canada,82558.9,EUR,Wire,7.47,Low,False,Yes
TX-101483,2024-10-28 12:01:36.999379,China,Japan,88401.79,CNY,ACH,5.75,Low,False,Yes
TX-101484,2024-10-22 10:38:52.999379,Japan,UK,93711.76,JPY,SEPA,12.48,Low,False,Yes
TX-101485,2024-06-16 14:53:59.999379,Brazil,Australia,34159.49,BRL,Wire,44.86,Medium,False,Yes
TX-101486,2024-05-01 16:28:59.999379,Netherlands,South Africa,29777.99,EUR,RTGS,21.13,Low,False,Yes
TX-101487,2024-08-05 16:30:01.999379,UK,Spain,23482.84,GBP,SWIFT,28.69,Low,False,Yes
TX-101488,2025-02-07 19:56:19.999379,Russia,Brazil,83028.68,RUB,Wire,64.79,Medium,False,Yes
TX-101489,2024-04-21 04:44:40.999379,Canada,France,67987.23,CAD,SWIFT,35.85,Low,False,Yes
TX-101490,2024-04-16 11:40:20.999379,France,Japan,23693.58,EUR,SEPA,55.74,Medium,False,Yes
TX-101491,2025-02-13 21:52:32.999379,South Africa,Brazil,37761.68,ZAR,Wire,41.24,Medium,False,Yes
TX-101492,2024-06-08 18:06:54.999379,South Africa,USA,50720.51,ZAR,Wire,16.9,Low,False,Yes
TX-101493,2025-02-24 08:54:11.999379,Russia,Canada,52861.19,RUB,RTGS,7.4,Low,False,Yes
TX-101494,2024-08-18 01:21:00.999379,Italy,Spain,88883.9,EUR,ACH,23.62,Low,False,Yes
TX-101495,2024-08-13 20:51:33.999379,Spain,Australia,38118.56,EUR,SWIFT,5.77,Low,False,Yes
TX-101496,2024-06-07 20:00:24.999379,Netherlands,Canada,90861.55,EUR,ACH,61.86,Medium,False,Yes
TX-101497,2024-12-16 22:30:06.999379,South Africa,Italy,44192.62,ZAR,ACH,79.57,High,True,Yes
TX-101498,2024-12-25 17:10:17.999379,Japan,France,74662.63,JPY,SEPA,33.97,Low,False,Yes
TX-101499,2024-09-06 05:13:16.999379,France,Australia,93032.41,EUR,SEPA,38.71,Low,False,Yes
TX-101500,2024-10-09 11:58:28.999379,Russia,China,90766.81,RUB,RTGS,81.62,High,True,Yes
TX-101501,2024-05-28 18:49:04.999379,USA,Brazil,5789.59,USD,Wire,22.26,Low,False,Yes
TX-101502,2024-07-19 13:46:04.999379,France,France,20649.86,EUR,RTGS,11.92,Low,False,Yes
TX-101503,2024-07-16 13:35:52.999379,Brazil,India,47742.85,BRL,SWIFT,50.11,Medium,False,Yes
TX-101504,2024-07-15 05:40:27.999379,France,Russia,43212.27,EUR,SEPA,64.62,Medium,False,Yes
TX-101505,2025-01-28 06:10:17.999379,Russia,Australia,64125.08,RUB,RTGS,59.97,Medium,False,Yes
TX-101506,2024-12-28 05:29:18.999379,China,Germany,94476.43,CNY,SWIFT,71.39,High,True,Yes
TX-101507,2025-01-30 17:39:18.999379,China,Japan,11329.23,CNY,SWIFT,5.68,Low,False,Yes
TX-101508,2025-01-19 04:44:35.999379,India,Italy,45240.68,INR,SWIFT,42.82,Medium,False,Yes
TX-101509,2024-10-05 18:53:02.999379,Australia,France,19321.86,AUD,Wire,23.86,Low,False,Yes
TX-101510,2025-02-14 11:35:05.999379,Russia,Russia,89421.35,RUB,SWIFT,75.91,High,True,Yes
TX-101511,2024-05-24 05:41:21.999379,UK,Italy,96461.56,GBP,ACH,87.27,High,True,Yes
TX-101512,2024-12-05 19:53:11.999379,Australia,Germany,47922.3,AUD,RTGS,28.13,Low,False,Yes
TX-101513,2025-03-13 07:00:11.999379,Japan,Russia,10490.63,JPY,RTGS,9.52,Low,False,Yes
TX-101514,2024-07-15 11:27:33.000371,Australia,Canada,78550.94,AUD,SWIFT,25.34,Low,False,Yes
TX-101515,2024-09-15 22:18:30.000371,Spain,Netherlands,69744.42,EUR,RTGS,10.4,Low,False,Yes
TX-101516,2024-05-18 06:06:14.000371,Spain,Russia,35531.62,EUR,RTGS,32.24,Low,False,Yes
TX-101517,2024-08-22 08:20:02.000371,Japan,South Africa,88752.01,JPY,RTGS,53.82,Medium,False,Yes
TX-101518,2024-04-21 10:10:57.000371,South Africa,Australia,97585.61,ZAR,Wire,97.37,High,True,Yes
TX-101519,2024-05-19 23:51:48.000371,Japan,India,55829.6,JPY,RTGS,39.94,Low,False,Yes
TX-101520,2024-05-06 10:22:51.000371,Italy,Spain,56616.22,EUR,ACH,22.0,Low,False,Yes
TX-101521,2024-11-27 05:35:55.000371,Australia,UK,29821.6,AUD,RTGS,16.68,Low,False,Yes
TX-101522,2025-02-05 13:44:54.000371,Netherlands,USA,58492.15,EUR,SWIFT,17.3,Low,False,Yes
TX-101523,2024-12-18 04:14:03.000371,Spain,India,44020.27,EUR,RTGS,19.26,Low,False,Yes
TX-101524,2024-09-04 20:17:11.000371,Russia,Australia,30288.88,RUB,SWIFT,76.23,High,True,Yes
TX-101525,2024-10-04 15:29:39.000371,Germany,India,6811.8,EUR,ACH,6.1,Low,False,Yes
TX-101526,2025-02-03 18:18:31.000371,Brazil,Canada,25345.52,BRL,SWIFT,99.74,High,True,Yes
TX-101527,2024-10-19 08:23:34.000371,Germany,Italy,19865.68,EUR,Wire,52.27,Medium,False,Yes
TX-101528,2024-05-21 00:41:57.000371,China,Australia,54249.99,CNY,SWIFT,54.43,Medium,False,Yes
TX-101529,2025-02-11 17:35:24.000371,Italy,Japan,60206.84,EUR,RTGS,35.76,Low,False,Yes
TX-101530,2024-06-01 11:43:16.000371,Germany,India,60896.32,EUR,SWIFT,69.03,Medium,False,Yes
TX-101531,2024-05-03 05:33:41.000371,Russia,India,38879.28,RUB,SWIFT,47.15,Medium,False,Yes
TX-101532,2025-03-12 23:09:52.000371,South Africa,Canada,42180.85,ZAR,RTGS,32.91,Low,False,Yes
TX-101533,2025-01-19 14:37:48.000371,Italy,Canada,83440.42,EUR,RTGS,26.51,Low,False,Yes
TX-101534,2024-11-04 14:05:47.000371,USA,UK,47675.66,USD,SEPA,92.57,High,True,Yes
TX-101535,2025-01-18 08:58:07.000371,Spain,Italy,98778.56,EUR,SWIFT,29.1,Low,False,Yes
TX-101536,2024-08-21 13:25:45.000371,Brazil,Italy,44017.76,BRL,ACH,43.64,Medium,False,Yes
TX-101537,2024-07-26 20:49:33.000371,Australia,Brazil,64993.14,AUD,Wire,35.03,Low,False,Yes
TX-101538,2025-02-28 00:26:42.000371,Brazil,China,5131.26,BRL,SEPA,8.62,Low,False,Yes
TX-101539,2024-12-02 00:18:58.000371,Netherlands,Canada,65368.66,EUR,ACH,18.59,Low,False,Yes
TX-101540,2024-05-22 18:50:36.000371,South Africa,Brazil,85157.5,ZAR,SEPA,18.95,Low,False,Yes
TX-101541,2024-09-26 20:38:32.000371,Italy,Netherlands,94251.54,EUR,RTGS,69.36,Medium,False,Yes
TX-101542,2025-02-26 18:52:13.000371,Italy,Netherlands,99732.33,EUR,SEPA,40.66,Medium,False,Yes
TX-101543,2025-03-13 03:38:15.000371,India,UK,28289.65,INR,SEPA,78.2,High,True,Yes
TX-101544,2024-05-28 03:26:53.000371,South Africa,Canada,57579.47,ZAR,SEPA,70.9,High,True,Yes
TX-101545,2024-12-03 16:23:24.000371,Russia,Spain,45126.73,RUB,ACH,19.2,Low,False,Yes
TX-101546,2024-08-16 23:07:35.000371,India,Germany,56425.37,INR,SWIFT,56.29,Medium,False,Yes
TX-101547,2024-05-16 23:47:56.000371,UK,Spain,15829.55,GBP,ACH,74.29,High,True,Yes
TX-101548,2024-10-20 16:58:41.000371,Australia,Germany,85629.34,AUD,Wire,63.3,Medium,False,Yes
TX-101549,2024-07-31 15:28:34.000371,USA,China,90965.94,USD,Wire,60.0,Medium,False,Yes
TX-101550,2025-03-13 22:25:43.000371,UK,Russia,45021.2,GBP,ACH,73.96,High,True,Yes
TX-101551,2024-06-18 03:35:47.000371,Japan,Italy,28114.94,JPY,RTGS,5.68,Low,False,Yes
TX-101552,2024-11-13 12:16:52.000371,China,Canada,14169.26,CNY,ACH,73.14,High,True,Yes
TX-101553,2025-01-02 14:55:18.000371,Spain,Germany,68408.11,EUR,SWIFT,27.27,Low,False,Yes
TX-101554,2024-11-09 09:20:58.000371,Russia,Russia,31291.96,RUB,RTGS,57.19,Medium,False,Yes
TX-101555,2025-01-23 11:34:47.000371,Canada,Italy,90962.9,CAD,RTGS,24.23,Low,False,Yes
TX-101556,2024-08-05 06:49:48.000371,Russia,Brazil,67134.15,RUB,Wire,83.88,High,True,Yes
TX-101557,2024-05-04 20:40:52.000371,Russia,Australia,64603.96,RUB,Wire,48.06,Medium,False,Yes
TX-101558,2024-09-22 20:38:06.000371,Australia,France,55984.27,AUD,SEPA,64.29,Medium,False,Yes
TX-101559,2024-04-28 20:24:27.000371,Canada,South Africa,4673.06,CAD,SWIFT,79.41,High,True,Yes
TX-101560,2024-11-16 20:30:30.000371,Japan,Brazil,93199.05,JPY,SWIFT,89.53,High,True,Yes
TX-101561,2025-01-29 00:28:00.000371,Netherlands,South Africa,62830.96,EUR,SEPA,73.21,High,True,Yes
TX-101562,2025-03-15 09:54:36.000371,Australia,China,99406.79,AUD,SWIFT,14.88,Low,False,Yes
TX-101563,2024-11-05 05:54:55.000371,USA,China,53781.9,USD,SWIFT,85.45,High,True,Yes
TX-101564,2025-02-24 11:19:51.000371,Brazil,France,71040.08,BRL,SEPA,61.86,Medium,False,Yes
TX-101565,2024-04-27 01:06:06.000371,UK,South Africa,5715.33,GBP,SWIFT,60.94,Medium,False,Yes
TX-101566,2024-12-19 01:39:37.000371,Italy,South Africa,63210.44,EUR,SEPA,92.13,High,True,Yes
TX-101567,2024-05-15 05:27:57.000371,Russia,South Africa,76488.5,RUB,SEPA,24.88,Low,False,Yes
TX-101568,2024-04-26 21:53:17.000371,India,India,77873.58,INR,RTGS,23.96,Low,False,Yes
TX-101569,2024-09-25 14:09:53.000371,UK,Italy,77034.15,GBP,SWIFT,51.32,Medium,False,Yes
TX-101570,2024-08-10 21:42:09.000371,Canada,Spain,22705.63,CAD,SWIFT,75.09,High,True,Yes
TX-101571,2025-02-13 08:17:41.000371,Australia,Australia,97542.31,AUD,ACH,44.72,Medium,False,Yes
TX-101572,2024-05-02 06:25:23.000371,South Africa,India,99518.69,ZAR,Wire,63.39,Medium,False,Yes
TX-101573,2024-03-18 04:02:22.000371,France,China,7652.03,EUR,SWIFT,45.25,Medium,False,Yes
TX-101574,2024-07-02 18:02:33.000371,Spain,Italy,93651.0,EUR,ACH,61.04,Medium,False,Yes
TX-101575,2025-02-12 13:30:22.000371,China,Australia,29015.97,CNY,SWIFT,82.23,High,True,Yes
TX-101576,2024-07-04 11:47:47.001374,Brazil,Japan,68959.48,BRL,SEPA,18.05,Low,False,Yes
TX-101577,2024-11-11 21:59:35.001374,Italy,France,33877.28,EUR,Wire,69.54,Medium,False,Yes
TX-101578,2025-01-12 09:33:52.001374,India,UK,96778.66,INR,RTGS,78.74,High,True,Yes
TX-101579,2024-06-27 16:41:04.001374,Canada,South Africa,10240.24,CAD,SWIFT,44.71,Medium,False,Yes
TX-101580,2024-03-25 13:37:05.001374,Russia,Australia,49824.91,RUB,SWIFT,32.32,Low,False,Yes
TX-101581,2024-09-07 13:45:33.001374,Spain,Canada,42861.97,EUR,SEPA,1.35,Low,False,Yes
TX-101582,2024-08-22 01:42:43.001374,Russia,Canada,32669.74,RUB,SWIFT,79.71,High,True,Yes
TX-101583,2024-10-17 16:48:23.001374,India,France,64588.85,INR,ACH,32.79,Low,False,Yes
TX-101584,2024-09-08 10:29:14.001374,Russia,Australia,13192.47,RUB,ACH,35.73,Low,False,Yes
TX-101585,2025-02-18 04:44:40.001374,Japan,Australia,71694.58,JPY,Wire,33.6,Low,False,Yes
TX-101586,2025-02-04 14:47:32.001374,Italy,Germany,98061.15,EUR,Wire,49.87,Medium,False,Yes
TX-101587,2024-08-24 22:42:18.001374,Spain,India,80475.42,EUR,RTGS,70.25,High,True,Yes
TX-101588,2024-06-07 01:21:25.001374,India,UK,86015.67,INR,ACH,77.19,High,True,Yes
TX-101589,2024-06-08 20:24:18.001374,Brazil,USA,36027.71,BRL,RTGS,39.26,Low,False,Yes
TX-101590,2024-11-14 21:03:49.001374,Netherlands,Canada,32556.17,EUR,Wire,66.31,Medium,False,Yes
TX-101591,2024-04-27 08:48:13.001374,South Africa,Brazil,51753.13,ZAR,RTGS,72.07,High,True,Yes
TX-101592,2024-11-30 01:56:19.001374,Australia,USA,4668.09,AUD,SEPA,29.69,Low,False,Yes
TX-101593,2024-06-30 06:06:32.001374,Russia,Russia,94541.28,RUB,SWIFT,9.66,Low,False,Yes
TX-101594,2025-01-17 18:33:21.001374,Japan,Canada,14464.14,JPY,SEPA,89.47,High,True,Yes
TX-101595,2024-12-08 12:29:40.001374,USA,Australia,90311.0,USD,ACH,67.71,Medium,False,Yes
TX-101596,2024-10-13 11:15:37.001374,China,India,8449.86,CNY,Wire,64.81,Medium,False,Yes
TX-101597,2024-07-13 09:35:43.001374,Canada,USA,82280.23,CAD,RTGS,5.89,Low,False,Yes
TX-101598,2024-04-25 04:42:42.001374,Germany,UK,15281.06,EUR,RTGS,81.79,High,True,Yes
TX-101599,2024-11-30 21:11:22.001374,India,Italy,3909.35,INR,SEPA,56.61,Medium,False,Yes
TX-101600,2024-08-19 09:00:11.001374,India,China,71977.0,INR,SWIFT,84.79,High,True,Yes
TX-101601,2024-03-19 00:11:56.001374,Netherlands,India,28098.5,EUR,Wire,97.46,High,True,Yes
TX-101602,2025-03-02 11:45:18.001374,France,Spain,71478.17,EUR,ACH,95.71,High,True,Yes
TX-101603,2024-11-30 13:41:11.001374,Germany,UK,55553.02,EUR,ACH,85.61,High,True,Yes
TX-101604,2024-12-09 16:23:45.001374,Brazil,France,10969.86,BRL,Wire,1.09,Low,False,Yes
TX-101605,2025-02-01 05:13:01.001374,Canada,China,93219.79,CAD,SEPA,88.57,High,True,Yes
TX-101606,2025-01-12 10:31:17.001374,Italy,China,45286.19,EUR,ACH,7.51,Low,False,Yes
TX-101607,2025-03-09 12:35:07.001374,Canada,Canada,73471.28,CAD,Wire,85.12,High,True,Yes
TX-101608,2024-05-18 13:23:35.001374,South Africa,South Africa,50151.96,ZAR,SEPA,28.02,Low,False,Yes
TX-101609,2024-07-22 12:02:05.001374,India,Canada,60475.71,INR,SEPA,61.01,Medium,False,Yes
TX-101610,2025-01-04 18:40:59.001374,Brazil,India,30347.08,BRL,RTGS,3.81,Low,False,Yes
TX-101611,2024-07-02 01:50:11.001374,Russia,South Africa,20115.99,RUB,SWIFT,77.12,High,True,Yes
TX-101612,2024-05-29 01:58:51.001374,Canada,Japan,54302.76,CAD,SEPA,11.17,Low,False,Yes
TX-101613,2024-07-17 09:07:16.001374,Australia,South Africa,44077.88,AUD,ACH,41.07,Medium,False,Yes
TX-101614,2024-09-21 03:39:52.001374,UK,Australia,39072.31,GBP,SWIFT,81.74,High,True,Yes
TX-101615,2024-12-29 20:43:21.001374,Brazil,South Africa,67289.46,BRL,RTGS,69.53,Medium,False,Yes
TX-101616,2024-09-28 13:42:26.001374,France,Australia,69081.61,EUR,Wire,0.6,Low,False,Yes
TX-101617,2024-09-05 02:48:21.001374,Netherlands,Germany,4687.41,EUR,Wire,40.3,Medium,False,Yes
TX-101618,2024-04-27 10:50:13.001374,USA,France,33940.57,USD,RTGS,4.19,Low,False,Yes
TX-101619,2024-04-09 14:37:02.001374,USA,India,41235.28,USD,RTGS,67.35,Medium,False,Yes
TX-101620,2024-05-31 09:33:10.001374,Spain,Australia,9779.53,EUR,ACH,96.89,High,True,Yes
TX-101621,2024-08-24 12:48:32.001374,South Africa,Australia,23666.5,ZAR,SWIFT,65.53,Medium,False,Yes
TX-101622,2025-01-24 10:17:00.001374,USA,Japan,5259.02,USD,SEPA,22.44,Low,False,Yes
TX-101623,2024-06-25 15:37:43.001374,France,France,99624.59,EUR,SEPA,35.52,Low,False,Yes
TX-101624,2024-08-31 03:02:26.001374,Spain,Japan,73682.06,EUR,SEPA,97.67,High,True,Yes
TX-101625,2024-03-24 10:52:26.001374,Spain,Spain,8836.27,EUR,Wire,22.41,Low,False,Yes
TX-101626,2024-05-11 21:40:55.001374,Italy,South Africa,2122.91,EUR,Wire,56.15,Medium,False,Yes
TX-101627,2024-09-26 15:14:29.001374,UK,Russia,71956.85,GBP,ACH,40.05,Medium,False,Yes
TX-101628,2024-08-12 11:36:25.001374,Germany,Japan,43975.3,EUR,ACH,76.83,High,True,Yes
TX-101629,2024-08-21 02:58:42.001374,Japan,Japan,78700.99,JPY,ACH,86.74,High,True,Yes
TX-101630,2024-07-21 04:57:21.001374,Italy,USA,92355.26,EUR,RTGS,34.08,Low,False,Yes
TX-101631,2025-01-15 18:51:03.002373,China,South Africa,59970.11,CNY,ACH,66.04,Medium,False,Yes
TX-101632,2025-01-04 18:11:50.002373,India,USA,18792.13,INR,SEPA,54.9,Medium,False,Yes
TX-101633,2025-02-05 13:46:22.002373,South Africa,Italy,78241.18,ZAR,ACH,27.84,Low,False,Yes
TX-101634,2024-09-08 20:36:21.002373,UK,Netherlands,95585.59,GBP,ACH,27.19,Low,False,Yes
TX-101635,2024-07-08 15:02:43.002373,UK,Netherlands,58065.11,GBP,Wire,53.86,Medium,False,Yes
TX-101636,2025-02-04 17:43:32.002373,UK,Canada,68231.54,GBP,Wire,15.4,Low,False,Yes
TX-101637,2025-02-24 11:15:31.002373,Canada,Italy,33813.72,CAD,Wire,81.08,High,True,Yes
TX-101638,2024-12-01 17:52:20.002373,China,Australia,38214.62,CNY,SEPA,6.9,Low,False,Yes
TX-101639,2025-03-15 11:47:50.002373,Russia,Spain,73491.98,RUB,SWIFT,9.46,Low,False,Yes
TX-101640,2024-11-06 13:15:05.002373,Italy,Russia,92784.33,EUR,RTGS,34.22,Low,False,Yes
TX-101641,2025-01-16 20:57:16.002373,China,Italy,62935.94,CNY,SEPA,11.81,Low,False,Yes
TX-101642,2025-01-26 06:31:44.002373,India,Australia,79005.81,INR,SWIFT,47.57,Medium,False,Yes
TX-101643,2024-07-17 15:07:15.002373,Germany,Australia,17246.34,EUR,RTGS,39.97,Low,False,Yes
TX-101644,2024-04-23 11:43:12.002373,Australia,USA,21274.71,AUD,SEPA,72.18,High,True,Yes
TX-101645,2024-07-18 17:59:39.002373,Netherlands,USA,53250.27,EUR,ACH,95.3,High,True,Yes
TX-101646,2024-04-20 23:27:57.002373,China,UK,17737.76,CNY,Wire,75.36,High,True,Yes
TX-101647,2024-07-29 00:12:26.002373,UK,Japan,63536.01,GBP,SEPA,17.94,Low,False,Yes
TX-101648,2024-12-16 11:40:18.002373,Germany,India,29236.15,EUR,RTGS,93.55,High,True,Yes
TX-101649,2024-10-03 20:59:03.002373,Australia,Russia,79174.11,AUD,RTGS,39.21,Low,False,Yes
TX-101650,2024-12-27 08:50:59.002373,India,South Africa,80830.22,INR,RTGS,47.42,Medium,False,Yes
TX-101651,2024-05-15 09:31:01.002373,France,France,46432.37,EUR,SEPA,42.16,Medium,False,Yes
TX-101652,2024-07-21 11:31:38.002373,Australia,Netherlands,18162.98,AUD,RTGS,28.05,Low,False,Yes
TX-101653,2024-07-04 01:55:18.002373,France,Brazil,64712.82,EUR,RTGS,89.5,High,True,Yes
TX-101654,2024-12-19 23:27:39.002373,India,UK,99279.42,INR,SEPA,33.22,Low,False,Yes
TX-101655,2024-08-28 20:09:51.002373,USA,Australia,62296.83,USD,Wire,57.86,Medium,False,Yes
TX-101656,2025-01-15 16:17:55.002373,Netherlands,Italy,3673.89,EUR,RTGS,24.0,Low,False,Yes
TX-101657,2024-08-25 18:08:19.002373,South Africa,UK,1827.67,ZAR,Wire,79.74,High,True,Yes
TX-101658,2025-02-21 17:17:21.002373,Australia,France,32104.16,AUD,RTGS,77.42,High,True,Yes
TX-101659,2025-02-23 05:40:41.002373,Netherlands,Brazil,19658.8,EUR,Wire,29.63,Low,False,Yes
TX-101660,2024-04-27 18:25:12.002373,France,Italy,81323.82,EUR,RTGS,68.16,Medium,False,Yes
TX-101661,2024-07-04 07:33:45.002373,India,Australia,84496.09,INR,Wire,70.39,High,True,Yes
TX-101662,2024-11-21 15:51:23.002373,Japan,South Africa,25936.02,JPY,Wire,56.25,Medium,False,Yes
TX-101663,2024-04-07 12:19:30.002373,UK,Canada,32631.91,GBP,SWIFT,60.06,Medium,False,Yes
TX-101664,2024-08-02 15:51:41.002373,Canada,China,23701.07,CAD,ACH,57.45,Medium,False,Yes
TX-101665,2025-02-04 12:39:53.002373,Australia,India,90847.42,AUD,RTGS,8.19,Low,False,Yes
TX-101666,2024-06-17 00:16:37.002373,Spain,Australia,50314.67,EUR,RTGS,67.03,Medium,False,Yes
TX-101667,2024-12-22 14:24:35.002373,China,India,65648.09,CNY,SEPA,46.98,Medium,False,Yes
TX-101668,2024-07-06 09:38:16.002373,France,Japan,41606.66,EUR,SEPA,43.85,Medium,False,Yes
TX-101669,2024-08-02 19:27:06.002373,India,India,63138.32,INR,Wire,86.0,High,True,Yes
TX-101670,2024-12-15 15:23:53.002373,Italy,Japan,38646.95,EUR,ACH,2.32,Low,False,Yes
TX-101671,2024-11-24 07:38:32.002373,Brazil,China,34033.88,BRL,SEPA,25.13,Low,False,Yes
TX-101672,2024-06-29 12:35:08.002373,France,Australia,63484.56,EUR,SEPA,12.14,Low,False,Yes
TX-101673,2024-11-21 04:10:38.002373,Australia,Australia,59147.1,AUD,RTGS,3.53,Low,False,Yes
TX-101674,2024-11-22 15:18:17.002373,Russia,Japan,29423.44,RUB,RTGS,27.57,Low,False,Yes
TX-101675,2024-08-29 07:58:05.002373,France,Russia,15019.91,EUR,Wire,98.85,High,True,Yes
TX-101676,2025-02-20 21:01:34.002373,Germany,UK,36920.81,EUR,SEPA,27.02,Low,False,Yes
TX-101677,2024-12-26 14:05:31.002373,Italy,Japan,41578.24,EUR,SEPA,66.37,Medium,False,Yes
TX-101678,2024-08-09 01:36:11.002373,Russia,USA,62905.56,RUB,Wire,11.83,Low,False,Yes
TX-101679,2024-08-28 12:48:37.002373,Australia,Italy,91461.42,AUD,SWIFT,60.18,Medium,False,Yes
TX-101680,2024-05-19 16:04:43.002373,Canada,France,3714.86,CAD,RTGS,98.45,High,True,Yes
TX-101681,2025-03-05 22:39:45.002373,Germany,Australia,24441.74,EUR,SWIFT,29.18,Low,False,Yes
TX-101682,2025-01-20 16:14:11.002373,Italy,China,19452.22,EUR,Wire,84.81,High,True,Yes
TX-101683,2024-05-02 21:12:18.002373,China,Italy,50279.21,CNY,ACH,99.76,High,True,Yes
TX-101684,2024-11-17 23:37:31.003370,Spain,China,43027.11,EUR,Wire,58.86,Medium,False,Yes
TX-101685,2024-11-18 07:13:53.003370,China,India,72930.86,CNY,ACH,30.94,Low,False,Yes
TX-101686,2024-03-21 16:05:50.003370,France,Spain,24317.35,EUR,SEPA,67.35,Medium,False,Yes
TX-101687,2024-04-06 10:30:39.003370,Brazil,South Africa,59490.39,BRL,Wire,84.48,High,True,Yes
TX-101688,2024-05-02 00:00:32.003370,France,France,88397.34,EUR,SEPA,17.14,Low,False,Yes
TX-101689,2024-03-28 19:37:16.003370,USA,Spain,91076.71,USD,ACH,45.25,Medium,False,Yes
TX-101690,2024-04-03 10:12:41.003370,Russia,USA,95882.58,RUB,ACH,31.92,Low,False,Yes
TX-101691,2024-08-11 08:25:54.003370,India,USA,77348.79,INR,ACH,28.34,Low,False,Yes
TX-101692,2024-11-08 07:20:58.003370,Italy,China,90608.19,EUR,ACH,86.08,High,True,Yes
TX-101693,2025-03-04 13:32:28.003370,France,USA,23529.63,EUR,SWIFT,42.17,Medium,False,Yes
TX-101694,2024-09-16 11:59:08.003370,USA,UK,19838.34,USD,ACH,33.91,Low,False,Yes
TX-101695,2024-05-30 23:33:27.003370,China,Russia,748.16,CNY,SEPA,60.35,Medium,False,Yes
TX-101696,2024-10-18 16:26:37.003370,Russia,Spain,70713.75,RUB,Wire,21.94,Low,False,Yes
TX-101697,2024-10-05 19:22:14.003370,India,Spain,93752.97,INR,ACH,22.99,Low,False,Yes
TX-101698,2024-11-21 01:55:36.003370,South Africa,South Africa,18774.84,ZAR,SEPA,52.03,Medium,False,Yes
TX-101699,2024-09-12 07:06:03.003370,Brazil,Brazil,63730.66,BRL,ACH,40.93,Medium,False,Yes
TX-101700,2024-10-21 21:37:06.003370,USA,China,74671.33,USD,SWIFT,29.5,Low,False,Yes
TX-101701,2024-09-07 17:28:05.003370,Netherlands,USA,92768.66,EUR,SWIFT,5.4,Low,False,Yes
TX-101702,2024-11-11 06:11:54.003370,China,South Africa,64721.34,CNY,RTGS,52.08,Medium,False,Yes
TX-101703,2025-03-17 06:35:53.003370,Brazil,Netherlands,97032.34,BRL,RTGS,81.66,High,True,Yes
TX-101704,2024-05-04 05:13:19.003370,Australia,India,34532.85,AUD,ACH,85.14,High,True,Yes
TX-101705,2025-02-08 14:32:58.003370,Russia,Spain,35057.86,RUB,SEPA,23.54,Low,False,Yes
TX-101706,2025-02-16 16:25:27.003370,Netherlands,Italy,54346.95,EUR,ACH,59.96,Medium,False,Yes
TX-101707,2024-10-28 13:59:21.003370,Netherlands,Canada,38411.84,EUR,SWIFT,85.59,High,True,Yes
TX-101708,2024-05-19 05:21:16.003370,France,Italy,242.43,EUR,SEPA,40.87,Medium,False,Yes
TX-101709,2025-02-03 10:39:29.003370,South Africa,Spain,73204.03,ZAR,Wire,93.21,High,True,Yes
TX-101710,2025-02-04 22:51:01.003370,South Africa,Spain,75196.53,ZAR,ACH,90.3,High,True,Yes
TX-101711,2024-09-22 06:11:02.003370,Germany,Italy,74722.76,EUR,ACH,20.81,Low,False,Yes
TX-101712,2024-07-08 23:17:26.003370,China,Spain,34567.56,CNY,RTGS,25.9,Low,False,Yes
TX-101713,2024-04-08 01:48:51.003370,South Africa,USA,52276.72,ZAR,RTGS,18.04,Low,False,Yes
TX-101714,2024-10-17 01:56:57.003370,Spain,India,36061.35,EUR,SWIFT,19.61,Low,False,Yes
TX-101715,2024-05-09 21:08:00.003370,Germany,Germany,1702.04,EUR,ACH,90.79,High,True,Yes
TX-101716,2025-01-08 23:14:46.003370,India,Germany,56288.65,INR,ACH,93.11,High,True,Yes
TX-101717,2024-07-20 15:50:19.003370,Germany,Germany,12463.69,EUR,Wire,5.19,Low,False,Yes
TX-101718,2024-10-06 19:04:47.003370,China,India,8096.13,CNY,Wire,59.36,Medium,False,Yes
TX-101719,2024-08-16 14:23:05.003370,France,France,75574.36,EUR,SEPA,56.42,Medium,False,Yes
TX-101720,2024-09-17 08:03:16.003370,India,China,1049.67,INR,ACH,39.05,Low,False,Yes
TX-101721,2024-05-13 07:29:25.003370,South Africa,Canada,95904.94,ZAR,RTGS,63.17,Medium,False,Yes
TX-101722,2024-08-27 13:23:05.003370,Brazil,Netherlands,51574.01,BRL,SEPA,94.74,High,True,Yes
TX-101723,2024-12-06 15:18:24.003370,South Africa,Brazil,98303.34,ZAR,SWIFT,17.03,Low,False,Yes
TX-101724,2024-07-07 18:58:53.003370,India,Canada,5893.96,INR,SEPA,12.04,Low,False,Yes
TX-101725,2024-04-15 18:47:09.003370,India,Russia,58394.6,INR,SWIFT,3.34,Low,False,Yes
TX-101726,2024-05-23 10:16:07.003370,Russia,France,34997.77,RUB,ACH,36.38,Low,False,Yes
TX-101727,2025-01-03 00:52:15.003370,UK,Canada,84363.9,GBP,SEPA,33.76,Low,False,Yes
TX-101728,2024-04-23 15:41:39.003370,India,Spain,36186.15,INR,ACH,43.08,Medium,False,Yes
TX-101729,2024-11-04 13:33:34.003370,Canada,UK,26122.71,CAD,ACH,50.33,Medium,False,Yes
TX-101730,2024-09-20 17:47:18.003370,Netherlands,USA,85769.56,EUR,SEPA,75.78,High,True,Yes
TX-101731,2024-10-03 18:55:33.003370,India,Japan,37527.84,INR,ACH,39.21,Low,False,Yes
TX-101732,2024-11-28 21:21:14.003370,India,Spain,1781.65,INR,SWIFT,33.06,Low,False,Yes
TX-101733,2024-04-21 12:51:52.003370,USA,USA,39089.88,USD,SWIFT,82.69,High,True,Yes
TX-101734,2024-09-24 06:17:50.003370,France,Australia,65486.77,EUR,ACH,84.98,High,True,Yes
TX-101735,2024-04-09 13:10:07.003370,South Africa,India,25510.52,ZAR,Wire,23.28,Low,False,Yes
TX-101736,2025-01-01 06:48:52.004372,Australia,Russia,43255.56,AUD,Wire,31.47,Low,False,Yes
TX-101737,2024-12-01 18:09:08.004372,USA,Italy,5765.84,USD,SWIFT,82.51,High,True,Yes
TX-101738,2025-03-10 10:16:17.004372,China,China,58850.47,CNY,RTGS,7.94,Low,False,Yes
TX-101739,2025-03-06 22:31:05.004372,Spain,Japan,75653.86,EUR,ACH,32.58,Low,False,Yes
TX-101740,2024-09-21 08:48:51.004372,Brazil,Netherlands,41389.92,BRL,RTGS,44.84,Medium,False,Yes
TX-101741,2024-09-05 18:35:50.004372,UK,Italy,42081.24,GBP,RTGS,18.71,Low,False,Yes
TX-101742,2025-01-01 10:32:51.004372,Canada,France,8919.42,CAD,ACH,17.99,Low,False,Yes
TX-101743,2024-05-17 15:06:33.004372,Netherlands,USA,20273.89,EUR,RTGS,42.49,Medium,False,Yes
TX-101744,2024-07-18 12:20:28.004372,France,Brazil,15552.06,EUR,RTGS,75.45,High,True,Yes
TX-101745,2024-04-02 11:24:24.004372,Spain,Australia,48220.61,EUR,SWIFT,84.02,High,True,Yes
TX-101746,2024-08-09 08:21:49.004372,Brazil,China,52972.63,BRL,SEPA,97.92,High,True,Yes
TX-101747,2024-08-26 07:30:42.004372,Italy,USA,94899.12,EUR,RTGS,7.4,Low,False,Yes
TX-101748,2024-08-08 14:19:56.004372,UK,Spain,7415.83,GBP,Wire,21.67,Low,False,Yes
TX-101749,2024-09-21 04:33:55.004372,Germany,Italy,60026.81,EUR,SWIFT,75.66,High,True,Yes
TX-101750,2024-09-16 18:38:13.004372,UK,China,52697.2,GBP,Wire,54.06,Medium,False,Yes
TX-101751,2025-01-01 10:47:10.004372,South Africa,Italy,51671.69,ZAR,Wire,32.77,Low,False,Yes
TX-101752,2024-10-18 11:16:46.004372,Japan,Spain,87328.61,JPY,RTGS,20.56,Low,False,Yes
TX-101753,2024-05-11 07:58:57.004372,Netherlands,China,20633.29,EUR,SEPA,28.05,Low,False,Yes
TX-101754,2024-07-12 22:22:05.004372,Spain,Canada,4173.25,EUR,ACH,42.93,Medium,False,Yes
TX-101755,2024-05-08 23:39:57.004372,Japan,South Africa,67259.92,JPY,SWIFT,17.72,Low,False,Yes
TX-101756,2025-01-31 20:05:35.004372,Japan,Australia,34581.23,JPY,ACH,96.42,High,True,Yes
TX-101757,2024-08-22 00:59:07.004372,Netherlands,Canada,1857.23,EUR,RTGS,10.76,Low,False,Yes
TX-101758,2024-12-11 01:17:47.004372,France,Brazil,25212.26,EUR,ACH,98.56,High,True,Yes
TX-101759,2024-05-09 08:45:45.004372,Russia,India,31001.74,RUB,SEPA,84.19,High,True,Yes
TX-101760,2025-01-24 00:18:13.004372,UK,Germany,61722.15,GBP,SWIFT,42.32,Medium,False,Yes
TX-101761,2025-02-16 20:21:49.004372,France,Spain,17341.32,EUR,SEPA,73.98,High,True,Yes
TX-101762,2024-04-09 02:24:36.004372,Netherlands,Australia,41364.13,EUR,Wire,67.15,Medium,False,Yes
TX-101763,2024-05-30 14:14:08.004372,Russia,Japan,48299.3,RUB,ACH,21.33,Low,False,Yes
TX-101764,2024-05-09 22:46:18.004372,Australia,South Africa,45977.82,AUD,RTGS,33.91,Low,False,Yes
TX-101765,2024-08-23 19:08:08.004372,South Africa,South Africa,97396.68,ZAR,RTGS,51.31,Medium,False,Yes
TX-101766,2024-03-31 00:37:44.004372,France,India,4645.87,EUR,Wire,63.78,Medium,False,Yes
TX-101767,2024-05-08 19:51:26.004372,Brazil,Spain,95101.72,BRL,ACH,54.29,Medium,False,Yes
TX-101768,2025-02-15 04:34:04.004372,Russia,UK,58235.53,RUB,SWIFT,47.3,Medium,False,Yes
TX-101769,2024-04-16 15:09:30.004372,Spain,China,79593.2,EUR,SEPA,44.32,Medium,False,Yes
TX-101770,2024-10-08 07:25:21.004372,South Africa,France,43096.22,ZAR,Wire,49.83,Medium,False,Yes
TX-101771,2024-12-06 11:31:04.004372,Canada,Spain,45438.4,CAD,SWIFT,43.44,Medium,False,Yes
TX-101772,2024-03-28 19:09:40.004372,Australia,Italy,87944.72,AUD,RTGS,54.13,Medium,False,Yes
TX-101773,2025-01-01 02:14:16.004372,Canada,Germany,89603.86,CAD,SWIFT,88.8,High,True,Yes
TX-101774,2024-11-20 04:22:32.004372,UK,Australia,23945.02,GBP,ACH,63.28,Medium,False,Yes
TX-101775,2024-07-22 04:34:57.004372,South Africa,India,20004.26,ZAR,Wire,72.26,High,True,Yes
TX-101776,2025-03-13 13:51:46.004372,Germany,Russia,49673.89,EUR,SEPA,59.75,Medium,False,Yes
TX-101777,2024-05-05 06:49:41.004372,Russia,South Africa,90037.68,RUB,SWIFT,64.3,Medium,False,Yes
TX-101778,2024-11-13 00:37:20.004372,India,Canada,32303.27,INR,SWIFT,57.83,Medium,False,Yes
TX-101779,2024-12-16 10:50:46.004372,Brazil,Russia,65236.26,BRL,SWIFT,2.69,Low,False,Yes
TX-101780,2024-10-16 23:14:20.004372,India,Russia,70844.35,INR,SWIFT,99.96,High,True,Yes
TX-101781,2024-10-11 23:32:13.004372,Italy,Japan,77889.6,EUR,SEPA,3.36,Low,False,Yes
TX-101782,2024-06-13 07:55:04.004372,Russia,Germany,56436.05,RUB,SWIFT,39.51,Low,False,Yes
TX-101783,2024-12-05 21:59:43.004372,South Africa,France,40305.27,ZAR,SWIFT,10.51,Low,False,Yes
TX-101784,2025-02-05 14:12:34.004372,Japan,France,96704.9,JPY,Wire,9.69,Low,False,Yes
TX-101785,2025-01-31 11:25:55.004372,Spain,USA,61171.94,EUR,ACH,79.35,High,True,Yes
TX-101786,2024-08-19 21:02:31.004372,Canada,France,72883.66,CAD,SWIFT,42.59,Medium,False,Yes
TX-101787,2024-07-02 00:45:45.004372,South Africa,China,34563.79,ZAR,Wire,80.11,High,True,Yes
TX-101788,2024-07-31 17:22:16.004372,Italy,Italy,67027.92,EUR,RTGS,27.28,Low,False,Yes
TX-101789,2024-06-24 20:15:52.004372,USA,South Africa,25853.99,USD,SEPA,25.65,Low,False,Yes
TX-101790,2025-01-18 03:44:51.005371,France,Germany,24585.18,EUR,SEPA,25.12,Low,False,Yes
TX-101791,2024-06-07 16:22:47.005371,Japan,China,71500.75,JPY,SEPA,61.61,Medium,False,Yes
TX-101792,2024-10-01 05:17:18.005371,Canada,Brazil,52187.33,CAD,RTGS,81.5,High,True,Yes
TX-101793,2024-09-12 00:46:24.005371,Australia,Canada,68359.33,AUD,RTGS,45.23,Medium,False,Yes
TX-101794,2024-10-21 09:05:11.005371,Spain,Brazil,27016.91,EUR,RTGS,37.92,Low,False,Yes
TX-101795,2025-01-27 04:11:43.005371,India,Russia,59912.46,INR,SWIFT,97.36,High,True,Yes
TX-101796,2024-07-14 22:17:01.005371,Brazil,China,44448.97,BRL,SEPA,11.68,Low,False,Yes
TX-101797,2024-09-08 15:34:19.005371,India,Canada,59736.33,INR,SWIFT,48.66,Medium,False,Yes
TX-101798,2024-11-06 20:01:55.005371,France,China,29158.89,EUR,RTGS,40.85,Medium,False,Yes
TX-101799,2024-06-26 07:56:55.005371,China,Spain,71573.55,CNY,RTGS,9.81,Low,False,Yes
TX-101800,2024-04-10 06:46:23.005371,Italy,France,80612.34,EUR,SEPA,26.82,Low,False,Yes
TX-101801,2024-06-19 11:35:11.005371,Russia,Canada,26065.66,RUB,RTGS,2.84,Low,False,Yes
TX-101802,2024-04-06 20:15:54.005371,India,China,30131.99,INR,SEPA,87.7,High,True,Yes
TX-101803,2024-10-14 09:17:38.005371,Spain,South Africa,66149.31,EUR,ACH,60.78,Medium,False,Yes
TX-101804,2025-01-04 04:31:51.005371,Canada,Japan,69588.96,CAD,ACH,81.5,High,True,Yes
TX-101805,2024-06-25 21:52:28.005371,India,Australia,70439.56,INR,ACH,52.16,Medium,False,Yes
TX-101806,2025-01-15 14:11:25.005371,Germany,Italy,68301.58,EUR,SEPA,59.95,Medium,False,Yes
TX-101807,2024-04-13 22:52:22.005371,Australia,Germany,39341.49,AUD,ACH,70.09,High,True,Yes
TX-101808,2024-04-27 10:20:57.005371,USA,Spain,39545.88,USD,ACH,90.8,High,True,Yes
TX-101809,2025-01-14 10:23:18.005371,China,South Africa,25556.28,CNY,SWIFT,9.18,Low,False,Yes
TX-101810,2024-08-09 17:14:58.005371,Netherlands,Canada,15767.69,EUR,ACH,33.09,Low,False,Yes
TX-101811,2025-03-13 12:29:22.005371,Japan,India,69288.48,JPY,RTGS,70.9,High,True,Yes
TX-101812,2024-03-29 16:23:20.005371,Spain,Russia,9409.56,EUR,ACH,95.84,High,True,Yes
TX-101813,2024-10-31 22:41:55.005371,Netherlands,France,93785.45,EUR,Wire,98.08,High,True,Yes
TX-101814,2024-06-24 23:09:57.005371,China,Japan,82685.96,CNY,SWIFT,63.81,Medium,False,Yes
TX-101815,2024-04-01 23:54:23.005371,Germany,South Africa,85764.82,EUR,ACH,19.36,Low,False,Yes
TX-101816,2025-02-09 06:18:52.005371,India,France,90676.21,INR,SWIFT,11.92,Low,False,Yes
TX-101817,2025-01-21 01:25:16.005371,Canada,Italy,40919.64,CAD,RTGS,94.6,High,True,Yes
TX-101818,2024-06-25 12:58:59.005371,India,India,84685.4,INR,RTGS,43.39,Medium,False,Yes
TX-101819,2025-02-23 15:00:35.005371,Russia,Japan,15890.32,RUB,SWIFT,19.48,Low,False,Yes
TX-101820,2024-08-26 15:37:19.005371,Australia,Spain,2262.02,AUD,Wire,93.39,High,True,Yes
TX-101821,2024-10-19 04:55:20.005371,Netherlands,Germany,78510.65,EUR,RTGS,10.45,Low,False,Yes
TX-101822,2024-03-20 09:07:14.005371,Brazil,Italy,7572.19,BRL,SEPA,72.96,High,True,Yes
TX-101823,2025-02-06 07:57:06.005371,France,Italy,98853.61,EUR,RTGS,62.53,Medium,False,Yes
TX-101824,2024-08-12 20:27:46.005371,India,France,67512.16,INR,ACH,8.77,Low,False,Yes
TX-101825,2025-01-21 06:51:19.005371,Italy,China,75369.63,EUR,Wire,33.87,Low,False,Yes
TX-101826,2025-03-08 08:41:31.005371,Canada,Japan,24655.81,CAD,RTGS,14.99,Low,False,Yes
TX-101827,2024-11-24 00:55:45.005371,UK,Australia,67419.15,GBP,SWIFT,60.45,Medium,False,Yes
TX-101828,2024-10-30 12:02:39.005371,USA,India,4417.67,USD,ACH,47.71,Medium,False,Yes
TX-101829,2024-05-04 16:55:56.005371,USA,South Africa,83798.79,USD,RTGS,0.43,Low,False,Yes
TX-101830,2024-05-10 07:16:43.005371,France,Japan,17045.45,EUR,SWIFT,97.57,High,True,Yes
TX-101831,2024-04-30 07:37:57.005371,Australia,UK,69766.07,AUD,SEPA,34.96,Low,False,Yes
TX-101832,2024-05-09 08:59:00.005371,Canada,Netherlands,22525.6,CAD,ACH,25.82,Low,False,Yes
TX-101833,2024-03-29 21:21:15.005371,Canada,USA,6938.47,CAD,RTGS,22.24,Low,False,Yes
TX-101834,2024-06-26 20:49:02.005371,Germany,India,48201.22,EUR,Wire,15.88,Low,False,Yes
TX-101835,2024-11-30 03:41:48.005371,Netherlands,Brazil,17011.69,EUR,SEPA,99.91,High,True,Yes
TX-101836,2025-02-17 02:48:42.005371,Japan,Japan,72971.45,JPY,RTGS,29.51,Low,False,Yes
TX-101837,2024-08-02 14:42:17.005371,UK,Russia,23832.83,GBP,SEPA,40.55,Medium,False,Yes
TX-101838,2024-07-06 06:09:16.005371,Italy,UK,34313.01,EUR,SEPA,87.14,High,True,Yes
TX-101839,2024-04-03 01:46:04.005371,Australia,China,56787.18,AUD,RTGS,64.19,Medium,False,Yes
TX-101840,2024-04-09 19:19:31.005371,Spain,Australia,28568.33,EUR,SEPA,36.87,Low,False,Yes
TX-101841,2024-09-03 16:09:04.005371,India,Germany,37861.01,INR,Wire,89.83,High,True,Yes
TX-101842,2024-09-20 19:58:56.005371,Brazil,India,81580.61,BRL,SWIFT,74.97,High,True,Yes
TX-101843,2024-11-02 04:13:27.005371,Brazil,Russia,18003.06,BRL,Wire,22.79,Low,False,Yes
TX-101844,2025-02-19 21:12:34.005371,Japan,Brazil,8311.94,JPY,RTGS,64.37,Medium,False,Yes
TX-101845,2024-12-13 19:04:53.005371,Italy,Australia,32902.94,EUR,SEPA,92.24,High,True,Yes
TX-101846,2024-06-29 13:15:46.005371,China,France,42495.24,CNY,RTGS,49.65,Medium,False,Yes
TX-101847,2024-09-19 07:06:26.005371,Brazil,Netherlands,54311.66,BRL,Wire,73.36,High,True,Yes
TX-101848,2024-12-25 00:43:08.005371,Brazil,India,37305.13,BRL,ACH,97.11,High,True,Yes
TX-101849,2024-09-14 11:34:57.005371,UK,Japan,79012.18,GBP,SEPA,69.04,Medium,False,Yes
TX-101850,2024-09-08 00:07:39.006371,Netherlands,South Africa,4028.02,EUR,SWIFT,10.24,Low,False,Yes
TX-101851,2024-07-28 21:26:30.006371,Italy,China,43233.58,EUR,Wire,24.46,Low,False,Yes
TX-101852,2024-10-26 20:44:11.006371,India,Russia,38287.37,INR,ACH,59.51,Medium,False,Yes
TX-101853,2024-08-17 03:08:55.006371,Canada,South Africa,64793.09,CAD,Wire,27.56,Low,False,Yes
TX-101854,2024-05-11 11:05:04.006371,Russia,Netherlands,96631.0,RUB,ACH,95.75,High,True,Yes
TX-101855,2024-03-24 06:11:38.006371,Australia,Italy,51086.5,AUD,RTGS,40.54,Medium,False,Yes
TX-101856,2025-01-23 21:20:36.006371,China,Netherlands,98689.0,CNY,ACH,45.72,Medium,False,Yes
TX-101857,2024-03-29 04:42:30.006371,Italy,China,30294.71,EUR,Wire,70.16,High,True,Yes
TX-101858,2024-10-11 07:13:31.006371,France,Brazil,3183.73,EUR,RTGS,52.42,Medium,False,Yes
TX-101859,2024-07-30 07:28:10.006371,USA,India,16649.75,USD,SEPA,38.21,Low,False,Yes
TX-101860,2024-07-06 06:38:17.006371,Brazil,USA,39572.98,BRL,SEPA,7.66,Low,False,Yes
TX-101861,2024-08-23 16:59:29.006371,Spain,Japan,31701.76,EUR,SWIFT,59.64,Medium,False,Yes
TX-101862,2024-12-05 23:25:49.006371,Germany,Germany,9795.71,EUR,SEPA,86.76,High,True,Yes
TX-101863,2024-10-19 23:34:54.006371,Australia,Spain,43322.74,AUD,SWIFT,68.58,Medium,False,Yes
TX-101864,2024-05-01 09:07:45.006371,Australia,Australia,33877.77,AUD,SEPA,38.15,Low,False,Yes
TX-101865,2024-07-27 04:26:54.006371,Germany,UK,12349.66,EUR,ACH,12.77,Low,False,Yes
TX-101866,2024-09-27 16:22:27.006371,Russia,Germany,29682.1,RUB,RTGS,81.63,High,True,Yes
TX-101867,2024-06-23 00:24:34.006371,Spain,UK,88654.96,EUR,ACH,94.17,High,True,Yes
TX-101868,2024-10-08 01:10:13.006371,Canada,Brazil,30274.68,CAD,ACH,38.83,Low,False,Yes
TX-101869,2024-07-19 05:23:30.006371,India,India,71424.15,INR,SWIFT,72.86,High,True,Yes
TX-101870,2024-10-20 21:45:50.006371,Spain,South Africa,61243.5,EUR,RTGS,41.08,Medium,False,Yes
TX-101871,2024-07-13 19:04:11.006371,Japan,France,42775.4,JPY,RTGS,50.23,Medium,False,Yes
TX-101872,2025-01-23 12:30:50.006371,Netherlands,Russia,23978.66,EUR,SEPA,83.65,High,True,Yes
TX-101873,2025-02-11 08:45:58.006371,India,Italy,36964.57,INR,SWIFT,8.34,Low,False,Yes
TX-101874,2024-04-14 05:29:32.006371,Spain,Italy,59251.51,EUR,RTGS,53.03,Medium,False,Yes
TX-101875,2024-11-05 02:26:41.006371,USA,Spain,35140.25,USD,RTGS,21.46,Low,False,Yes
TX-101876,2024-06-14 17:53:22.006371,Italy,Russia,21568.15,EUR,ACH,33.98,Low,False,Yes
TX-101877,2024-10-02 13:13:03.006371,France,Russia,11734.63,EUR,Wire,64.44,Medium,False,Yes
TX-101878,2024-04-12 04:40:16.006371,Germany,Netherlands,87988.72,EUR,RTGS,2.72,Low,False,Yes
TX-101879,2025-01-12 07:14:54.006371,Canada,Canada,44087.27,CAD,Wire,59.38,Medium,False,Yes
TX-101880,2025-03-12 13:40:58.006371,Russia,India,62558.31,RUB,ACH,28.34,Low,False,Yes
TX-101881,2025-03-03 12:22:41.006371,Russia,Germany,49092.0,RUB,RTGS,66.95,Medium,False,Yes
TX-101882,2025-02-01 01:09:43.006371,Australia,Russia,87269.4,AUD,Wire,14.16,Low,False,Yes
TX-101883,2024-09-07 22:10:34.006371,Canada,Italy,54738.79,CAD,Wire,73.58,High,True,Yes
TX-101884,2024-06-27 00:55:26.006371,India,France,48130.06,INR,RTGS,64.56,Medium,False,Yes
TX-101885,2024-09-20 21:02:13.006371,Germany,Russia,92467.64,EUR,Wire,97.12,High,True,Yes
TX-101886,2024-08-23 14:05:03.006371,India,France,71996.99,INR,RTGS,91.12,High,True,Yes
TX-101887,2024-09-07 01:47:04.006371,India,India,11243.84,INR,SEPA,28.33,Low,False,Yes
TX-101888,2024-12-23 20:16:24.006371,China,UK,17852.68,CNY,SWIFT,2.73,Low,False,Yes
TX-101889,2024-03-21 17:24:42.006371,USA,France,78733.57,USD,SWIFT,65.54,Medium,False,Yes
TX-101890,2025-03-13 04:58:25.006371,USA,India,83601.55,USD,SWIFT,60.29,Medium,False,Yes
TX-101891,2024-11-20 13:04:24.006371,South Africa,China,54564.56,ZAR,RTGS,2.74,Low,False,Yes
TX-101892,2024-10-29 04:51:01.006371,Spain,Germany,55490.08,EUR,SWIFT,12.27,Low,False,Yes
TX-101893,2024-10-26 21:46:08.006371,Germany,Italy,63230.1,EUR,SWIFT,58.47,Medium,False,Yes
TX-101894,2024-12-18 23:16:59.006371,UK,Germany,43967.67,GBP,Wire,91.18,High,True,Yes
TX-101895,2025-01-05 04:09:08.006371,South Africa,Canada,68051.89,ZAR,SEPA,90.65,High,True,Yes
TX-101896,2024-06-11 02:37:44.006371,China,UK,10937.28,CNY,Wire,15.15,Low,False,Yes
TX-101897,2024-06-03 00:29:36.006371,Germany,Germany,96131.8,EUR,ACH,38.46,Low,False,Yes
TX-101898,2025-01-13 10:30:11.006371,Canada,USA,75040.47,CAD,Wire,4.32,Low,False,Yes
TX-101899,2024-10-26 10:27:16.006371,Russia,Germany,63154.3,RUB,Wire,46.93,Medium,False,Yes
TX-101900,2024-03-20 02:16:36.006371,South Africa,South Africa,31700.57,ZAR,SEPA,75.31,High,True,Yes
TX-101901,2024-03-23 10:16:35.006371,Japan,Russia,16179.45,JPY,RTGS,79.0,High,True,Yes
TX-101902,2024-03-25 13:12:50.006371,Germany,France,40993.36,EUR,SEPA,49.9,Medium,False,Yes
TX-101903,2024-11-06 18:12:34.006371,China,Australia,66191.52,CNY,SEPA,9.59,Low,False,Yes
TX-101904,2024-08-24 22:30:15.006371,Germany,Australia,63407.6,EUR,SEPA,38.14,Low,False,Yes
TX-101905,2024-11-12 11:45:53.006371,Russia,Japan,38325.85,RUB,SEPA,93.21,High,True,Yes
TX-101906,2025-02-13 04:51:36.006371,Russia,Italy,61367.31,RUB,SWIFT,22.96,Low,False,Yes
TX-101907,2024-03-28 06:47:33.006371,Germany,Italy,81393.45,EUR,ACH,31.98,Low,False,Yes
TX-101908,2024-08-19 23:37:51.006371,Spain,India,2725.85,EUR,SWIFT,74.68,High,True,Yes
TX-101909,2024-12-13 19:20:10.006371,South Africa,Netherlands,45117.04,ZAR,Wire,73.36,High,True,Yes
TX-101910,2025-03-06 22:56:34.006371,UK,USA,75879.67,GBP,ACH,91.22,High,True,Yes
TX-101911,2024-05-04 12:09:05.006371,South Africa,Germany,54659.83,ZAR,ACH,38.81,Low,False,Yes
TX-101912,2024-06-15 12:56:04.006371,Netherlands,UK,65182.46,EUR,SWIFT,51.46,Medium,False,Yes
TX-101913,2025-02-12 03:14:19.006371,China,France,51715.97,CNY,SEPA,46.74,Medium,False,Yes
TX-101914,2024-06-14 09:28:24.006371,USA,UK,99188.27,USD,ACH,92.78,High,True,Yes
TX-101915,2024-04-05 02:33:33.006371,France,USA,5556.69,EUR,SEPA,76.93,High,True,Yes
TX-101916,2025-01-22 00:20:16.006371,Russia,France,49155.38,RUB,Wire,83.14,High,True,Yes
TX-101917,2024-12-02 10:08:18.006371,UK,South Africa,9232.51,GBP,SWIFT,13.31,Low,False,Yes
TX-101918,2024-12-26 16:46:25.006371,UK,South Africa,16062.58,GBP,ACH,79.18,High,True,Yes
TX-101919,2024-07-19 23:32:24.006371,Japan,France,38365.53,JPY,SEPA,43.3,Medium,False,Yes
TX-101920,2024-12-14 19:41:05.006371,France,India,15638.46,EUR,SWIFT,2.33,Low,False,Yes
TX-101921,2024-11-17 10:46:14.006371,South Africa,Japan,96372.35,ZAR,SWIFT,6.01,Low,False,Yes
TX-101922,2024-11-18 18:10:54.006371,UK,UK,94684.3,GBP,ACH,67.79,Medium,False,Yes
TX-101923,2024-08-04 20:58:56.006371,Canada,India,33677.35,CAD,Wire,37.2,Low,False,Yes
TX-101924,2024-03-25 12:56:36.006371,India,Russia,64010.8,INR,ACH,86.81,High,True,Yes
TX-101925,2025-03-03 18:35:54.006371,Russia,USA,53421.96,RUB,SEPA,73.43,High,True,Yes
TX-101926,2024-06-19 07:31:29.006371,USA,Brazil,81577.14,USD,Wire,2.17,Low,False,Yes
TX-101927,2024-04-25 00:27:35.006371,UK,Australia,62781.82,GBP,RTGS,68.69,Medium,False,Yes
TX-101928,2024-09-20 07:08:51.006371,USA,South Africa,125.22,USD,ACH,19.24,Low,False,Yes
TX-101929,2024-06-10 23:27:14.006371,Spain,USA,76341.12,EUR,Wire,42.26,Medium,False,Yes
TX-101930,2024-08-01 15:12:11.006371,South Africa,USA,74710.13,ZAR,RTGS,62.47,Medium,False,Yes
TX-101931,2024-05-29 20:46:03.006371,South Africa,Russia,51021.3,ZAR,Wire,87.27,High,True,Yes
TX-101932,2024-08-20 01:58:40.006371,Germany,Netherlands,90301.61,EUR,RTGS,45.61,Medium,False,Yes
TX-101933,2024-11-26 22:34:35.006371,China,Canada,90853.78,CNY,Wire,80.85,High,True,Yes
TX-101934,2024-10-18 20:55:44.006371,Spain,Spain,52438.78,EUR,ACH,78.3,High,True,Yes
TX-101935,2024-11-23 17:08:30.006371,USA,China,60838.02,USD,Wire,41.45,Medium,False,Yes
TX-101936,2025-02-01 21:19:25.006371,UK,France,99652.55,GBP,SWIFT,50.1,Medium,False,Yes
TX-101937,2024-06-15 23:22:36.006371,France,Russia,29952.14,EUR,Wire,70.05,High,True,Yes
TX-101938,2024-06-26 14:16:33.006371,USA,Canada,32529.26,USD,RTGS,3.11,Low,False,Yes
TX-101939,2025-03-01 15:36:50.006371,UK,Netherlands,18359.11,GBP,Wire,89.08,High,True,Yes
TX-101940,2024-08-05 10:17:55.006371,Brazil,Italy,89597.11,BRL,Wire,76.98,High,True,Yes
TX-101941,2024-03-27 10:44:26.006371,Italy,Netherlands,74474.39,EUR,ACH,24.94,Low,False,Yes
TX-101942,2024-12-07 03:03:58.006371,Japan,Spain,10653.72,JPY,SEPA,98.12,High,True,Yes
TX-101943,2024-11-18 22:46:25.006371,Canada,India,98178.56,CAD,ACH,17.94,Low,False,Yes
TX-101944,2024-04-20 10:34:15.006371,Brazil,India,73123.07,BRL,Wire,91.41,High,True,Yes
TX-101945,2024-08-24 06:38:37.007370,Canada,Netherlands,85067.16,CAD,RTGS,32.45,Low,False,Yes
TX-101946,2024-11-12 23:40:25.007370,Australia,Canada,4910.26,AUD,RTGS,76.31,High,True,Yes
TX-101947,2024-07-11 16:47:19.007370,Australia,Italy,50545.6,AUD,ACH,45.64,Medium,False,Yes
TX-101948,2025-03-10 21:20:01.007370,South Africa,Russia,69889.97,ZAR,Wire,73.65,High,True,Yes
TX-101949,2025-02-25 21:04:52.007370,Spain,Brazil,54340.36,EUR,SWIFT,15.58,Low,False,Yes
TX-101950,2024-04-03 06:37:44.007370,Japan,Russia,66698.08,JPY,SWIFT,26.95,Low,False,Yes
TX-101951,2024-09-05 17:08:19.007370,China,UK,81805.62,CNY,RTGS,9.99,Low,False,Yes
TX-101952,2024-09-14 10:16:24.007370,Canada,Germany,37496.27,CAD,SEPA,86.51,High,True,Yes
TX-101953,2025-02-04 06:15:03.007370,Australia,Canada,84882.0,AUD,SWIFT,29.63,Low,False,Yes
TX-101954,2024-07-09 09:19:35.007370,Japan,China,16375.32,JPY,RTGS,69.45,Medium,False,Yes
TX-101955,2024-05-13 22:37:52.007370,Germany,Brazil,27161.52,EUR,SWIFT,82.02,High,True,Yes
TX-101956,2025-03-17 00:07:22.007370,China,Japan,4430.23,CNY,ACH,90.14,High,True,Yes
TX-101957,2024-07-11 00:05:04.007370,USA,Netherlands,36506.24,USD,Wire,10.63,Low,False,Yes
TX-101958,2025-01-25 18:19:59.007370,Brazil,Canada,38052.96,BRL,SWIFT,89.3,High,True,Yes
TX-101959,2024-06-30 01:23:44.007370,South Africa,Japan,80546.53,ZAR,RTGS,19.73,Low,False,Yes
TX-101960,2024-09-26 09:45:32.007370,Netherlands,India,65347.75,EUR,ACH,73.69,High,True,Yes
TX-101961,2025-03-06 09:40:46.007370,Russia,Russia,43728.58,RUB,RTGS,72.88,High,True,Yes
TX-101962,2024-11-08 23:07:59.007370,India,China,65246.19,INR,SWIFT,0.85,Low,False,Yes
TX-101963,2024-10-24 09:16:26.007370,Japan,South Africa,5373.06,JPY,SEPA,22.06,Low,False,Yes
TX-101964,2024-09-30 07:28:38.007370,France,Netherlands,18109.13,EUR,SWIFT,49.19,Medium,False,Yes
TX-101965,2024-08-02 16:33:34.007370,Australia,Japan,62732.09,AUD,RTGS,42.0,Medium,False,Yes
TX-101966,2024-08-12 22:02:49.007370,India,France,64172.55,INR,SWIFT,91.86,High,True,Yes
TX-101967,2024-06-01 12:53:20.007370,USA,Australia,77436.05,USD,SEPA,35.97,Low,False,Yes
TX-101968,2024-07-04 14:00:13.007370,USA,Netherlands,40359.68,USD,Wire,93.7,High,True,Yes
TX-101969,2025-01-14 03:42:21.007370,Australia,Canada,72283.15,AUD,RTGS,45.94,Medium,False,Yes
TX-101970,2025-02-07 04:25:50.007370,Russia,Germany,68429.64,RUB,Wire,96.44,High,True,Yes
TX-101971,2024-07-28 08:56:27.007370,Italy,China,96343.0,EUR,RTGS,73.74,High,True,Yes
TX-101972,2024-07-27 03:55:41.007370,Italy,Canada,21591.51,EUR,Wire,82.93,High,True,Yes
TX-101973,2025-03-13 18:03:38.007370,India,South Africa,55212.79,INR,ACH,10.49,Low,False,Yes
TX-101974,2024-11-13 21:30:43.007370,Canada,South Africa,60216.27,CAD,ACH,58.61,Medium,False,Yes
TX-101975,2024-04-27 03:31:34.007370,Australia,Spain,99864.92,AUD,Wire,14.27,Low,False,Yes
TX-101976,2024-08-11 14:41:17.007370,Brazil,Spain,20198.3,BRL,ACH,29.76,Low,False,Yes
TX-101977,2024-05-02 08:30:58.007370,Netherlands,Russia,52369.48,EUR,SWIFT,62.36,Medium,False,Yes
TX-101978,2025-02-04 09:21:36.007370,Australia,China,34683.91,AUD,RTGS,72.62,High,True,Yes
TX-101979,2024-12-13 04:16:09.007370,Canada,Brazil,52636.71,CAD,RTGS,3.92,Low,False,Yes
TX-101980,2024-09-28 04:17:18.007370,Netherlands,Italy,23289.65,EUR,SWIFT,53.09,Medium,False,Yes
TX-101981,2024-09-21 20:04:26.007370,Canada,South Africa,4856.48,CAD,Wire,56.53,Medium,False,Yes
TX-101982,2024-04-09 18:45:18.007370,Spain,Brazil,57299.29,EUR,SEPA,7.88,Low,False,Yes
TX-101983,2024-03-21 08:46:33.007370,China,Brazil,33651.85,CNY,SWIFT,50.07,Medium,False,Yes
TX-101984,2024-12-31 23:16:39.007370,UK,Germany,18275.95,GBP,RTGS,71.38,High,True,Yes
TX-101985,2024-09-13 17:49:18.007370,Canada,Netherlands,32461.16,CAD,SWIFT,5.32,Low,False,Yes
TX-101986,2024-07-11 03:57:07.007370,UK,Italy,5023.09,GBP,RTGS,76.03,High,True,Yes
TX-101987,2024-05-25 02:14:29.007370,France,Germany,95049.18,EUR,ACH,57.64,Medium,False,Yes
TX-101988,2024-11-26 02:03:07.007370,China,UK,58156.68,CNY,SEPA,83.32,High,True,Yes
TX-101989,2025-01-29 02:11:27.007370,India,Canada,81495.39,INR,RTGS,21.81,Low,False,Yes
TX-101990,2025-01-24 00:43:15.007370,China,UK,42369.51,CNY,SEPA,83.33,High,True,Yes
TX-101991,2024-11-21 14:06:20.007370,Japan,Germany,90341.14,JPY,SEPA,9.46,Low,False,Yes
TX-101992,2025-02-06 01:14:51.007370,Brazil,France,48383.49,BRL,Wire,40.38,Medium,False,Yes
TX-101993,2025-01-24 15:23:39.007370,Spain,Australia,57437.14,EUR,RTGS,19.95,Low,False,Yes
TX-101994,2025-01-28 06:36:42.007370,Italy,Italy,49230.22,EUR,Wire,87.6,High,True,Yes
TX-101995,2024-03-20 07:47:50.007370,China,France,73354.5,CNY,ACH,70.49,High,True,Yes
TX-101996,2024-09-11 21:57:41.007370,Japan,Russia,56708.94,JPY,SWIFT,2.54,Low,False,Yes
TX-101997,2025-02-12 15:22:52.007370,France,China,27232.73,EUR,ACH,0.95,Low,False,Yes
TX-101998,2024-11-11 15:25:03.007370,Australia,USA,14639.4,AUD,SWIFT,29.12,Low,False,Yes
TX-101999,2025-02-23 05:55:44.007370,Japan,Australia,60651.83,JPY,SWIFT,14.33,Low,False,Yes
TX-102000,2025-01-17 08:41:40.007370,China,Japan,48969.08,CNY,SEPA,63.03,Medium,False,Yes
TX-102001,2024-09-22 19:24:59.007370,Italy,Spain,9687.97,EUR,SWIFT,66.38,Medium,False,Yes
TX-102002,2024-04-10 22:54:14.007370,Canada,Brazil,39622.18,CAD,SEPA,94.2,High,True,Yes
TX-102003,2024-10-08 17:45:57.007370,South Africa,Canada,51526.16,ZAR,Wire,95.2,High,True,Yes
TX-102004,2024-10-30 23:17:50.007370,Brazil,Spain,82706.63,BRL,ACH,65.89,Medium,False,Yes
TX-102005,2024-04-07 23:47:07.007370,Canada,Japan,7702.5,CAD,Wire,0.57,Low,False,Yes
TX-102006,2025-01-20 16:30:51.007370,Russia,Italy,34914.69,RUB,SEPA,35.9,Low,False,Yes
TX-102007,2024-11-13 07:45:58.007370,India,Australia,82283.35,INR,RTGS,51.31,Medium,False,Yes
TX-102008,2024-05-15 04:16:29.007370,India,India,64877.55,INR,Wire,49.92,Medium,False,Yes
TX-102009,2024-12-29 09:39:28.007370,Netherlands,Germany,29066.84,EUR,RTGS,60.33,Medium,False,Yes
TX-102010,2024-10-05 04:51:18.007370,South Africa,France,84548.98,ZAR,Wire,96.06,High,True,Yes
TX-102011,2024-08-26 13:27:00.007370,Japan,Netherlands,49380.03,JPY,ACH,88.52,High,True,Yes
TX-102012,2024-03-26 12:30:47.007370,Brazil,South Africa,49885.35,BRL,RTGS,10.89,Low,False,Yes
TX-102013,2024-08-03 10:57:10.007370,Russia,Netherlands,97661.08,RUB,RTGS,26.6,Low,False,Yes
TX-102014,2024-03-26 23:17:51.007370,Germany,UK,94716.94,EUR,RTGS,83.31,High,True,Yes
TX-102015,2024-12-15 13:41:41.007370,Italy,Spain,35917.42,EUR,RTGS,82.43,High,True,Yes
TX-102016,2024-08-16 18:51:39.007370,Australia,Australia,14143.85,AUD,RTGS,27.54,Low,False,Yes
TX-102017,2025-03-09 00:36:28.007370,Netherlands,Brazil,32634.11,EUR,SEPA,73.06,High,True,Yes
TX-102018,2024-11-13 03:37:35.007370,Germany,Spain,3145.28,EUR,RTGS,67.2,Medium,False,Yes
TX-102019,2024-05-07 13:19:06.007370,Italy,Russia,2174.71,EUR,SWIFT,47.35,Medium,False,Yes
TX-102020,2024-06-05 18:44:31.007370,Spain,France,39612.66,EUR,ACH,20.15,Low,False,Yes
TX-102021,2024-06-12 21:28:46.007370,Russia,USA,94107.88,RUB,ACH,88.86,High,True,Yes
TX-102022,2024-12-12 17:46:46.007370,Australia,India,87148.6,AUD,SWIFT,67.79,Medium,False,Yes
TX-102023,2024-09-30 21:09:59.007370,Italy,Netherlands,51193.14,EUR,SEPA,16.9,Low,False,Yes
TX-102024,2024-08-31 01:00:19.007370,Italy,China,56566.12,EUR,SWIFT,70.48,High,True,Yes
TX-102025,2024-07-20 21:16:56.007370,Brazil,USA,692.76,BRL,ACH,74.14,High,True,Yes
TX-102026,2024-11-23 10:09:19.007370,Canada,Russia,21628.57,CAD,SEPA,88.69,High,True,Yes
TX-102027,2024-05-28 21:46:27.007370,Spain,Brazil,2574.94,EUR,SEPA,22.28,Low,False,Yes
TX-102028,2024-05-26 02:04:28.007370,Italy,India,75478.5,EUR,SEPA,98.88,High,True,Yes
TX-102029,2025-02-20 03:30:34.007370,Spain,South Africa,14650.02,EUR,SEPA,15.34,Low,False,Yes
TX-102030,2024-11-16 16:11:21.007370,India,USA,86917.81,INR,Wire,60.07,Medium,False,Yes
TX-102031,2025-02-17 03:17:43.007370,France,Brazil,64368.1,EUR,SEPA,65.72,Medium,False,Yes
TX-102032,2024-05-31 20:50:30.007370,Spain,Netherlands,23018.93,EUR,Wire,41.9,Medium,False,Yes
TX-102033,2024-09-08 01:29:01.007370,UK,South Africa,15856.26,GBP,SEPA,47.5,Medium,False,Yes
TX-102034,2024-09-25 06:34:15.007370,India,India,62799.71,INR,Wire,89.09,High,True,Yes
TX-102035,2025-02-17 12:39:28.007370,Netherlands,Germany,90093.61,EUR,ACH,64.53,Medium,False,Yes
TX-102036,2024-12-13 15:23:54.007370,Australia,France,71864.19,AUD,RTGS,49.7,Medium,False,Yes
TX-102037,2024-04-18 01:11:02.007370,Canada,Japan,34919.81,CAD,SEPA,12.83,Low,False,Yes
TX-102038,2025-02-18 22:36:01.007370,Canada,Italy,58779.62,CAD,RTGS,0.73,Low,False,Yes
TX-102039,2024-06-02 23:05:43.007370,Russia,France,31145.09,RUB,SEPA,12.5,Low,False,Yes
TX-102040,2024-12-12 11:17:28.007370,Canada,India,99915.04,CAD,ACH,95.62,High,True,Yes
TX-102041,2024-09-22 04:29:17.008369,Canada,Brazil,74909.03,CAD,SEPA,76.41,High,True,Yes
TX-102042,2024-10-18 23:31:45.008369,Italy,Spain,61476.73,EUR,ACH,96.71,High,True,Yes
TX-102043,2025-02-19 11:21:16.008369,Canada,Netherlands,42383.59,CAD,Wire,3.57,Low,False,Yes
TX-102044,2024-08-31 18:42:01.008369,Brazil,South Africa,61853.41,BRL,RTGS,68.02,Medium,False,Yes
TX-102045,2024-09-26 02:38:57.008369,Brazil,India,34227.44,BRL,Wire,4.43,Low,False,Yes
TX-102046,2025-02-15 15:52:12.008369,Spain,Canada,2983.6,EUR,SWIFT,78.21,High,True,Yes
TX-102047,2024-03-30 10:28:54.008369,South Africa,Japan,39569.34,ZAR,Wire,38.1,Low,False,Yes
TX-102048,2024-08-11 01:37:54.008369,UK,Russia,93055.03,GBP,ACH,9.58,Low,False,Yes
TX-102049,2024-06-04 17:08:49.008369,Japan,Germany,62667.48,JPY,RTGS,56.8,Medium,False,Yes
TX-102050,2024-04-28 16:10:24.008369,USA,Russia,8487.17,USD,RTGS,28.01,Low,False,Yes
TX-102051,2024-06-14 11:00:10.008369,China,Australia,88510.86,CNY,RTGS,65.96,Medium,False,Yes
TX-102052,2024-06-19 20:26:18.008369,Japan,Italy,26960.6,JPY,SWIFT,65.82,Medium,False,Yes
TX-102053,2024-08-15 09:47:10.008369,Japan,USA,24452.57,JPY,ACH,70.5,High,True,Yes
TX-102054,2024-04-07 20:33:29.008369,Spain,Netherlands,29779.39,EUR,Wire,99.25,High,True,Yes
TX-102055,2025-01-24 15:38:51.008369,India,Italy,57762.5,INR,RTGS,38.67,Low,False,Yes
TX-102056,2025-02-08 03:51:09.008369,Canada,Netherlands,54514.34,CAD,Wire,46.53,Medium,False,Yes
TX-102057,2024-10-08 19:03:52.008369,Italy,Netherlands,49192.23,EUR,Wire,80.46,High,True,Yes
TX-102058,2024-12-13 18:53:17.008369,Spain,France,71781.93,EUR,ACH,57.84,Medium,False,Yes
TX-102059,2024-06-07 18:56:25.008369,Russia,France,31722.12,RUB,SEPA,3.73,Low,False,Yes
TX-102060,2024-10-13 06:41:30.008369,India,Canada,78228.25,INR,SWIFT,84.31,High,True,Yes
TX-102061,2025-02-08 11:59:30.008369,South Africa,Netherlands,17614.64,ZAR,ACH,5.15,Low,False,Yes
TX-102062,2024-07-07 21:12:04.008369,Italy,Russia,78283.82,EUR,RTGS,17.08,Low,False,Yes
TX-102063,2024-05-09 08:21:05.008369,Russia,South Africa,66414.63,RUB,Wire,10.21,Low,False,Yes
TX-102064,2024-12-24 20:21:06.008369,Netherlands,Germany,68352.51,EUR,SEPA,7.79,Low,False,Yes
TX-102065,2024-06-21 18:45:51.008369,Brazil,France,48207.18,BRL,RTGS,2.57,Low,False,Yes
TX-102066,2025-02-13 22:19:23.008369,USA,Germany,66733.45,USD,RTGS,5.5,Low,False,Yes
TX-102067,2024-07-12 16:00:30.008369,France,Russia,8071.72,EUR,SWIFT,44.24,Medium,False,Yes
TX-102068,2024-05-15 15:22:47.008369,China,Netherlands,85169.96,CNY,RTGS,25.29,Low,False,Yes
TX-102069,2025-01-29 14:31:21.008369,France,UK,5649.17,EUR,ACH,12.65,Low,False,Yes
TX-102070,2024-10-16 22:59:52.008369,Spain,Netherlands,14959.28,EUR,Wire,65.87,Medium,False,Yes
TX-102071,2024-05-02 17:56:29.008369,Canada,Australia,57721.29,CAD,SWIFT,22.61,Low,False,Yes
TX-102072,2024-12-31 04:36:03.008369,China,India,73967.2,CNY,Wire,1.89,Low,False,Yes
TX-102073,2024-06-08 16:48:28.008369,Japan,Spain,7717.53,JPY,SEPA,41.84,Medium,False,Yes
TX-102074,2024-06-04 04:20:13.008369,Germany,Netherlands,92084.4,EUR,SWIFT,31.04,Low,False,Yes
TX-102075,2024-03-30 22:07:54.008369,UK,South Africa,97363.4,GBP,SWIFT,31.86,Low,False,Yes
TX-102076,2024-04-15 07:12:56.008369,India,South Africa,60634.42,INR,ACH,44.53,Medium,False,Yes
TX-102077,2025-01-30 06:10:56.008369,Australia,India,48176.22,AUD,Wire,66.89,Medium,False,Yes
TX-102078,2025-03-12 22:58:54.008369,Germany,Italy,74165.36,EUR,SWIFT,61.65,Medium,False,Yes
TX-102079,2024-10-21 06:59:48.008369,Russia,South Africa,32902.9,RUB,SEPA,93.73,High,True,Yes
TX-102080,2024-08-21 07:07:35.008369,Canada,USA,49377.12,CAD,SWIFT,51.77,Medium,False,Yes
TX-102081,2025-02-01 20:27:24.008369,Spain,France,91623.49,EUR,RTGS,47.26,Medium,False,Yes
TX-102082,2024-05-14 09:13:38.008369,Russia,Russia,95569.98,RUB,RTGS,21.34,Low,False,Yes
TX-102083,2025-01-29 09:01:03.008369,Japan,Canada,92714.2,JPY,Wire,75.54,High,True,Yes
TX-102084,2024-06-06 19:43:19.008369,Spain,Russia,26318.56,EUR,Wire,14.08,Low,False,Yes
TX-102085,2024-10-21 23:36:13.008369,Canada,South Africa,23323.66,CAD,SEPA,49.11,Medium,False,Yes
TX-102086,2024-12-07 22:02:48.008369,South Africa,Australia,29836.68,ZAR,SWIFT,42.13,Medium,False,Yes
TX-102087,2025-02-25 13:53:13.008369,France,Australia,44186.98,EUR,Wire,65.83,Medium,False,Yes
TX-102088,2024-10-11 11:33:54.008369,China,Brazil,31485.32,CNY,ACH,91.76,High,True,Yes
TX-102089,2024-12-22 12:58:24.008369,Germany,Italy,37483.86,EUR,Wire,94.66,High,True,Yes
TX-102090,2024-08-29 16:54:20.008369,South Africa,Netherlands,62101.63,ZAR,SWIFT,16.78,Low,False,Yes
TX-102091,2024-08-18 08:37:33.008369,Italy,Russia,76276.32,EUR,ACH,26.18,Low,False,Yes
TX-102092,2024-10-22 10:23:17.008369,Russia,Spain,73582.26,RUB,SWIFT,81.16,High,True,Yes
TX-102093,2024-11-01 22:01:30.008369,Japan,Brazil,81460.91,JPY,SEPA,51.83,Medium,False,Yes
TX-102094,2024-04-27 09:42:42.008369,South Africa,Italy,3315.22,ZAR,SWIFT,45.3,Medium,False,Yes
TX-102095,2024-06-08 23:15:33.008369,Russia,Netherlands,4868.61,RUB,ACH,71.06,High,True,Yes
TX-102096,2025-02-02 00:07:32.008369,China,Netherlands,78959.36,CNY,SEPA,60.19,Medium,False,Yes
TX-102097,2025-01-19 21:06:16.008369,China,Russia,53354.57,CNY,Wire,97.07,High,True,Yes
TX-102098,2025-02-03 01:20:53.008369,India,Canada,57856.25,INR,SWIFT,58.4,Medium,False,Yes
TX-102099,2024-12-24 16:49:52.008369,India,Russia,5353.43,INR,SWIFT,46.6,Medium,False,Yes
TX-102100,2024-05-29 04:29:03.008369,Japan,UK,25605.85,JPY,RTGS,54.28,Medium,False,Yes
TX-102101,2024-06-25 06:51:13.008369,USA,Brazil,63871.6,USD,SWIFT,80.85,High,True,Yes
TX-102102,2024-11-29 23:50:27.008369,China,France,85932.27,CNY,RTGS,61.27,Medium,False,Yes
TX-102103,2024-05-20 16:29:45.008369,Netherlands,Japan,91706.64,EUR,ACH,64.7,Medium,False,Yes
TX-102104,2024-08-18 13:56:15.008369,India,Canada,50091.91,INR,SEPA,97.14,High,True,Yes
TX-102105,2024-12-08 09:03:23.008369,Russia,Spain,54592.88,RUB,RTGS,61.84,Medium,False,Yes
TX-102106,2024-06-04 05:13:05.008369,Brazil,Italy,83321.66,BRL,ACH,38.03,Low,False,Yes
TX-102107,2024-08-13 16:35:37.008369,France,China,53808.7,EUR,SWIFT,69.13,Medium,False,Yes
TX-102108,2024-05-03 16:15:56.008369,USA,Brazil,51734.17,USD,ACH,65.95,Medium,False,Yes
TX-102109,2025-03-08 15:12:04.008369,UK,Russia,90517.9,GBP,SEPA,1.38,Low,False,Yes
TX-102110,2024-04-11 07:06:59.008369,France,Japan,79014.28,EUR,Wire,46.73,Medium,False,Yes
TX-102111,2024-12-26 09:14:15.008369,Brazil,Brazil,90916.35,BRL,SEPA,74.29,High,True,Yes
TX-102112,2025-01-12 03:26:34.008369,South Africa,Spain,21902.88,ZAR,SEPA,49.9,Medium,False,Yes
TX-102113,2024-03-24 14:44:39.008369,France,Australia,52485.11,EUR,SEPA,77.96,High,True,Yes
TX-102114,2024-08-01 09:59:21.008369,Netherlands,Brazil,84262.97,EUR,ACH,45.09,Medium,False,Yes
TX-102115,2024-08-02 13:12:42.008369,Spain,USA,11203.67,EUR,SWIFT,98.33,High,True,Yes
TX-102116,2024-05-29 14:17:55.008369,Spain,South Africa,79486.75,EUR,SEPA,29.29,Low,False,Yes
TX-102117,2024-05-01 19:20:48.008369,USA,USA,18379.04,USD,ACH,9.21,Low,False,Yes
TX-102118,2024-12-30 00:22:04.008369,UK,India,80831.06,GBP,RTGS,43.0,Medium,False,Yes
TX-102119,2024-09-09 11:26:04.008369,Russia,India,61238.89,RUB,Wire,54.17,Medium,False,Yes
TX-102120,2024-08-09 14:37:12.008369,UK,UK,19404.28,GBP,SEPA,34.91,Low,False,Yes
TX-102121,2024-12-25 15:06:04.008369,China,India,47388.08,CNY,Wire,24.23,Low,False,Yes
TX-102122,2024-09-10 21:16:57.008369,India,Australia,68222.33,INR,SEPA,67.21,Medium,False,Yes
TX-102123,2024-11-15 17:53:37.008369,Italy,South Africa,63421.9,EUR,SWIFT,37.71,Low,False,Yes
TX-102124,2025-02-21 08:37:09.008369,Canada,India,42781.99,CAD,SWIFT,63.14,Medium,False,Yes
TX-102125,2024-07-27 10:59:15.008369,UK,UK,89946.72,GBP,Wire,77.91,High,True,Yes
TX-102126,2024-05-29 10:47:21.008369,Brazil,USA,51974.42,BRL,Wire,76.1,High,True,Yes
TX-102127,2024-11-20 10:12:18.008369,India,Italy,50636.14,INR,Wire,37.53,Low,False,Yes
TX-102128,2024-12-14 16:54:41.008369,USA,Germany,6318.83,USD,SWIFT,56.79,Medium,False,Yes
TX-102129,2024-04-27 12:51:28.008369,Canada,India,92219.83,CAD,SEPA,44.97,Medium,False,Yes
TX-102130,2024-10-15 09:14:59.008369,Brazil,France,17793.95,BRL,Wire,87.08,High,True,Yes
TX-102131,2024-08-31 18:37:01.008369,Japan,Spain,52881.63,JPY,SWIFT,87.88,High,True,Yes
TX-102132,2024-11-16 16:04:37.008369,Germany,China,80376.4,EUR,RTGS,34.37,Low,False,Yes
TX-102133,2024-05-03 08:27:51.008369,Italy,Canada,21623.78,EUR,ACH,9.17,Low,False,Yes
TX-102134,2024-05-24 17:09:42.008369,Italy,Canada,52784.59,EUR,SWIFT,16.76,Low,False,Yes
TX-102135,2024-12-31 18:39:45.008369,Australia,UK,24144.42,AUD,ACH,36.7,Low,False,Yes
TX-102136,2024-05-16 23:25:29.008369,Spain,Germany,75993.53,EUR,SEPA,56.42,Medium,False,Yes
TX-102137,2025-01-29 05:47:12.008369,UK,Japan,56477.68,GBP,ACH,65.68,Medium,False,Yes
TX-102138,2024-08-25 15:44:49.008369,Spain,Brazil,85611.99,EUR,RTGS,33.14,Low,False,Yes
TX-102139,2024-04-01 19:16:08.008369,France,South Africa,89466.34,EUR,ACH,66.75,Medium,False,Yes
TX-102140,2024-06-19 08:03:34.008369,Brazil,Russia,64908.47,BRL,ACH,93.77,High,True,Yes
TX-102141,2024-08-02 10:20:40.008369,Spain,India,72566.59,EUR,RTGS,65.2,Medium,False,Yes
TX-102142,2024-04-24 08:26:13.008369,South Africa,South Africa,54967.09,ZAR,ACH,15.86,Low,False,Yes
TX-102143,2024-12-16 17:13:46.009369,China,UK,38504.43,CNY,Wire,57.97,Medium,False,Yes
TX-102144,2025-01-29 19:54:27.009369,China,Russia,64846.98,CNY,Wire,54.19,Medium,False,Yes
TX-102145,2024-09-07 12:55:05.009369,Canada,China,90838.03,CAD,SEPA,87.07,High,True,Yes
TX-102146,2025-03-09 16:02:37.009369,Netherlands,India,41726.37,EUR,SWIFT,35.03,Low,False,Yes
TX-102147,2024-06-16 01:03:21.009369,USA,Italy,31509.56,USD,Wire,42.29,Medium,False,Yes
TX-102148,2024-10-12 03:50:59.009369,UK,South Africa,38904.85,GBP,RTGS,59.87,Medium,False,Yes
TX-102149,2024-07-01 17:59:27.009369,UK,Spain,43596.22,GBP,SEPA,52.44,Medium,False,Yes
TX-102150,2025-01-06 15:38:10.009369,South Africa,Australia,7448.75,ZAR,SWIFT,71.9,High,True,Yes
TX-102151,2024-12-25 21:07:19.009369,China,Australia,49894.34,CNY,SWIFT,4.04,Low,False,Yes
TX-102152,2024-09-14 20:50:00.009369,USA,Russia,49481.99,USD,RTGS,56.35,Medium,False,Yes
TX-102153,2024-05-12 15:25:21.009369,India,Brazil,58885.54,INR,Wire,12.17,Low,False,Yes
TX-102154,2025-02-20 21:19:28.009369,Canada,UK,36345.72,CAD,SEPA,31.52,Low,False,Yes
TX-102155,2025-03-15 09:25:53.009369,France,France,61349.45,EUR,SEPA,66.16,Medium,False,Yes
TX-102156,2024-09-21 15:05:04.009369,Australia,UK,87833.81,AUD,Wire,15.74,Low,False,Yes
TX-102157,2024-09-01 03:49:30.009369,India,India,95551.55,INR,Wire,30.88,Low,False,Yes
TX-102158,2024-07-09 02:27:29.009369,Italy,China,58402.86,EUR,SWIFT,70.3,High,True,Yes
TX-102159,2024-04-23 04:52:18.009369,Australia,Russia,4354.84,AUD,Wire,65.08,Medium,False,Yes
TX-102160,2024-04-03 22:32:40.009369,China,Spain,96926.68,CNY,SEPA,9.1,Low,False,Yes
TX-102161,2024-05-18 18:44:54.009369,Australia,South Africa,70615.62,AUD,SWIFT,57.73,Medium,False,Yes
TX-102162,2024-08-02 17:48:15.009369,Italy,France,33662.77,EUR,Wire,14.73,Low,False,Yes
TX-102163,2024-10-07 23:47:50.009369,France,Germany,14801.05,EUR,Wire,25.23,Low,False,Yes
TX-102164,2024-07-30 06:47:45.009369,Germany,Canada,14427.52,EUR,SWIFT,45.92,Medium,False,Yes
TX-102165,2025-01-21 12:11:22.009369,South Africa,Italy,16857.67,ZAR,SEPA,10.93,Low,False,Yes
TX-102166,2024-10-09 17:47:19.009369,Japan,Spain,4652.69,JPY,RTGS,99.36,High,True,Yes
TX-102167,2025-01-22 01:43:05.009369,Canada,UK,90225.2,CAD,ACH,16.54,Low,False,Yes
TX-102168,2024-11-14 07:30:47.009369,Spain,Italy,54122.75,EUR,SEPA,78.13,High,True,Yes
TX-102169,2024-06-27 00:35:24.009369,Italy,Netherlands,70025.95,EUR,SWIFT,82.98,High,True,Yes
TX-102170,2025-02-20 17:10:46.009369,Canada,Italy,82828.04,CAD,SEPA,99.45,High,True,Yes
TX-102171,2024-07-28 01:37:52.009369,France,Russia,79174.95,EUR,RTGS,42.87,Medium,False,Yes
TX-102172,2025-02-27 20:53:15.009369,India,Netherlands,88272.3,INR,Wire,87.41,High,True,Yes
TX-102173,2024-11-14 00:25:17.009369,India,China,96728.74,INR,RTGS,95.75,High,True,Yes
TX-102174,2024-07-04 04:55:49.009369,China,Germany,43963.15,CNY,SWIFT,17.29,Low,False,Yes
TX-102175,2024-06-08 20:11:37.009369,Australia,USA,95038.51,AUD,SWIFT,47.94,Medium,False,Yes
TX-102176,2025-01-01 19:11:39.009369,Japan,USA,72356.67,JPY,ACH,6.0,Low,False,Yes
TX-102177,2024-07-23 16:22:10.009369,India,Netherlands,7159.75,INR,Wire,62.07,Medium,False,Yes
TX-102178,2024-12-24 21:39:28.009369,France,Japan,68210.13,EUR,RTGS,58.14,Medium,False,Yes
TX-102179,2024-04-09 07:46:03.009369,USA,India,68702.99,USD,Wire,20.41,Low,False,Yes
TX-102180,2024-05-16 23:07:12.009369,Germany,China,90595.47,EUR,SWIFT,79.79,High,True,Yes
TX-102181,2024-05-08 11:03:26.009369,Italy,India,37355.92,EUR,ACH,3.73,Low,False,Yes
TX-102182,2024-08-16 16:28:54.009369,China,Germany,58532.66,CNY,ACH,80.62,High,True,Yes
TX-102183,2024-05-11 05:14:19.009369,USA,Netherlands,1317.54,USD,SWIFT,2.66,Low,False,Yes
TX-102184,2024-04-22 09:00:04.009369,USA,Canada,33274.32,USD,ACH,65.68,Medium,False,Yes
TX-102185,2024-09-10 14:20:00.009369,Germany,Australia,6318.15,EUR,SEPA,7.88,Low,False,Yes
TX-102186,2025-01-25 15:18:37.009369,France,Germany,52235.11,EUR,SWIFT,25.12,Low,False,Yes
TX-102187,2025-02-16 00:19:19.009369,Germany,France,81763.02,EUR,Wire,72.19,High,True,Yes
TX-102188,2024-10-15 15:47:59.009369,South Africa,Brazil,20723.62,ZAR,SEPA,28.04,Low,False,Yes
TX-102189,2024-03-23 08:17:23.009369,UK,Russia,52791.36,GBP,SEPA,51.12,Medium,False,Yes
TX-102190,2024-04-21 07:25:01.009369,South Africa,UK,20480.46,ZAR,SWIFT,91.52,High,True,Yes
TX-102191,2024-08-14 00:53:17.009369,France,USA,12156.78,EUR,ACH,4.96,Low,False,Yes
TX-102192,2024-05-31 20:17:45.009369,France,Italy,51148.58,EUR,RTGS,81.11,High,True,Yes
TX-102193,2025-01-23 23:24:21.009369,Spain,China,8006.95,EUR,Wire,6.53,Low,False,Yes
TX-102194,2024-10-17 08:23:11.009369,Canada,Italy,58776.73,CAD,SWIFT,12.68,Low,False,Yes
TX-102195,2024-12-26 16:14:03.009369,USA,China,3230.61,USD,SWIFT,11.93,Low,False,Yes
TX-102196,2024-06-11 22:12:22.009369,Australia,France,10760.83,AUD,SWIFT,99.41,High,True,Yes
TX-102197,2024-05-02 00:40:58.009369,Brazil,UK,55044.75,BRL,ACH,18.02,Low,False,Yes
TX-102198,2024-07-07 06:50:59.009369,Italy,Canada,59181.6,EUR,SEPA,89.68,High,True,Yes
TX-102199,2024-11-19 01:53:18.009369,UK,Spain,2995.79,GBP,Wire,99.09,High,True,Yes
TX-102200,2024-06-10 03:19:08.009369,UK,UK,57380.34,GBP,SEPA,38.38,Low,False,Yes
TX-102201,2024-07-03 03:59:52.009369,Italy,China,83866.4,EUR,Wire,63.1,Medium,False,Yes
TX-102202,2024-06-19 11:17:16.009369,Japan,Canada,72259.39,JPY,SWIFT,77.91,High,True,Yes
TX-102203,2024-11-18 09:47:48.009369,Brazil,USA,13205.39,BRL,RTGS,39.26,Low,False,Yes
TX-102204,2024-10-12 11:16:52.009369,Germany,Brazil,59288.22,EUR,RTGS,16.18,Low,False,Yes
TX-102205,2024-11-07 11:56:00.009369,Japan,Japan,67258.02,JPY,ACH,43.38,Medium,False,Yes
TX-102206,2024-07-17 03:58:02.009369,Japan,Italy,3819.4,JPY,RTGS,77.19,High,True,Yes
TX-102207,2024-08-26 04:37:36.009369,Russia,South Africa,85549.23,RUB,SWIFT,78.08,High,True,Yes
TX-102208,2024-04-14 10:58:29.009369,India,Netherlands,90636.11,INR,SWIFT,23.05,Low,False,Yes
TX-102209,2024-11-18 05:27:21.009369,South Africa,Netherlands,85060.18,ZAR,RTGS,17.5,Low,False,Yes
TX-102210,2024-07-13 04:14:45.009369,Spain,Australia,82480.68,EUR,ACH,92.06,High,True,Yes
TX-102211,2024-08-16 03:48:33.009369,Canada,Russia,74522.02,CAD,Wire,4.4,Low,False,Yes
TX-102212,2024-07-31 20:04:37.009369,Italy,India,63379.86,EUR,Wire,73.47,High,True,Yes
TX-102213,2024-12-31 15:21:08.009369,Russia,Australia,67894.84,RUB,Wire,4.64,Low,False,Yes
TX-102214,2024-04-05 14:02:24.009369,Brazil,Canada,80658.89,BRL,SEPA,83.79,High,True,Yes
TX-102215,2024-09-07 18:09:43.009369,USA,Germany,66283.6,USD,RTGS,90.54,High,True,Yes
TX-102216,2025-03-05 17:19:21.009369,Italy,Brazil,32839.92,EUR,RTGS,29.74,Low,False,Yes
TX-102217,2024-08-05 07:19:56.009369,USA,Germany,37658.51,USD,Wire,7.39,Low,False,Yes
TX-102218,2024-06-17 19:09:10.009369,Australia,Germany,89716.04,AUD,RTGS,48.07,Medium,False,Yes
TX-102219,2024-11-11 00:55:15.009369,Netherlands,Russia,1810.5,EUR,SWIFT,29.85,Low,False,Yes
TX-102220,2024-05-04 11:30:31.009369,Canada,Russia,69912.18,CAD,ACH,41.71,Medium,False,Yes
TX-102221,2024-11-17 11:20:06.009369,Russia,South Africa,95482.28,RUB,ACH,66.5,Medium,False,Yes
TX-102222,2025-01-28 13:04:03.009369,Spain,France,70652.19,EUR,Wire,20.98,Low,False,Yes
TX-102223,2025-01-06 15:15:50.009369,China,France,99391.81,CNY,SWIFT,35.7,Low,False,Yes
TX-102224,2025-02-24 11:40:39.009369,Italy,Brazil,68785.74,EUR,Wire,78.26,High,True,Yes
TX-102225,2024-05-27 08:03:55.009369,China,Australia,3532.87,CNY,SWIFT,64.38,Medium,False,Yes
TX-102226,2024-12-24 08:54:47.009369,Italy,Italy,82718.29,EUR,Wire,32.63,Low,False,Yes
TX-102227,2024-03-24 00:05:52.009369,Brazil,UK,28534.53,BRL,SEPA,66.43,Medium,False,Yes
TX-102228,2025-01-15 15:48:55.009369,India,Italy,44661.12,INR,Wire,76.53,High,True,Yes
TX-102229,2024-11-13 01:52:36.009369,Italy,Russia,31277.98,EUR,RTGS,59.25,Medium,False,Yes
TX-102230,2024-04-03 02:37:05.009369,France,Germany,26928.56,EUR,Wire,23.95,Low,False,Yes
TX-102231,2024-04-11 05:54:43.009369,Canada,China,43197.43,CAD,SEPA,0.02,Low,False,Yes
TX-102232,2024-10-10 01:53:31.009369,Italy,Germany,37937.27,EUR,RTGS,80.28,High,True,Yes
TX-102233,2024-12-24 00:06:58.009369,USA,Russia,63370.52,USD,Wire,82.26,High,True,Yes
TX-102234,2024-08-08 03:26:39.009369,Spain,France,81333.8,EUR,SWIFT,69.76,Medium,False,Yes
TX-102235,2024-07-15 08:12:14.009369,UK,Brazil,29779.16,GBP,Wire,7.66,Low,False,Yes
TX-102236,2025-02-01 01:00:15.009369,South Africa,India,21450.74,ZAR,RTGS,58.52,Medium,False,Yes
TX-102237,2024-06-10 19:50:14.009369,China,Germany,66722.84,CNY,RTGS,82.1,High,True,Yes
TX-102238,2025-03-16 03:58:17.009369,Australia,Italy,67064.97,AUD,Wire,38.97,Low,False,Yes
TX-102239,2024-07-12 15:57:40.009369,Russia,UK,90123.01,RUB,Wire,19.8,Low,False,Yes
TX-102240,2025-02-19 05:35:53.009369,Brazil,Italy,1692.97,BRL,SEPA,58.76,Medium,False,Yes
TX-102241,2024-12-12 17:08:57.009369,Netherlands,South Africa,85318.76,EUR,RTGS,82.63,High,True,Yes
TX-102242,2024-08-03 11:00:43.009369,Spain,UK,52148.12,EUR,SEPA,4.89,Low,False,Yes
TX-102243,2024-04-16 01:26:55.009369,Canada,USA,62168.08,CAD,ACH,59.7,Medium,False,Yes
TX-102244,2024-11-03 22:12:08.009369,Italy,France,9228.01,EUR,RTGS,64.32,Medium,False,Yes
TX-102245,2024-05-04 03:11:36.009369,Russia,France,43318.23,RUB,SEPA,60.24,Medium,False,Yes
TX-102246,2024-10-26 16:28:44.009369,Canada,Germany,22807.51,CAD,SEPA,65.0,Medium,False,Yes
TX-102247,2024-03-22 16:31:46.009369,Germany,China,25497.08,EUR,SWIFT,63.14,Medium,False,Yes
TX-102248,2024-11-11 07:10:23.009369,Italy,Australia,50459.1,EUR,SEPA,13.04,Low,False,Yes
TX-102249,2025-03-12 12:53:30.009369,China,Netherlands,81264.35,CNY,RTGS,23.49,Low,False,Yes
TX-102250,2025-02-14 22:47:30.010369,Italy,Germany,74403.71,EUR,ACH,61.9,Medium,False,Yes
TX-102251,2024-07-10 18:50:07.010369,Japan,Spain,59140.9,JPY,ACH,1.77,Low,False,Yes
TX-102252,2024-05-05 02:11:31.010369,Canada,China,53987.88,CAD,SEPA,63.47,Medium,False,Yes
TX-102253,2024-06-07 05:04:40.010369,Italy,India,42787.87,EUR,SEPA,66.54,Medium,False,Yes
TX-102254,2025-02-13 06:08:19.010369,Russia,India,97273.73,RUB,SWIFT,23.92,Low,False,Yes
TX-102255,2025-02-15 05:33:46.010369,France,Australia,56063.24,EUR,SEPA,59.81,Medium,False,Yes
TX-102256,2024-10-24 01:02:25.010369,Brazil,Canada,25471.24,BRL,RTGS,53.41,Medium,False,Yes
TX-102257,2024-11-05 23:14:49.010369,Spain,USA,23086.07,EUR,ACH,26.07,Low,False,Yes
TX-102258,2025-02-19 12:17:56.010369,Germany,Australia,61174.17,EUR,SWIFT,46.3,Medium,False,Yes
TX-102259,2025-01-31 04:17:18.010369,Spain,UK,52330.47,EUR,SWIFT,90.96,High,True,Yes
TX-102260,2024-05-14 23:19:00.010369,South Africa,Russia,869.01,ZAR,ACH,42.66,Medium,False,Yes
TX-102261,2024-07-26 21:52:33.010369,UK,Spain,83023.53,GBP,SWIFT,62.98,Medium,False,Yes
TX-102262,2024-05-15 16:33:53.010369,Canada,Brazil,70441.82,CAD,SEPA,3.54,Low,False,Yes
TX-102263,2024-07-16 17:59:29.010369,Japan,Italy,66216.75,JPY,ACH,7.78,Low,False,Yes
TX-102264,2024-11-07 01:06:48.010369,India,India,6971.19,INR,SWIFT,8.13,Low,False,Yes
TX-102265,2024-05-18 03:29:42.010369,Canada,Germany,36269.38,CAD,ACH,77.82,High,True,Yes
TX-102266,2024-05-05 05:05:51.010369,Japan,Brazil,93544.69,JPY,Wire,35.03,Low,False,Yes
TX-102267,2025-02-27 15:56:53.010369,Japan,Italy,86272.67,JPY,SEPA,22.76,Low,False,Yes
TX-102268,2024-07-18 20:43:52.010369,Germany,Brazil,28625.74,EUR,ACH,74.73,High,True,Yes
TX-102269,2025-01-28 04:07:58.010369,Netherlands,Italy,15790.18,EUR,SWIFT,17.0,Low,False,Yes
TX-102270,2024-10-10 06:51:02.010369,South Africa,Brazil,44963.89,ZAR,Wire,24.65,Low,False,Yes
TX-102271,2024-07-31 09:44:15.010369,Spain,China,35647.45,EUR,SEPA,43.09,Medium,False,Yes
TX-102272,2024-11-22 01:23:23.010369,Spain,France,68254.42,EUR,SEPA,33.14,Low,False,Yes
TX-102273,2025-01-29 08:06:30.010369,Brazil,Canada,96646.84,BRL,RTGS,58.54,Medium,False,Yes
TX-102274,2025-01-25 13:14:02.010369,Russia,Canada,36363.84,RUB,SWIFT,33.78,Low,False,Yes
TX-102275,2024-10-12 04:05:29.010369,India,Japan,6316.19,INR,SEPA,39.3,Low,False,Yes
TX-102276,2024-10-14 03:09:06.010369,Russia,USA,89771.64,RUB,SWIFT,86.29,High,True,Yes
TX-102277,2024-04-15 01:44:34.010369,UK,USA,3891.18,GBP,ACH,88.45,High,True,Yes
TX-102278,2024-12-07 01:40:53.010369,Germany,Spain,95281.31,EUR,SWIFT,82.77,High,True,Yes
TX-102279,2024-10-23 01:23:56.010369,Canada,Netherlands,66491.48,CAD,SEPA,86.48,High,True,Yes
TX-102280,2024-10-17 20:35:17.010369,UK,Germany,94174.75,GBP,SEPA,56.97,Medium,False,Yes
TX-102281,2024-12-19 14:23:34.010369,France,Australia,20046.0,EUR,SEPA,64.62,Medium,False,Yes
TX-102282,2025-02-26 10:06:08.010369,Germany,Netherlands,4165.91,EUR,SEPA,55.72,Medium,False,Yes
TX-102283,2024-11-16 23:00:12.010369,UK,Spain,48872.18,GBP,SEPA,78.56,High,True,Yes
TX-102284,2024-05-18 07:22:56.010369,China,China,45117.28,CNY,SEPA,55.1,Medium,False,Yes
TX-102285,2025-02-12 08:09:52.010369,UK,India,33216.08,GBP,SEPA,11.11,Low,False,Yes
TX-102286,2024-12-11 02:38:41.010369,South Africa,South Africa,95769.88,ZAR,SEPA,80.96,High,True,Yes
TX-102287,2024-05-10 06:07:50.010369,South Africa,China,82276.11,ZAR,ACH,76.06,High,True,Yes
TX-102288,2024-03-24 20:29:02.010369,India,Brazil,66192.04,INR,ACH,82.03,High,True,Yes
TX-102289,2024-05-15 02:30:55.010369,Canada,Brazil,16369.54,CAD,ACH,19.04,Low,False,Yes
TX-102290,2024-04-26 02:55:15.010369,UK,South Africa,73458.91,GBP,SEPA,27.16,Low,False,Yes
TX-102291,2024-06-19 13:00:52.010369,South Africa,USA,72728.54,ZAR,SWIFT,29.58,Low,False,Yes
TX-102292,2024-10-07 03:19:12.010369,India,USA,42564.31,INR,RTGS,50.81,Medium,False,Yes
TX-102293,2025-01-10 21:49:42.010369,Australia,France,92486.11,AUD,SWIFT,13.39,Low,False,Yes
TX-102294,2024-06-06 06:28:16.010369,Australia,Japan,16781.09,AUD,SWIFT,38.54,Low,False,Yes
TX-102295,2024-03-19 08:35:36.010369,South Africa,China,26807.02,ZAR,SWIFT,18.22,Low,False,Yes
TX-102296,2025-02-25 17:07:09.010369,China,Italy,6416.11,CNY,SWIFT,26.48,Low,False,Yes
TX-102297,2024-08-09 17:50:28.010369,South Africa,France,79565.55,ZAR,RTGS,70.64,High,True,Yes
TX-102298,2024-10-26 20:25:10.010369,China,Italy,62213.76,CNY,SWIFT,85.48,High,True,Yes
TX-102299,2024-05-17 23:39:56.010369,Australia,India,31562.54,AUD,RTGS,2.29,Low,False,Yes
TX-102300,2024-11-11 06:36:25.010369,India,Spain,16464.98,INR,ACH,56.59,Medium,False,Yes
TX-102301,2024-08-29 19:09:29.010369,Netherlands,UK,4110.76,EUR,SEPA,3.61,Low,False,Yes
TX-102302,2024-10-24 22:02:11.010369,Netherlands,Netherlands,16757.88,EUR,RTGS,8.52,Low,False,Yes
TX-102303,2024-07-24 00:34:12.010369,China,Japan,45383.14,CNY,SEPA,70.51,High,True,Yes
TX-102304,2024-09-06 02:02:42.010369,India,USA,24792.98,INR,ACH,73.56,High,True,Yes
TX-102305,2024-07-05 10:13:21.010369,India,China,25972.32,INR,ACH,81.4,High,True,Yes
TX-102306,2025-03-07 23:24:29.010369,China,UK,87570.08,CNY,SWIFT,47.42,Medium,False,Yes
TX-102307,2024-12-20 06:15:41.010369,Spain,France,51562.25,EUR,SEPA,85.98,High,True,Yes
TX-102308,2024-10-10 03:48:58.010369,Russia,UK,72952.27,RUB,SWIFT,16.68,Low,False,Yes
TX-102309,2024-12-21 02:14:04.010369,India,Japan,3667.52,INR,SEPA,24.97,Low,False,Yes
TX-102310,2025-02-20 05:24:48.010369,Spain,Australia,36579.82,EUR,Wire,13.45,Low,False,Yes
TX-102311,2025-03-08 22:06:50.010369,UK,Netherlands,47969.02,GBP,RTGS,79.75,High,True,Yes
TX-102312,2024-10-06 20:21:27.010369,Australia,Spain,18723.04,AUD,SEPA,22.87,Low,False,Yes
TX-102313,2024-04-13 23:50:06.010369,Canada,Netherlands,12107.13,CAD,ACH,15.55,Low,False,Yes
TX-102314,2024-11-28 16:48:11.010369,Australia,Australia,87043.35,AUD,RTGS,62.31,Medium,False,Yes
TX-102315,2024-05-19 10:16:12.010369,Australia,UK,93949.22,AUD,SEPA,7.71,Low,False,Yes
TX-102316,2024-06-21 14:25:13.010369,India,Canada,7972.79,INR,Wire,4.49,Low,False,Yes
TX-102317,2024-06-03 21:06:42.010369,France,Spain,34966.97,EUR,SWIFT,10.67,Low,False,Yes
TX-102318,2024-07-15 01:03:20.010369,South Africa,Brazil,95832.73,ZAR,SWIFT,0.02,Low,False,Yes
TX-102319,2024-09-08 16:20:46.010369,France,Japan,8407.86,EUR,ACH,69.7,Medium,False,Yes
TX-102320,2024-09-20 04:07:58.010369,China,Italy,64399.77,CNY,RTGS,56.22,Medium,False,Yes
TX-102321,2024-11-04 13:30:21.010369,USA,UK,97224.91,USD,SWIFT,20.99,Low,False,Yes
TX-102322,2024-06-28 23:47:24.010369,Spain,France,97824.54,EUR,SEPA,23.3,Low,False,Yes
TX-102323,2024-11-30 14:18:22.010369,Japan,Canada,47175.21,JPY,RTGS,81.1,High,True,Yes
TX-102324,2025-02-11 05:45:00.010369,Canada,Spain,16358.64,CAD,SEPA,50.18,Medium,False,Yes
TX-102325,2024-11-28 02:26:20.010369,France,USA,20288.22,EUR,SWIFT,69.85,Medium,False,Yes
TX-102326,2024-09-09 12:42:26.010369,Australia,UK,88971.18,AUD,SEPA,45.28,Medium,False,Yes
TX-102327,2025-01-10 01:07:47.010369,Australia,Australia,91177.13,AUD,Wire,23.77,Low,False,Yes
TX-102328,2024-12-29 12:33:05.010369,USA,Russia,60827.18,USD,SWIFT,97.04,High,True,Yes
TX-102329,2024-05-17 05:49:29.010369,USA,Russia,76641.02,USD,SEPA,56.56,Medium,False,Yes
TX-102330,2025-03-16 22:15:29.010369,Spain,France,74019.13,EUR,RTGS,13.1,Low,False,Yes
TX-102331,2024-08-26 23:37:25.010369,Russia,Brazil,66215.98,RUB,SWIFT,40.61,Medium,False,Yes
TX-102332,2024-11-25 15:18:11.010369,France,Spain,82744.97,EUR,ACH,32.93,Low,False,Yes
TX-102333,2025-01-02 12:56:17.010369,Canada,Netherlands,68572.12,CAD,RTGS,21.41,Low,False,Yes
TX-102334,2024-09-20 11:14:33.010369,India,Italy,53446.83,INR,SWIFT,93.34,High,True,Yes
TX-102335,2025-01-14 17:36:27.011369,Russia,France,23771.94,RUB,SEPA,88.09,High,True,Yes
TX-102336,2025-01-02 00:54:36.011369,Russia,Netherlands,74414.43,RUB,RTGS,19.91,Low,False,Yes
TX-102337,2024-07-09 06:23:19.011369,Canada,Netherlands,47396.44,CAD,SWIFT,35.21,Low,False,Yes
TX-102338,2025-03-08 09:52:29.011369,China,France,29549.69,CNY,SWIFT,76.23,High,True,Yes
TX-102339,2024-10-10 01:55:50.011369,China,China,80214.43,CNY,SEPA,20.85,Low,False,Yes
TX-102340,2024-11-06 22:25:36.011369,Japan,Russia,69701.69,JPY,ACH,59.16,Medium,False,Yes
TX-102341,2025-03-07 04:37:10.011369,Italy,South Africa,93740.22,EUR,SEPA,69.98,Medium,False,Yes
TX-102342,2024-09-30 12:57:35.011369,Australia,Netherlands,16627.62,AUD,SWIFT,65.4,Medium,False,Yes
TX-102343,2024-05-24 12:41:07.011369,China,France,64954.01,CNY,SWIFT,70.64,High,True,Yes
TX-102344,2024-04-15 11:12:37.011369,Japan,Japan,24499.52,JPY,SEPA,70.67,High,True,Yes
TX-102345,2024-04-04 18:47:45.011369,South Africa,Spain,90367.94,ZAR,ACH,96.48,High,True,Yes
TX-102346,2024-05-30 01:01:23.011369,Brazil,Italy,10039.99,BRL,RTGS,34.65,Low,False,Yes
TX-102347,2024-08-17 15:08:41.011369,Netherlands,Netherlands,65650.56,EUR,RTGS,87.86,High,True,Yes
TX-102348,2025-02-23 01:02:41.011369,USA,UK,79129.46,USD,RTGS,2.18,Low,False,Yes
TX-102349,2024-07-05 11:51:57.011369,Australia,Spain,35556.29,AUD,Wire,28.82,Low,False,Yes
TX-102350,2024-04-14 10:52:21.011369,Netherlands,Brazil,95418.39,EUR,Wire,4.87,Low,False,Yes
TX-102351,2025-01-26 11:21:15.011369,South Africa,Australia,85088.0,ZAR,Wire,65.12,Medium,False,Yes
TX-102352,2024-05-06 21:55:07.011369,China,South Africa,29532.37,CNY,Wire,10.08,Low,False,Yes
TX-102353,2024-12-10 00:10:00.011369,India,UK,853.36,INR,Wire,84.57,High,True,Yes
TX-102354,2024-11-17 17:12:55.011369,Germany,Japan,29736.05,EUR,Wire,64.66,Medium,False,Yes
TX-102355,2024-09-03 06:23:54.011369,Spain,Russia,28202.92,EUR,Wire,2.88,Low,False,Yes
TX-102356,2024-08-30 13:55:11.011369,China,Netherlands,89007.46,CNY,ACH,71.48,High,True,Yes
TX-102357,2024-03-30 19:39:29.011369,Australia,India,96715.41,AUD,Wire,86.2,High,True,Yes
TX-102358,2024-12-30 00:20:51.011369,Japan,India,7136.95,JPY,ACH,66.11,Medium,False,Yes
TX-102359,2024-08-19 04:43:09.011369,UK,South Africa,47182.35,GBP,ACH,3.05,Low,False,Yes
TX-102360,2024-09-15 09:18:48.011369,USA,Australia,54878.37,USD,SWIFT,85.79,High,True,Yes
TX-102361,2024-05-31 01:48:45.011369,Australia,USA,9381.87,AUD,SWIFT,73.25,High,True,Yes
TX-102362,2024-05-14 21:07:11.011369,Canada,Germany,37812.02,CAD,SWIFT,37.85,Low,False,Yes
TX-102363,2024-09-15 15:12:48.011369,South Africa,UK,31776.53,ZAR,ACH,32.86,Low,False,Yes
TX-102364,2025-02-19 09:41:58.011369,Netherlands,USA,53652.03,EUR,Wire,47.98,Medium,False,Yes
TX-102365,2025-02-07 02:37:27.011369,Russia,Germany,66152.97,RUB,ACH,86.71,High,True,Yes
TX-102366,2024-08-06 20:29:02.011369,Spain,UK,70378.16,EUR,RTGS,25.21,Low,False,Yes
TX-102367,2024-10-17 08:45:12.011369,Brazil,USA,13761.83,BRL,ACH,10.1,Low,False,Yes
TX-102368,2024-10-12 08:22:44.011369,Canada,Australia,81313.48,CAD,RTGS,86.46,High,True,Yes
TX-102369,2024-08-06 04:06:18.011369,Japan,France,67886.35,JPY,SEPA,2.63,Low,False,Yes
TX-102370,2024-07-06 19:08:55.011369,India,UK,88918.58,INR,SEPA,91.1,High,True,Yes
TX-102371,2024-05-15 01:13:50.011369,UK,Brazil,44988.67,GBP,ACH,30.57,Low,False,Yes
TX-102372,2024-07-12 17:02:50.011369,USA,Australia,89399.59,USD,SWIFT,50.82,Medium,False,Yes
TX-102373,2024-10-25 10:42:49.011369,Germany,Italy,86590.83,EUR,ACH,13.23,Low,False,Yes
TX-102374,2024-08-19 16:39:58.011369,Brazil,Canada,43897.09,BRL,ACH,90.23,High,True,Yes
TX-102375,2024-06-14 17:12:36.011369,Australia,Netherlands,38176.22,AUD,Wire,74.98,High,True,Yes
TX-102376,2024-03-29 21:09:07.011369,Australia,Netherlands,93287.92,AUD,RTGS,92.42,High,True,Yes
TX-102377,2025-02-01 22:48:43.011369,Japan,Australia,71544.96,JPY,SWIFT,68.32,Medium,False,Yes
TX-102378,2024-11-02 06:29:30.011369,Japan,USA,92831.71,JPY,SWIFT,18.47,Low,False,Yes
TX-102379,2024-04-11 22:34:22.011369,China,Australia,79717.78,CNY,SWIFT,30.83,Low,False,Yes
TX-102380,2025-03-15 21:59:42.011369,UK,Spain,60968.81,GBP,SEPA,48.68,Medium,False,Yes
TX-102381,2025-01-10 13:08:12.011369,Spain,Brazil,11673.69,EUR,Wire,60.73,Medium,False,Yes
TX-102382,2024-08-11 22:18:22.011369,Spain,Japan,29218.92,EUR,RTGS,92.65,High,True,Yes
TX-102383,2024-04-14 17:09:24.011369,Netherlands,Australia,96887.36,EUR,RTGS,38.4,Low,False,Yes
TX-102384,2024-10-11 21:37:42.011369,France,Australia,32010.27,EUR,SEPA,70.31,High,True,Yes
TX-102385,2025-02-20 02:41:33.011369,Italy,Australia,9416.16,EUR,SWIFT,96.1,High,True,Yes
TX-102386,2024-08-07 22:51:00.011369,Italy,Canada,70784.58,EUR,RTGS,15.24,Low,False,Yes
TX-102387,2025-01-28 21:56:33.011369,South Africa,Russia,73427.03,ZAR,RTGS,86.27,High,True,Yes
TX-102388,2024-03-24 14:47:18.011369,Spain,Brazil,28617.23,EUR,SEPA,42.07,Medium,False,Yes
TX-102389,2024-05-01 10:19:01.011369,India,Russia,29837.43,INR,ACH,73.24,High,True,Yes
TX-102390,2024-08-18 16:41:10.011369,China,UK,46942.41,CNY,SWIFT,29.35,Low,False,Yes
TX-102391,2024-05-29 09:39:21.011369,USA,Canada,2276.72,USD,Wire,33.4,Low,False,Yes
TX-102392,2024-09-12 03:38:51.011369,South Africa,Spain,78953.37,ZAR,SWIFT,2.71,Low,False,Yes
TX-102393,2024-11-06 14:38:47.011369,India,Canada,31777.17,INR,SEPA,97.14,High,True,Yes
TX-102394,2024-11-11 06:19:49.011369,India,Germany,85390.93,INR,Wire,81.35,High,True,Yes
TX-102395,2024-07-13 19:58:23.011369,Spain,Russia,80282.78,EUR,Wire,9.39,Low,False,Yes
TX-102396,2024-12-06 01:12:21.011369,Canada,France,66174.06,CAD,SWIFT,99.95,High,True,Yes
TX-102397,2024-06-19 18:16:59.011369,Spain,UK,32555.0,EUR,SEPA,60.5,Medium,False,Yes
TX-102398,2024-10-25 00:23:48.012370,Canada,Russia,51680.02,CAD,SEPA,85.37,High,True,Yes
TX-102399,2024-12-17 19:50:58.012370,Japan,UK,44538.44,JPY,SEPA,6.67,Low,False,Yes
TX-102400,2024-11-02 17:21:33.012370,India,Brazil,33954.3,INR,SEPA,38.95,Low,False,Yes
TX-102401,2024-12-10 13:38:31.012370,Italy,Japan,84828.82,EUR,SWIFT,66.97,Medium,False,Yes
TX-102402,2024-12-15 01:44:06.012370,France,Russia,48402.36,EUR,Wire,10.64,Low,False,Yes
TX-102403,2025-01-09 00:40:36.012370,France,France,83289.04,EUR,RTGS,48.89,Medium,False,Yes
TX-102404,2024-03-28 05:09:28.012370,Brazil,China,10611.33,BRL,ACH,44.27,Medium,False,Yes
TX-102405,2024-05-27 01:32:02.012370,Russia,Netherlands,14188.38,RUB,SEPA,21.6,Low,False,Yes
TX-102406,2024-05-13 22:48:01.012370,India,India,97734.3,INR,RTGS,30.03,Low,False,Yes
TX-102407,2024-12-18 11:07:04.012370,Netherlands,China,58818.07,EUR,RTGS,96.71,High,True,Yes
TX-102408,2025-03-09 16:31:58.012370,China,Germany,51025.99,CNY,SWIFT,28.86,Low,False,Yes
TX-102409,2024-05-08 04:29:41.012370,Russia,China,52363.29,RUB,SEPA,21.34,Low,False,Yes
TX-102410,2024-06-09 07:37:47.012370,UK,USA,21605.35,GBP,Wire,53.62,Medium,False,Yes
TX-102411,2024-07-20 23:09:19.012370,Spain,Japan,71898.52,EUR,SEPA,67.1,Medium,False,Yes
TX-102412,2025-01-07 06:55:10.012370,Canada,South Africa,8569.58,CAD,RTGS,72.51,High,True,Yes
TX-102413,2024-11-08 12:49:34.012370,China,China,57375.04,CNY,ACH,75.42,High,True,Yes
TX-102414,2025-03-11 22:50:22.012370,India,UK,57119.8,INR,ACH,3.68,Low,False,Yes
TX-102415,2024-06-18 07:16:46.012370,UK,Italy,91427.42,GBP,Wire,39.38,Low,False,Yes
TX-102416,2024-05-16 14:41:52.012370,Netherlands,Netherlands,52665.66,EUR,ACH,77.4,High,True,Yes
TX-102417,2024-04-24 20:02:31.012370,Spain,Canada,13792.56,EUR,Wire,90.49,High,True,Yes
TX-102418,2024-07-20 14:48:19.012370,France,Germany,57318.05,EUR,SWIFT,60.22,Medium,False,Yes
TX-102419,2024-04-22 04:12:48.012370,India,South Africa,9223.63,INR,SWIFT,5.23,Low,False,Yes
TX-102420,2024-06-11 08:41:14.012370,Brazil,Australia,20459.0,BRL,RTGS,39.66,Low,False,Yes
TX-102421,2024-10-26 02:22:48.012370,India,India,3207.75,INR,ACH,7.42,Low,False,Yes
TX-102422,2024-08-29 20:59:17.013370,Italy,Canada,51378.03,EUR,SEPA,74.85,High,True,Yes
TX-102423,2025-02-24 13:20:37.013370,UK,Netherlands,8544.81,GBP,SWIFT,6.35,Low,False,Yes
TX-102424,2024-12-20 04:10:16.013370,China,Spain,46992.5,CNY,Wire,18.57,Low,False,Yes
TX-102425,2024-04-17 04:16:49.013370,Brazil,USA,93301.21,BRL,SWIFT,41.7,Medium,False,Yes
TX-102426,2025-01-12 18:37:58.013370,Canada,France,72004.17,CAD,ACH,46.26,Medium,False,Yes
TX-102427,2024-09-22 18:43:55.013370,France,India,7833.43,EUR,ACH,40.65,Medium,False,Yes
TX-102428,2024-09-25 04:24:44.013370,Japan,India,22498.56,JPY,Wire,46.34,Medium,False,Yes
TX-102429,2024-12-08 10:22:06.013370,Italy,Canada,67398.88,EUR,ACH,71.32,High,True,Yes
TX-102430,2024-07-22 22:05:08.013370,India,Italy,89480.72,INR,RTGS,36.93,Low,False,Yes
TX-102431,2025-03-07 15:24:06.013370,South Africa,Spain,3388.57,ZAR,SEPA,54.78,Medium,False,Yes
TX-102432,2025-01-27 04:41:08.013370,Spain,China,81263.87,EUR,Wire,30.34,Low,False,Yes
TX-102433,2025-02-22 21:11:03.013370,Russia,Netherlands,56225.21,RUB,RTGS,35.36,Low,False,Yes
TX-102434,2024-11-19 06:11:17.013370,UK,Canada,54654.52,GBP,RTGS,61.38,Medium,False,Yes
TX-102435,2025-01-24 00:07:57.013370,India,Russia,95785.54,INR,SEPA,49.05,Medium,False,Yes
TX-102436,2024-07-01 03:12:08.013370,Brazil,Spain,74789.7,BRL,SWIFT,72.3,High,True,Yes
TX-102437,2024-12-07 11:24:47.013370,Russia,UK,85026.87,RUB,ACH,56.05,Medium,False,Yes
TX-102438,2024-09-08 23:32:41.013370,Brazil,USA,35464.16,BRL,ACH,80.36,High,True,Yes
TX-102439,2024-06-30 18:23:49.013370,India,Canada,55480.97,INR,SWIFT,44.34,Medium,False,Yes
TX-102440,2025-01-30 08:06:53.013370,Netherlands,Australia,61579.03,EUR,RTGS,49.1,Medium,False,Yes
TX-102441,2024-08-31 03:56:39.013370,Japan,Russia,32226.24,JPY,ACH,67.0,Medium,False,Yes
TX-102442,2024-04-18 15:39:58.013370,Canada,Brazil,57067.79,CAD,RTGS,22.12,Low,False,Yes
TX-102443,2024-08-12 09:44:32.013370,India,India,23741.87,INR,Wire,38.59,Low,False,Yes
TX-102444,2024-10-22 06:51:36.013370,India,Australia,14423.23,INR,SEPA,62.48,Medium,False,Yes
TX-102445,2025-02-12 19:39:34.013370,Italy,Australia,37459.63,EUR,ACH,2.89,Low,False,Yes
TX-102446,2024-10-04 10:05:25.013370,Japan,India,73955.03,JPY,SWIFT,43.7,Medium,False,Yes
TX-102447,2025-02-11 20:39:21.013370,Spain,France,91627.1,EUR,Wire,59.88,Medium,False,Yes
TX-102448,2025-02-07 00:30:23.013370,USA,China,45825.63,USD,SWIFT,96.74,High,True,Yes
TX-102449,2024-10-29 21:27:50.013370,Spain,India,64318.09,EUR,ACH,87.7,High,True,Yes
TX-102450,2024-04-03 18:51:34.013370,France,USA,10393.41,EUR,ACH,28.07,Low,False,Yes
TX-102451,2025-01-06 04:11:22.013370,UK,Spain,90455.93,GBP,SEPA,50.72,Medium,False,Yes
TX-102452,2024-09-20 01:34:06.013370,Germany,USA,56903.56,EUR,SEPA,5.64,Low,False,Yes
TX-102453,2025-03-17 10:31:51.013370,Spain,India,78055.79,EUR,ACH,24.08,Low,False,Yes
TX-102454,2024-11-01 11:29:48.014756,South Africa,China,79464.68,ZAR,Wire,77.49,High,True,Yes
TX-102455,2024-06-02 14:00:02.014756,Australia,Australia,25722.4,AUD,ACH,12.33,Low,False,Yes
TX-102456,2025-02-26 00:56:20.014756,Germany,Spain,52964.53,EUR,SEPA,25.77,Low,False,Yes
TX-102457,2024-06-19 21:32:12.014756,Germany,Brazil,96051.93,EUR,Wire,94.4,High,True,Yes
TX-102458,2024-07-27 14:57:17.014756,UK,Brazil,9054.49,GBP,ACH,82.39,High,True,Yes
TX-102459,2024-05-28 05:21:03.014756,UK,Netherlands,68336.68,GBP,RTGS,78.18,High,True,Yes
TX-102460,2025-02-13 10:26:14.014756,Canada,South Africa,96230.18,CAD,Wire,86.46,High,True,Yes
TX-102461,2024-09-20 14:05:00.014756,France,China,30127.65,EUR,SWIFT,74.96,High,True,Yes
TX-102462,2024-09-24 10:22:04.014756,Russia,UK,86158.65,RUB,RTGS,12.06,Low,False,Yes
TX-102463,2024-07-15 14:31:55.014756,South Africa,Germany,93372.39,ZAR,Wire,51.66,Medium,False,Yes
TX-102464,2024-10-25 06:57:45.014756,Canada,Russia,74733.91,CAD,RTGS,44.42,Medium,False,Yes
TX-102465,2024-07-26 00:04:35.014756,Japan,USA,23209.7,JPY,Wire,31.12,Low,False,Yes
TX-102466,2024-11-17 18:09:00.014756,South Africa,South Africa,33466.67,ZAR,ACH,83.4,High,True,Yes
TX-102467,2024-06-21 09:30:52.014756,Japan,India,3677.35,JPY,SEPA,46.41,Medium,False,Yes
TX-102468,2024-10-03 15:09:17.014756,Russia,France,83162.18,RUB,SWIFT,6.03,Low,False,Yes
TX-102469,2024-05-28 09:20:36.014756,Brazil,Spain,84976.16,BRL,SEPA,27.5,Low,False,Yes
TX-102470,2024-09-17 22:55:48.014756,Netherlands,South Africa,63307.76,EUR,SEPA,22.86,Low,False,Yes
TX-102471,2024-04-17 19:03:37.014756,Japan,USA,35317.53,JPY,SEPA,88.75,High,True,Yes
TX-102472,2024-11-28 05:36:33.014756,USA,Brazil,7773.42,USD,Wire,64.74,Medium,False,Yes
TX-102473,2024-05-31 18:16:01.014756,India,Canada,75330.46,INR,ACH,56.04,Medium,False,Yes
TX-102474,2024-12-29 05:30:43.014756,Spain,Japan,72679.97,EUR,SEPA,50.66,Medium,False,Yes
TX-102475,2024-11-26 19:07:23.014756,Netherlands,China,91268.99,EUR,ACH,65.01,Medium,False,Yes
TX-102476,2024-09-22 21:15:43.014756,South Africa,Italy,73080.15,ZAR,ACH,75.49,High,True,Yes
TX-102477,2024-07-22 09:22:23.014756,China,Canada,82886.62,CNY,RTGS,55.44,Medium,False,Yes
TX-102478,2024-12-28 23:56:20.014756,UK,Italy,74620.87,GBP,SEPA,93.83,High,True,Yes
TX-102479,2024-10-16 13:01:20.015835,China,France,63105.65,CNY,SEPA,97.68,High,True,Yes
TX-102480,2024-06-08 21:18:05.015835,Italy,UK,42753.94,EUR,ACH,99.53,High,True,Yes
TX-102481,2024-03-29 20:10:59.015835,UK,Germany,90221.52,GBP,SWIFT,66.94,Medium,False,Yes
TX-102482,2024-07-21 16:35:28.015835,UK,South Africa,65131.76,GBP,ACH,93.26,High,True,Yes
TX-102483,2024-07-09 12:13:11.015835,UK,Russia,39895.7,GBP,ACH,40.45,Medium,False,Yes
TX-102484,2024-12-17 21:01:14.015835,Russia,Italy,8438.58,RUB,RTGS,85.96,High,True,Yes
TX-102485,2024-10-07 15:51:19.015835,Brazil,Canada,29141.42,BRL,SWIFT,90.92,High,True,Yes
TX-102486,2024-12-14 20:17:02.015835,South Africa,USA,54418.3,ZAR,SEPA,90.41,High,True,Yes
TX-102487,2024-05-14 11:35:29.015835,China,Russia,27635.97,CNY,ACH,83.08,High,True,Yes
TX-102488,2024-07-04 13:17:08.015835,South Africa,Germany,22201.41,ZAR,ACH,40.66,Medium,False,Yes
TX-102489,2025-02-08 13:13:36.015835,Netherlands,UK,52786.61,EUR,Wire,15.89,Low,False,Yes
TX-102490,2024-07-06 13:00:17.015835,UK,Italy,17065.05,GBP,SEPA,33.4,Low,False,Yes
TX-102491,2024-12-11 11:31:11.015835,Brazil,South Africa,80060.97,BRL,Wire,76.73,High,True,Yes
TX-102492,2024-09-22 06:20:38.015835,Australia,Italy,48488.38,AUD,ACH,23.29,Low,False,Yes
TX-102493,2024-03-19 13:01:16.015835,USA,France,57428.89,USD,RTGS,47.83,Medium,False,Yes
TX-102494,2024-10-13 07:32:53.015835,Italy,India,14823.59,EUR,Wire,56.54,Medium,False,Yes
TX-102495,2024-12-28 10:12:29.015835,Spain,South Africa,32525.18,EUR,Wire,60.39,Medium,False,Yes
TX-102496,2024-03-30 02:44:22.015835,India,India,41067.96,INR,SWIFT,93.57,High,True,Yes
TX-102497,2024-10-24 01:10:28.015835,Brazil,UK,80840.46,BRL,Wire,66.15,Medium,False,Yes
TX-102498,2025-02-18 00:16:59.015835,Germany,Canada,77038.94,EUR,SWIFT,78.63,High,True,Yes
TX-102499,2024-06-19 05:01:47.015835,Australia,France,22375.45,AUD,Wire,58.19,Medium,False,Yes
TX-102500,2024-07-07 13:49:17.015835,China,Australia,61656.29,CNY,SWIFT,83.36,High,True,Yes
TX-102501,2025-02-17 11:50:50.015835,France,South Africa,24421.29,EUR,ACH,26.37,Low,False,Yes
TX-102502,2024-08-07 00:37:46.015835,South Africa,Italy,98825.89,ZAR,Wire,20.99,Low,False,Yes
TX-102503,2024-10-05 13:32:11.015835,Brazil,Brazil,95217.18,BRL,SWIFT,92.63,High,True,Yes
TX-102504,2024-09-13 06:40:07.015835,South Africa,South Africa,56370.15,ZAR,RTGS,69.35,Medium,False,Yes
TX-102505,2025-01-24 00:22:50.015835,Australia,Netherlands,69920.37,AUD,SWIFT,67.15,Medium,False,Yes
TX-102506,2024-08-01 01:20:28.015835,Germany,France,80162.9,EUR,Wire,46.73,Medium,False,Yes
TX-102507,2024-03-18 12:32:18.015835,Japan,Netherlands,72127.74,JPY,Wire,37.67,Low,False,Yes
TX-102508,2024-10-30 04:47:45.015835,Germany,India,70012.89,EUR,Wire,55.57,Medium,False,Yes
TX-102509,2024-06-23 11:01:10.015835,France,China,95859.55,EUR,Wire,12.06,Low,False,Yes
TX-102510,2024-12-07 01:56:22.015835,South Africa,UK,59685.97,ZAR,ACH,45.47,Medium,False,Yes
TX-102511,2024-12-13 09:26:10.015835,South Africa,Spain,63666.64,ZAR,RTGS,45.54,Medium,False,Yes
TX-102512,2024-11-09 13:39:43.015835,Australia,India,84941.95,AUD,Wire,53.83,Medium,False,Yes
TX-102513,2024-05-27 20:46:57.015835,Netherlands,Canada,67022.1,EUR,SWIFT,63.47,Medium,False,Yes
TX-102514,2024-09-23 00:05:06.015835,Russia,Russia,73319.97,RUB,RTGS,95.73,High,True,Yes
TX-102515,2025-02-01 06:16:48.015835,Germany,Spain,23493.45,EUR,SEPA,65.22,Medium,False,Yes
TX-102516,2024-09-23 07:56:09.015835,Spain,Japan,37189.57,EUR,ACH,88.37,High,True,Yes
TX-102517,2024-08-03 08:25:49.015835,India,Germany,14815.4,INR,Wire,55.63,Medium,False,Yes
TX-102518,2024-09-03 22:05:43.015835,China,Australia,50625.97,CNY,RTGS,62.69,Medium,False,Yes
TX-102519,2024-10-24 12:43:39.015835,Australia,Australia,45627.17,AUD,Wire,6.98,Low,False,Yes
TX-102520,2025-02-21 07:48:30.015835,Australia,Netherlands,99716.57,AUD,Wire,13.33,Low,False,Yes
TX-102521,2024-05-12 04:22:20.015835,South Africa,Italy,61159.74,ZAR,SWIFT,57.97,Medium,False,Yes
TX-102522,2024-06-26 22:43:31.015835,France,Australia,78665.84,EUR,SWIFT,39.57,Low,False,Yes
TX-102523,2024-09-25 11:19:56.015835,South Africa,France,33468.07,ZAR,Wire,79.88,High,True,Yes
TX-102524,2024-10-02 22:56:15.015835,Italy,China,83171.38,EUR,SWIFT,54.32,Medium,False,Yes
TX-102525,2024-10-29 19:33:45.015835,Japan,China,61546.99,JPY,Wire,88.23,High,True,Yes
TX-102526,2024-08-02 22:15:26.015835,Japan,Italy,69729.53,JPY,Wire,97.23,High,True,Yes
TX-102527,2025-01-15 22:20:09.015835,Italy,Canada,29513.63,EUR,Wire,14.76,Low,False,Yes
TX-102528,2024-05-19 01:23:05.015835,UK,South Africa,54908.98,GBP,SEPA,39.48,Low,False,Yes
TX-102529,2025-03-10 18:36:17.015835,Russia,Italy,63440.29,RUB,SWIFT,66.5,Medium,False,Yes
TX-102530,2024-12-14 18:19:24.015835,Germany,South Africa,58950.56,EUR,SWIFT,30.55,Low,False,Yes
TX-102531,2024-08-11 13:59:58.015835,South Africa,Spain,91527.85,ZAR,Wire,26.7,Low,False,Yes
TX-102532,2024-04-14 12:40:44.015835,China,China,89837.44,CNY,Wire,81.37,High,True,Yes
TX-102533,2024-07-14 13:27:39.015835,UK,UK,97101.31,GBP,SEPA,98.04,High,True,Yes
TX-102534,2024-11-16 04:11:40.015835,Russia,Italy,66776.06,RUB,ACH,77.38,High,True,Yes
TX-102535,2024-10-21 13:16:58.015835,France,India,97194.22,EUR,RTGS,52.37,Medium,False,Yes
TX-102536,2024-05-13 15:50:50.015835,USA,Italy,83264.55,USD,SWIFT,44.25,Medium,False,Yes
TX-102537,2024-05-14 10:53:58.015835,India,Canada,27156.13,INR,SEPA,53.96,Medium,False,Yes
TX-102538,2024-06-30 02:21:17.015835,Australia,USA,42800.82,AUD,SWIFT,46.28,Medium,False,Yes
TX-102539,2024-09-21 11:41:45.016895,Russia,Japan,23915.4,RUB,SEPA,50.29,Medium,False,Yes
TX-102540,2024-09-18 22:58:17.016895,Spain,Spain,519.3,EUR,RTGS,20.35,Low,False,Yes
TX-102541,2024-11-10 13:56:49.016895,Japan,Australia,18886.07,JPY,SWIFT,90.37,High,True,Yes
TX-102542,2024-12-25 17:08:55.016895,Netherlands,India,505.65,EUR,SEPA,75.45,High,True,Yes
TX-102543,2024-10-13 00:48:14.016895,Canada,Germany,72011.86,CAD,ACH,68.1,Medium,False,Yes
TX-102544,2024-06-22 07:14:58.016895,Brazil,India,42610.88,BRL,RTGS,94.99,High,True,Yes
TX-102545,2024-10-11 05:05:46.016895,Russia,India,31326.22,RUB,Wire,28.44,Low,False,Yes
TX-102546,2024-08-01 03:57:42.016895,Japan,Brazil,76195.92,JPY,SEPA,8.12,Low,False,Yes
TX-102547,2024-09-16 16:41:41.016895,Russia,UK,83265.43,RUB,SWIFT,82.61,High,True,Yes
TX-102548,2024-08-06 13:01:07.016895,Canada,Netherlands,97532.42,CAD,RTGS,99.84,High,True,Yes
TX-102549,2024-04-10 17:20:41.016895,France,Australia,64237.16,EUR,Wire,57.84,Medium,False,Yes
TX-102550,2024-11-22 07:15:48.016895,Canada,Japan,46206.74,CAD,Wire,5.88,Low,False,Yes
TX-102551,2024-07-13 13:05:20.016895,South Africa,India,30595.9,ZAR,SWIFT,78.05,High,True,Yes
TX-102552,2024-05-29 12:36:16.016895,UK,India,22309.59,GBP,SWIFT,7.37,Low,False,Yes
TX-102553,2025-03-12 03:59:44.016895,France,Japan,21371.3,EUR,ACH,54.0,Medium,False,Yes
TX-102554,2024-10-13 17:59:05.016895,Australia,Canada,40978.02,AUD,SWIFT,27.75,Low,False,Yes
TX-102555,2024-08-15 21:14:41.016895,Netherlands,France,99179.46,EUR,RTGS,91.5,High,True,Yes
TX-102556,2024-07-08 05:29:25.016895,Japan,Australia,185.28,JPY,RTGS,45.13,Medium,False,Yes
TX-102557,2024-08-27 08:57:22.016895,UK,Italy,19800.87,GBP,SWIFT,89.85,High,True,Yes
TX-102558,2024-06-30 04:11:07.016895,Russia,Canada,18920.46,RUB,Wire,29.91,Low,False,Yes
TX-102559,2024-04-29 20:06:24.016895,Italy,Netherlands,71740.24,EUR,Wire,38.74,Low,False,Yes
TX-102560,2024-09-07 17:30:48.016895,Canada,South Africa,35313.22,CAD,SWIFT,94.71,High,True,Yes
TX-102561,2025-03-03 13:30:00.016895,Netherlands,Australia,45780.35,EUR,SWIFT,20.13,Low,False,Yes
TX-102562,2025-02-20 13:25:06.016895,Germany,France,14947.55,EUR,ACH,57.85,Medium,False,Yes
TX-102563,2024-07-26 21:28:29.016895,Russia,UK,40559.2,RUB,SWIFT,38.85,Low,False,Yes
TX-102564,2024-09-09 10:35:09.016895,Australia,UK,10409.66,AUD,SWIFT,77.42,High,True,Yes
TX-102565,2024-07-23 23:02:00.016895,Netherlands,India,53351.02,EUR,SEPA,12.93,Low,False,Yes
TX-102566,2024-08-21 21:24:57.016895,Spain,Netherlands,9884.04,EUR,RTGS,43.72,Medium,False,Yes
TX-102567,2024-08-12 23:57:46.016895,Netherlands,France,79071.79,EUR,ACH,69.89,Medium,False,Yes
TX-102568,2024-07-11 13:17:48.016895,USA,Russia,56703.51,USD,RTGS,40.7,Medium,False,Yes
TX-102569,2025-01-05 03:08:16.016895,Italy,Germany,72424.39,EUR,SEPA,5.85,Low,False,Yes
TX-102570,2024-11-21 21:07:32.016895,USA,Japan,41909.79,USD,RTGS,70.51,High,True,Yes
TX-102571,2025-01-12 22:18:39.016895,Italy,Italy,38210.98,EUR,ACH,50.32,Medium,False,Yes
TX-102572,2024-12-19 12:30:54.016895,Japan,France,9911.07,JPY,SWIFT,1.13,Low,False,Yes
TX-102573,2024-05-26 01:36:23.016895,Spain,China,52433.18,EUR,SEPA,61.27,Medium,False,Yes
TX-102574,2025-03-15 07:30:26.016895,Germany,USA,51498.77,EUR,ACH,91.99,High,True,Yes
TX-102575,2025-01-14 03:16:13.016895,Italy,Japan,46863.39,EUR,ACH,11.1,Low,False,Yes
TX-102576,2024-06-15 22:44:08.016895,Canada,Canada,74077.78,CAD,SWIFT,59.07,Medium,False,Yes
TX-102577,2024-08-12 19:22:49.016895,Spain,Netherlands,83267.19,EUR,RTGS,72.87,High,True,Yes
TX-102578,2024-10-17 04:31:10.016895,Germany,USA,75103.89,EUR,Wire,7.08,Low,False,Yes
TX-102579,2024-08-15 07:44:38.016895,USA,Japan,14472.19,USD,ACH,2.26,Low,False,Yes
TX-102580,2024-04-26 07:28:24.016895,Spain,Canada,62243.74,EUR,ACH,46.42,Medium,False,Yes
TX-102581,2024-08-02 06:38:55.016895,Netherlands,Japan,8124.28,EUR,SWIFT,79.12,High,True,Yes
TX-102582,2024-09-13 01:08:39.016895,Canada,Italy,69492.77,CAD,Wire,16.07,Low,False,Yes
TX-102583,2024-10-03 07:15:41.016895,Russia,Italy,38245.73,RUB,Wire,83.66,High,True,Yes
TX-102584,2024-10-06 11:15:47.016895,Brazil,Canada,13336.65,BRL,Wire,65.66,Medium,False,Yes
TX-102585,2024-09-25 07:05:04.016895,India,Australia,86218.88,INR,SEPA,33.22,Low,False,Yes
TX-102586,2024-11-09 01:20:27.016895,Spain,India,61439.43,EUR,ACH,51.58,Medium,False,Yes
TX-102587,2025-01-21 21:34:25.016895,South Africa,Brazil,35537.02,ZAR,Wire,96.56,High,True,Yes
TX-102588,2024-11-08 21:24:19.016895,UK,China,3169.65,GBP,RTGS,21.64,Low,False,Yes
TX-102589,2024-09-29 20:28:31.016895,UK,Russia,53777.29,GBP,SEPA,49.95,Medium,False,Yes
TX-102590,2024-05-14 22:25:43.016895,USA,France,92330.27,USD,Wire,62.45,Medium,False,Yes
TX-102591,2025-03-11 19:39:14.016895,France,Spain,59678.35,EUR,SEPA,13.8,Low,False,Yes
TX-102592,2025-01-17 17:24:01.016895,Netherlands,France,97167.9,EUR,Wire,4.35,Low,False,Yes
TX-102593,2024-07-02 16:52:29.016895,Russia,China,13731.47,RUB,Wire,1.35,Low,False,Yes
TX-102594,2024-06-14 18:48:19.016895,Australia,Canada,56873.68,AUD,ACH,32.47,Low,False,Yes
TX-102595,2024-10-23 11:04:00.016895,Brazil,South Africa,79832.69,BRL,RTGS,7.39,Low,False,Yes
TX-102596,2024-06-19 03:18:37.016895,Russia,Japan,52601.52,RUB,ACH,80.38,High,True,Yes
TX-102597,2024-10-26 00:29:20.016895,UK,USA,9197.53,GBP,RTGS,99.73,High,True,Yes
TX-102598,2024-09-17 09:49:09.016895,South Africa,Canada,58330.31,ZAR,Wire,6.13,Low,False,Yes
TX-102599,2024-08-26 02:43:17.016895,Brazil,Brazil,61212.62,BRL,RTGS,43.27,Medium,False,Yes
TX-102600,2024-05-08 06:57:33.016895,Australia,India,72898.05,AUD,ACH,2.57,Low,False,Yes
TX-102601,2024-12-20 12:50:29.017912,Australia,Australia,76145.03,AUD,ACH,13.4,Low,False,Yes
TX-102602,2025-01-31 23:56:15.017912,China,UK,77100.19,CNY,SEPA,32.29,Low,False,Yes
TX-102603,2024-09-24 05:16:00.017912,USA,South Africa,66378.09,USD,ACH,39.37,Low,False,Yes
TX-102604,2024-09-15 01:16:00.017912,Netherlands,UK,21659.54,EUR,SEPA,93.98,High,True,Yes
TX-102605,2025-02-15 12:35:03.017912,Canada,Russia,40483.15,CAD,ACH,39.58,Low,False,Yes
TX-102606,2024-04-08 03:52:41.017912,USA,Italy,77635.38,USD,SEPA,49.63,Medium,False,Yes
TX-102607,2024-10-11 04:50:54.017912,France,USA,95347.36,EUR,ACH,24.56,Low,False,Yes
TX-102608,2024-09-23 15:33:41.017912,Germany,Canada,7986.8,EUR,SEPA,0.01,Low,False,Yes
TX-102609,2024-12-15 08:25:36.017912,Russia,Italy,53600.11,RUB,ACH,89.93,High,True,Yes
TX-102610,2024-08-04 18:13:11.017912,UK,Netherlands,31320.97,GBP,RTGS,8.17,Low,False,Yes
TX-102611,2024-08-30 13:36:55.017912,Japan,Brazil,22616.85,JPY,SWIFT,96.42,High,True,Yes
TX-102612,2024-06-03 08:52:25.017912,Brazil,France,50630.49,BRL,SWIFT,13.08,Low,False,Yes
TX-102613,2024-03-31 03:29:25.017912,China,Spain,60648.33,CNY,RTGS,60.49,Medium,False,Yes
TX-102614,2024-05-28 09:54:36.017912,Japan,China,1076.25,JPY,SWIFT,99.94,High,True,Yes
TX-102615,2024-12-25 05:29:23.017912,Italy,Brazil,78042.64,EUR,Wire,13.85,Low,False,Yes
TX-102616,2024-11-12 16:26:45.017912,Canada,Australia,82006.22,CAD,ACH,42.39,Medium,False,Yes
TX-102617,2024-11-16 18:20:18.017912,South Africa,South Africa,96554.53,ZAR,SEPA,78.04,High,True,Yes
TX-102618,2024-03-22 19:26:52.017912,France,India,18146.31,EUR,SEPA,3.22,Low,False,Yes
TX-102619,2024-05-14 10:04:45.017912,Germany,Australia,59495.8,EUR,SEPA,68.98,Medium,False,Yes
TX-102620,2024-10-19 22:01:36.017912,France,China,42719.87,EUR,ACH,8.04,Low,False,Yes
TX-102621,2025-01-14 03:59:39.017912,Canada,South Africa,33549.3,CAD,SEPA,23.65,Low,False,Yes
TX-102622,2024-04-06 11:12:44.017912,USA,France,56606.78,USD,SEPA,16.01,Low,False,Yes
TX-102623,2024-10-01 10:41:37.017912,Germany,Spain,78260.07,EUR,SEPA,90.73,High,True,Yes
TX-102624,2024-11-14 12:38:02.017912,Italy,Netherlands,2402.97,EUR,SEPA,18.05,Low,False,Yes
TX-102625,2024-12-14 17:15:11.017912,India,Russia,96943.07,INR,SWIFT,4.04,Low,False,Yes
TX-102626,2024-03-31 08:06:12.017912,South Africa,South Africa,81007.17,ZAR,SWIFT,58.76,Medium,False,Yes
TX-102627,2024-03-30 08:30:37.017912,China,UK,75140.25,CNY,SEPA,34.62,Low,False,Yes
TX-102628,2024-04-29 17:51:49.017912,Australia,Germany,76062.7,AUD,SEPA,40.57,Medium,False,Yes
TX-102629,2024-04-05 06:42:45.017912,Canada,UK,38967.16,CAD,Wire,11.91,Low,False,Yes
TX-102630,2024-11-10 20:35:30.017912,Canada,Canada,75186.89,CAD,SWIFT,74.82,High,True,Yes
TX-102631,2025-02-17 06:06:01.017912,Russia,Brazil,38738.34,RUB,ACH,60.16,Medium,False,Yes
TX-102632,2024-06-25 12:42:49.017912,Netherlands,China,89880.81,EUR,SEPA,36.42,Low,False,Yes
TX-102633,2024-07-16 18:37:06.017912,Australia,France,17804.52,AUD,SWIFT,17.16,Low,False,Yes
TX-102634,2025-03-12 04:49:02.017912,China,Russia,29305.51,CNY,SEPA,59.35,Medium,False,Yes
TX-102635,2025-01-27 22:07:31.017912,Japan,India,55178.62,JPY,ACH,77.86,High,True,Yes
TX-102636,2024-08-09 05:42:48.017912,USA,Canada,31989.18,USD,Wire,31.24,Low,False,Yes
TX-102637,2024-05-21 02:13:26.017912,India,Italy,42481.3,INR,SEPA,2.59,Low,False,Yes
TX-102638,2024-08-28 08:48:44.017912,Japan,Japan,49293.03,JPY,SWIFT,21.43,Low,False,Yes
TX-102639,2025-01-24 18:21:26.017912,China,USA,85649.7,CNY,SWIFT,68.24,Medium,False,Yes
TX-102640,2024-11-11 04:50:44.017912,Germany,USA,52366.91,EUR,RTGS,98.91,High,True,Yes
TX-102641,2025-02-04 07:44:33.017912,Brazil,Italy,36309.74,BRL,SWIFT,1.34,Low,False,Yes
TX-102642,2024-10-10 17:06:10.017912,UK,Canada,24848.84,GBP,SWIFT,30.62,Low,False,Yes
TX-102643,2024-09-22 19:34:02.017912,France,USA,40926.73,EUR,Wire,6.2,Low,False,Yes
TX-102644,2025-02-25 17:14:16.017912,Italy,UK,51622.04,EUR,Wire,31.63,Low,False,Yes
TX-102645,2024-12-28 23:45:50.017912,USA,India,74636.87,USD,SEPA,40.59,Medium,False,Yes
TX-102646,2024-12-22 11:02:13.017912,China,Australia,12192.77,CNY,SEPA,92.09,High,True,Yes
TX-102647,2024-09-04 08:18:13.017912,Spain,Australia,22238.76,EUR,SWIFT,8.06,Low,False,Yes
TX-102648,2024-10-03 16:45:01.017912,Germany,Brazil,38027.44,EUR,ACH,77.71,High,True,Yes
TX-102649,2024-05-01 05:40:56.017912,China,Italy,36103.8,CNY,ACH,39.55,Low,False,Yes
TX-102650,2024-12-06 07:17:01.017912,Italy,Russia,39235.63,EUR,SWIFT,81.13,High,True,Yes
TX-102651,2025-03-16 01:32:09.017912,UK,India,79372.77,GBP,Wire,51.34,Medium,False,Yes
TX-102652,2024-06-28 01:08:32.017912,India,Brazil,32483.02,INR,SEPA,3.93,Low,False,Yes
TX-102653,2024-07-20 06:32:41.017912,India,China,50239.63,INR,SEPA,94.62,High,True,Yes
TX-102654,2024-12-28 12:39:12.017912,Canada,Brazil,62428.31,CAD,SWIFT,8.27,Low,False,Yes
TX-102655,2024-11-02 07:52:24.017912,Japan,Australia,23294.64,JPY,ACH,59.77,Medium,False,Yes
TX-102656,2024-09-30 14:28:43.017912,Spain,France,71897.67,EUR,RTGS,87.77,High,True,Yes
TX-102657,2024-10-23 20:25:49.017912,Canada,China,54756.42,CAD,ACH,7.98,Low,False,Yes
TX-102658,2024-05-16 02:02:57.017912,Japan,Russia,44733.44,JPY,SWIFT,55.39,Medium,False,Yes
TX-102659,2024-09-05 21:03:57.017912,Japan,China,80997.42,JPY,SWIFT,82.43,High,True,Yes
TX-102660,2025-03-02 07:39:24.017912,Japan,Spain,24425.18,JPY,SEPA,98.63,High,True,Yes
TX-102661,2024-07-17 02:44:34.017912,South Africa,Brazil,88329.28,ZAR,RTGS,72.43,High,True,Yes
TX-102662,2024-03-20 16:38:27.017912,Japan,India,56148.77,JPY,SEPA,27.83,Low,False,Yes
TX-102663,2024-03-23 03:13:10.017912,Japan,Brazil,60956.57,JPY,SEPA,69.96,Medium,False,Yes
TX-102664,2024-06-30 21:12:24.017912,USA,India,87518.39,USD,SEPA,70.58,High,True,Yes
TX-102665,2024-12-13 05:49:02.017912,Italy,Italy,81776.51,EUR,SWIFT,70.0,High,False,Yes
TX-102666,2024-06-20 17:01:35.018911,Russia,South Africa,60196.05,RUB,SEPA,85.43,High,True,Yes
TX-102667,2024-10-31 18:22:40.018911,Australia,France,75343.45,AUD,Wire,8.74,Low,False,Yes
TX-102668,2024-10-15 10:42:30.018911,USA,Canada,43388.62,USD,ACH,10.84,Low,False,Yes
TX-102669,2025-02-02 16:47:45.018911,India,UK,54783.04,INR,Wire,64.06,Medium,False,Yes
TX-102670,2025-01-10 02:52:54.018911,Italy,UK,6300.81,EUR,Wire,95.39,High,True,Yes
TX-102671,2025-02-17 01:05:19.018911,Spain,USA,9076.81,EUR,ACH,46.58,Medium,False,Yes
TX-102672,2024-10-17 03:50:04.018911,France,Germany,82959.6,EUR,SEPA,96.06,High,True,Yes
TX-102673,2025-01-02 03:00:12.018911,Brazil,Canada,6061.2,BRL,RTGS,93.81,High,True,Yes
TX-102674,2024-09-25 21:26:18.018911,USA,Russia,17022.97,USD,ACH,90.29,High,True,Yes
TX-102675,2024-08-13 19:42:14.018911,Spain,USA,79603.68,EUR,SWIFT,90.99,High,True,Yes
TX-102676,2024-11-18 23:22:09.018911,South Africa,Brazil,214.48,ZAR,SWIFT,89.83,High,True,Yes
TX-102677,2024-03-19 19:34:07.018911,Canada,Germany,28312.19,CAD,RTGS,81.99,High,True,Yes
TX-102678,2025-01-26 16:21:06.018911,Spain,Russia,58445.46,EUR,SEPA,69.5,Medium,False,Yes
TX-102679,2024-06-12 09:15:36.018911,Germany,USA,59585.45,EUR,SWIFT,2.44,Low,False,Yes
TX-102680,2024-07-08 14:01:05.018911,Brazil,Germany,77737.58,BRL,SEPA,13.23,Low,False,Yes
TX-102681,2024-11-04 22:49:19.018911,India,Australia,50642.03,INR,SEPA,13.42,Low,False,Yes
TX-102682,2024-12-21 13:34:40.018911,India,India,50989.25,INR,Wire,2.35,Low,False,Yes
TX-102683,2024-06-07 20:20:51.018911,Canada,UK,72558.53,CAD,ACH,11.67,Low,False,Yes
TX-102684,2024-09-08 13:40:59.018911,South Africa,India,49912.58,ZAR,SWIFT,91.97,High,True,Yes
TX-102685,2024-05-03 01:40:42.018911,China,Germany,60888.26,CNY,ACH,66.38,Medium,False,Yes
TX-102686,2024-11-28 04:45:49.018911,Brazil,Italy,89787.63,BRL,ACH,31.21,Low,False,Yes
TX-102687,2024-04-16 09:28:31.018911,South Africa,Russia,40204.96,ZAR,RTGS,79.34,High,True,Yes
TX-102688,2024-11-09 15:22:39.018911,Spain,India,38573.99,EUR,SEPA,48.84,Medium,False,Yes
TX-102689,2024-05-30 10:09:56.018911,UK,Russia,454.54,GBP,RTGS,14.21,Low,False,Yes
TX-102690,2025-01-24 17:38:45.018911,USA,South Africa,61381.28,USD,Wire,88.45,High,True,Yes
TX-102691,2024-04-10 22:57:56.018911,Spain,Japan,3074.21,EUR,RTGS,33.87,Low,False,Yes
TX-102692,2025-03-06 18:04:10.018911,Japan,Germany,50464.43,JPY,SWIFT,69.89,Medium,False,Yes
TX-102693,2024-05-04 12:50:17.018911,Spain,Canada,80442.96,EUR,RTGS,29.06,Low,False,Yes
TX-102694,2024-03-28 05:51:55.018911,Russia,France,55037.11,RUB,ACH,50.01,Medium,False,Yes
TX-102695,2024-10-16 23:24:29.018911,India,South Africa,27036.65,INR,ACH,81.63,High,True,Yes
TX-102696,2024-10-12 10:47:00.018911,UK,Australia,78638.23,GBP,ACH,15.68,Low,False,Yes
TX-102697,2024-05-20 02:38:32.018911,Russia,UK,27044.73,RUB,SWIFT,97.73,High,True,Yes
TX-102698,2025-02-12 04:52:47.018911,South Africa,Australia,73329.87,ZAR,ACH,7.02,Low,False,Yes
TX-102699,2025-01-08 22:51:36.018911,India,Italy,61064.82,INR,RTGS,53.4,Medium,False,Yes
TX-102700,2024-05-10 08:32:33.018911,Australia,USA,17082.63,AUD,SEPA,91.6,High,True,Yes
TX-102701,2025-02-10 22:39:19.018911,Brazil,Canada,90522.87,BRL,Wire,94.57,High,True,Yes
TX-102702,2024-11-15 05:50:48.018911,Australia,UK,20144.3,AUD,Wire,23.21,Low,False,Yes
TX-102703,2024-09-19 16:17:04.018911,India,Netherlands,98959.75,INR,SEPA,14.4,Low,False,Yes
TX-102704,2024-08-08 04:55:08.018911,UK,UK,830.32,GBP,ACH,72.44,High,True,Yes
TX-102705,2025-03-16 11:14:25.018911,South Africa,Brazil,26421.99,ZAR,SEPA,4.2,Low,False,Yes
TX-102706,2024-11-10 22:06:14.018911,UK,Brazil,20066.04,GBP,SWIFT,48.52,Medium,False,Yes
TX-102707,2025-01-08 20:20:02.018911,Canada,Australia,1497.94,CAD,SWIFT,79.64,High,True,Yes
TX-102708,2024-09-21 03:30:59.018911,Brazil,Australia,73263.55,BRL,ACH,56.03,Medium,False,Yes
TX-102709,2024-11-18 02:44:56.018911,South Africa,Australia,69373.24,ZAR,SWIFT,18.8,Low,False,Yes
TX-102710,2025-01-25 17:03:49.018911,Australia,USA,79255.86,AUD,ACH,48.7,Medium,False,Yes
TX-102711,2024-05-28 00:39:09.018911,USA,Russia,25744.18,USD,SEPA,92.13,High,True,Yes
TX-102712,2024-09-23 19:09:08.018911,France,Australia,44489.08,EUR,ACH,61.72,Medium,False,Yes
TX-102713,2024-05-18 22:17:50.018911,Germany,China,65945.44,EUR,RTGS,72.15,High,True,Yes
TX-102714,2024-03-28 20:21:07.018911,USA,Germany,44032.87,USD,ACH,33.63,Low,False,Yes
TX-102715,2024-11-25 23:35:45.018911,South Africa,Germany,69762.84,ZAR,RTGS,18.85,Low,False,Yes
TX-102716,2024-04-03 04:34:45.018911,Germany,France,63433.94,EUR,ACH,25.56,Low,False,Yes
TX-102717,2024-11-25 14:38:47.018911,Netherlands,China,11553.32,EUR,SWIFT,53.32,Medium,False,Yes
TX-102718,2025-01-03 08:31:55.018911,USA,Russia,78126.21,USD,SWIFT,28.02,Low,False,Yes
TX-102719,2024-03-25 02:31:07.018911,Spain,Russia,72095.57,EUR,ACH,54.2,Medium,False,Yes
TX-102720,2024-06-15 06:12:26.018911,Netherlands,Italy,65617.86,EUR,RTGS,70.78,High,True,Yes
TX-102721,2024-12-25 20:11:55.018911,France,USA,15593.85,EUR,SWIFT,73.44,High,True,Yes
TX-102722,2024-08-14 22:07:50.018911,Japan,Spain,26872.85,JPY,RTGS,16.47,Low,False,Yes
TX-102723,2024-12-12 10:16:13.018911,Italy,USA,39378.39,EUR,RTGS,75.04,High,True,Yes
TX-102724,2024-09-13 06:18:10.018911,Russia,Canada,28064.97,RUB,SWIFT,67.27,Medium,False,Yes
TX-102725,2025-01-04 15:42:33.018911,Japan,India,22858.25,JPY,SWIFT,1.2,Low,False,Yes
TX-102726,2024-10-31 14:21:09.018911,Australia,Russia,80555.23,AUD,SEPA,5.89,Low,False,Yes
TX-102727,2024-12-16 19:18:11.018911,France,Brazil,63859.4,EUR,RTGS,64.62,Medium,False,Yes
TX-102728,2024-06-30 16:37:15.018911,USA,Italy,56590.67,USD,SEPA,38.37,Low,False,Yes
TX-102729,2024-05-19 22:03:55.018911,South Africa,Italy,22672.68,ZAR,Wire,14.61,Low,False,Yes
TX-102730,2024-04-12 22:23:25.018911,India,Russia,91815.85,INR,ACH,4.44,Low,False,Yes
TX-102731,2024-12-27 13:50:50.019912,Germany,Australia,19199.19,EUR,RTGS,15.94,Low,False,Yes
TX-102732,2024-12-23 11:20:12.019912,France,Brazil,79515.6,EUR,Wire,95.75,High,True,Yes
TX-102733,2025-01-29 16:51:52.019912,Spain,China,96670.6,EUR,SEPA,72.76,High,True,Yes
TX-102734,2024-10-27 03:21:26.019912,Russia,China,72736.56,RUB,SWIFT,52.77,Medium,False,Yes
TX-102735,2024-08-10 02:50:19.019912,South Africa,Brazil,99286.59,ZAR,RTGS,94.15,High,True,Yes
TX-102736,2025-03-07 20:19:31.019912,USA,Japan,65140.01,USD,ACH,61.91,Medium,False,Yes
TX-102737,2024-12-17 09:34:43.019912,Russia,France,21824.29,RUB,Wire,72.56,High,True,Yes
TX-102738,2025-01-29 15:02:52.019912,India,USA,20461.57,INR,RTGS,28.27,Low,False,Yes
TX-102739,2024-10-24 01:34:52.019912,Spain,Australia,32523.97,EUR,SEPA,58.9,Medium,False,Yes
TX-102740,2024-09-13 10:13:30.019912,France,Italy,812.29,EUR,SEPA,14.35,Low,False,Yes
TX-102741,2025-02-09 07:36:45.019912,Canada,Australia,68201.68,CAD,RTGS,40.45,Medium,False,Yes
TX-102742,2024-04-24 09:31:11.019912,South Africa,Japan,26939.91,ZAR,ACH,3.32,Low,False,Yes
TX-102743,2024-08-12 14:52:54.019912,Spain,China,81536.8,EUR,Wire,21.66,Low,False,Yes
TX-102744,2024-05-06 15:02:16.019912,Italy,Brazil,35981.35,EUR,SEPA,7.49,Low,False,Yes
TX-102745,2024-03-21 22:50:34.019912,Netherlands,China,48047.65,EUR,SEPA,38.78,Low,False,Yes
TX-102746,2025-02-22 22:11:48.019912,Italy,Netherlands,96572.32,EUR,SWIFT,84.3,High,True,Yes
TX-102747,2024-05-30 16:48:11.019912,Brazil,India,24293.0,BRL,ACH,37.79,Low,False,Yes
TX-102748,2024-12-19 23:08:16.019912,Australia,Netherlands,72153.28,AUD,SWIFT,83.16,High,True,Yes
TX-102749,2025-02-04 08:32:03.019912,Netherlands,Russia,75536.27,EUR,ACH,65.65,Medium,False,Yes
TX-102750,2025-01-11 02:45:03.019912,Italy,Russia,22177.72,EUR,Wire,50.95,Medium,False,Yes
TX-102751,2024-07-01 04:43:49.019912,Spain,Australia,50149.58,EUR,SEPA,23.69,Low,False,Yes
TX-102752,2024-07-29 17:03:38.019912,UK,Germany,35085.17,GBP,SWIFT,92.22,High,True,Yes
TX-102753,2024-08-11 13:25:29.019912,Australia,Brazil,77213.43,AUD,SWIFT,5.42,Low,False,Yes
TX-102754,2025-02-21 06:53:23.019912,Brazil,USA,62286.08,BRL,Wire,68.89,Medium,False,Yes
TX-102755,2025-02-18 23:02:29.019912,Australia,Japan,47650.71,AUD,ACH,62.12,Medium,False,Yes
TX-102756,2024-09-13 15:50:30.019912,Spain,USA,77958.39,EUR,ACH,44.1,Medium,False,Yes
TX-102757,2025-02-01 21:30:09.019912,Netherlands,Italy,23592.04,EUR,RTGS,24.03,Low,False,Yes
TX-102758,2024-08-02 02:31:34.019912,South Africa,China,75386.83,ZAR,SEPA,43.07,Medium,False,Yes
TX-102759,2024-08-07 19:51:41.019912,Japan,Spain,86550.89,JPY,RTGS,87.28,High,True,Yes
TX-102760,2024-11-16 16:38:41.019912,France,Japan,87874.3,EUR,SWIFT,83.68,High,True,Yes
TX-102761,2024-06-12 16:21:59.019912,South Africa,Canada,78388.99,ZAR,ACH,94.14,High,True,Yes
TX-102762,2025-02-20 23:09:30.019912,Canada,France,40860.62,CAD,ACH,30.78,Low,False,Yes
TX-102763,2025-02-07 04:14:13.019912,Brazil,Netherlands,98182.62,BRL,SEPA,38.71,Low,False,Yes
TX-102764,2025-01-17 07:56:34.019912,Italy,India,38021.41,EUR,ACH,1.87,Low,False,Yes
TX-102765,2024-06-19 19:05:27.019912,Canada,Italy,63898.68,CAD,RTGS,94.29,High,True,Yes
TX-102766,2024-10-28 08:48:49.019912,Italy,Netherlands,16191.31,EUR,RTGS,32.94,Low,False,Yes
TX-102767,2025-02-27 17:44:38.019912,China,Australia,98046.84,CNY,SWIFT,40.42,Medium,False,Yes
TX-102768,2025-01-31 21:47:07.019912,Russia,Canada,70428.19,RUB,SWIFT,90.78,High,True,Yes
TX-102769,2024-06-30 21:50:32.019912,UK,Australia,75362.42,GBP,RTGS,52.66,Medium,False,Yes
TX-102770,2024-07-01 05:20:42.019912,Japan,China,6671.09,JPY,RTGS,56.62,Medium,False,Yes
TX-102771,2024-07-02 18:45:13.019912,France,India,76365.44,EUR,Wire,17.62,Low,False,Yes
TX-102772,2025-01-07 03:22:00.019912,Spain,Spain,77494.87,EUR,ACH,49.87,Medium,False,Yes
TX-102773,2024-09-04 12:02:57.019912,Canada,Australia,67210.1,CAD,Wire,91.82,High,True,Yes
TX-102774,2024-09-28 14:31:14.019912,Canada,Brazil,29261.77,CAD,SWIFT,55.87,Medium,False,Yes
TX-102775,2024-09-27 16:28:00.019912,Spain,Italy,49020.04,EUR,RTGS,25.51,Low,False,Yes
TX-102776,2024-12-24 19:59:19.019912,India,USA,11132.39,INR,RTGS,3.12,Low,False,Yes
TX-102777,2024-09-14 16:35:52.019912,France,UK,47211.55,EUR,ACH,33.63,Low,False,Yes
TX-102778,2025-01-15 23:54:30.019912,France,France,24458.0,EUR,SWIFT,57.26,Medium,False,Yes
TX-102779,2025-01-26 19:56:12.019912,Australia,Brazil,34974.79,AUD,SEPA,4.26,Low,False,Yes
TX-102780,2024-04-16 13:49:46.019912,China,Germany,16343.78,CNY,SEPA,60.98,Medium,False,Yes
TX-102781,2024-08-30 09:08:22.019912,Brazil,Australia,23082.43,BRL,Wire,52.34,Medium,False,Yes
TX-102782,2024-12-07 18:09:38.019912,Italy,Spain,7749.21,EUR,ACH,78.34,High,True,Yes
TX-102783,2025-01-09 01:08:46.019912,UK,Australia,91998.15,GBP,ACH,2.89,Low,False,Yes
TX-102784,2025-03-13 08:04:44.019912,Brazil,Germany,53088.03,BRL,SWIFT,78.08,High,True,Yes
TX-102785,2024-04-28 06:04:05.019912,Australia,Japan,39734.52,AUD,SWIFT,52.09,Medium,False,Yes
TX-102786,2024-11-18 03:00:12.019912,Spain,Germany,53549.42,EUR,ACH,37.05,Low,False,Yes
TX-102787,2024-09-18 08:21:37.019912,Australia,China,62866.49,AUD,Wire,96.54,High,True,Yes
TX-102788,2024-12-25 03:45:12.019912,USA,Netherlands,92195.69,USD,Wire,16.01,Low,False,Yes
TX-102789,2024-08-24 06:58:08.019912,Brazil,India,17951.43,BRL,SEPA,54.13,Medium,False,Yes
TX-102790,2024-06-13 17:18:06.019912,Russia,Spain,29625.69,RUB,Wire,32.1,Low,False,Yes
TX-102791,2024-05-28 21:36:50.019912,Netherlands,Netherlands,97581.35,EUR,ACH,52.75,Medium,False,Yes
TX-102792,2025-02-26 04:19:59.019912,Spain,China,37182.18,EUR,SEPA,55.23,Medium,False,Yes
TX-102793,2024-03-27 11:01:28.019912,China,Russia,2353.91,CNY,SWIFT,8.94,Low,False,Yes
TX-102794,2024-09-09 11:58:05.019912,Italy,Russia,14849.58,EUR,SEPA,66.11,Medium,False,Yes
TX-102795,2024-05-15 23:48:55.019912,France,Brazil,2731.24,EUR,SEPA,63.45,Medium,False,Yes
TX-102796,2024-07-19 05:19:06.019912,India,India,98993.32,INR,RTGS,76.95,High,True,Yes
TX-102797,2024-08-23 08:59:11.019912,South Africa,Australia,27959.2,ZAR,SWIFT,9.07,Low,False,Yes
TX-102798,2024-06-02 17:49:55.020911,USA,UK,92361.92,USD,RTGS,29.73,Low,False,Yes
TX-102799,2024-03-31 19:53:22.020911,Canada,Netherlands,99589.04,CAD,SEPA,65.01,Medium,False,Yes
TX-102800,2024-06-26 00:37:22.020911,India,France,60024.14,INR,ACH,13.67,Low,False,Yes
TX-102801,2025-02-20 10:34:11.020911,India,Brazil,3416.31,INR,Wire,67.76,Medium,False,Yes
TX-102802,2025-03-10 20:23:26.020911,Italy,Brazil,8251.0,EUR,ACH,5.9,Low,False,Yes
TX-102803,2024-07-04 18:50:28.020911,Spain,Italy,48210.75,EUR,SEPA,33.49,Low,False,Yes
TX-102804,2025-03-09 08:10:38.020911,Japan,Italy,40676.58,JPY,ACH,84.67,High,True,Yes
TX-102805,2024-08-25 17:13:10.020911,South Africa,Russia,60657.11,ZAR,SWIFT,77.43,High,True,Yes
TX-102806,2025-01-24 21:32:34.020911,Brazil,India,43940.9,BRL,RTGS,64.48,Medium,False,Yes
TX-102807,2024-08-13 17:27:58.020911,India,India,93414.28,INR,SEPA,87.05,High,True,Yes
TX-102808,2024-04-22 13:46:50.020911,UK,Brazil,53520.5,GBP,ACH,70.93,High,True,Yes
TX-102809,2024-04-08 14:00:20.020911,USA,Spain,69403.23,USD,SWIFT,51.94,Medium,False,Yes
TX-102810,2024-07-22 13:02:46.020911,UK,South Africa,89658.88,GBP,RTGS,97.97,High,True,Yes
TX-102811,2025-03-08 06:40:30.020911,Russia,Australia,14772.5,RUB,SWIFT,69.49,Medium,False,Yes
TX-102812,2024-10-19 23:25:07.020911,China,South Africa,23050.49,CNY,ACH,60.14,Medium,False,Yes
TX-102813,2024-08-28 08:52:10.020911,India,Russia,10821.13,INR,Wire,40.89,Medium,False,Yes
TX-102814,2024-04-04 14:01:48.020911,South Africa,UK,14049.88,ZAR,Wire,90.24,High,True,Yes
TX-102815,2024-09-27 20:29:49.020911,Australia,China,51307.14,AUD,Wire,29.57,Low,False,Yes
TX-102816,2025-03-17 06:35:13.020911,USA,Germany,32185.81,USD,ACH,0.92,Low,False,Yes
TX-102817,2024-09-19 17:10:03.020911,UK,France,42374.97,GBP,RTGS,19.67,Low,False,Yes
TX-102818,2024-08-13 08:34:22.020911,Canada,Brazil,98250.73,CAD,SEPA,10.95,Low,False,Yes
TX-102819,2024-11-15 11:31:00.020911,Germany,Brazil,15754.76,EUR,ACH,31.9,Low,False,Yes
TX-102820,2024-11-03 01:25:25.020911,South Africa,Canada,54127.13,ZAR,SWIFT,82.59,High,True,Yes
TX-102821,2024-10-09 13:34:36.020911,India,India,9977.23,INR,ACH,65.15,Medium,False,Yes
TX-102822,2025-02-17 11:57:07.020911,Spain,Australia,31917.78,EUR,SEPA,16.9,Low,False,Yes
TX-102823,2024-06-12 15:10:27.020911,Spain,UK,52799.84,EUR,RTGS,78.88,High,True,Yes
TX-102824,2024-10-02 15:31:32.020911,Italy,UK,94668.51,EUR,Wire,50.42,Medium,False,Yes
TX-102825,2024-12-30 14:22:45.020911,China,Germany,39183.7,CNY,SEPA,51.27,Medium,False,Yes
TX-102826,2024-04-29 22:46:39.020911,USA,UK,6584.18,USD,ACH,36.21,Low,False,Yes
TX-102827,2025-01-20 17:36:21.020911,China,China,38877.33,CNY,SEPA,86.46,High,True,Yes
TX-102828,2024-04-30 01:02:00.020911,UK,Australia,14659.54,GBP,SWIFT,31.83,Low,False,Yes
TX-102829,2024-12-03 03:44:19.020911,India,Canada,23075.96,INR,ACH,9.41,Low,False,Yes
TX-102830,2024-12-25 14:37:14.020911,Australia,South Africa,61847.25,AUD,RTGS,30.27,Low,False,Yes
TX-102831,2025-02-23 07:20:06.020911,Spain,Italy,6835.64,EUR,Wire,71.54,High,True,Yes
TX-102832,2024-10-08 16:00:07.020911,Spain,Australia,46525.9,EUR,ACH,65.76,Medium,False,Yes
TX-102833,2024-11-17 02:56:05.020911,Australia,France,60985.21,AUD,ACH,18.8,Low,False,Yes
TX-102834,2025-03-06 21:34:58.020911,South Africa,Germany,42243.65,ZAR,RTGS,11.18,Low,False,Yes
TX-102835,2024-06-08 14:29:48.020911,Canada,Germany,2010.72,CAD,RTGS,66.09,Medium,False,Yes
TX-102836,2024-09-23 11:05:33.020911,China,Japan,98553.38,CNY,Wire,67.64,Medium,False,Yes
TX-102837,2024-12-30 10:13:34.020911,UK,USA,36774.87,GBP,RTGS,36.61,Low,False,Yes
TX-102838,2024-11-23 03:47:21.020911,Japan,USA,77879.86,JPY,Wire,84.28,High,True,Yes
TX-102839,2024-07-28 05:21:07.020911,Spain,Spain,32632.08,EUR,SWIFT,97.82,High,True,Yes
TX-102840,2025-02-05 18:27:49.020911,Italy,Netherlands,47554.17,EUR,SEPA,20.56,Low,False,Yes
TX-102841,2024-06-19 21:23:08.020911,Spain,France,38907.52,EUR,Wire,57.71,Medium,False,Yes
TX-102842,2025-02-05 15:17:21.020911,India,Spain,34319.67,INR,Wire,0.53,Low,False,Yes
TX-102843,2024-06-14 00:18:54.020911,France,India,2282.95,EUR,SWIFT,71.31,High,True,Yes
TX-102844,2024-11-18 22:45:59.020911,Germany,UK,36066.09,EUR,SWIFT,41.43,Medium,False,Yes
TX-102845,2024-10-15 09:39:30.020911,Canada,UK,88960.05,CAD,Wire,19.33,Low,False,Yes
TX-102846,2025-02-23 08:59:50.020911,USA,Russia,69070.29,USD,RTGS,75.22,High,True,Yes
TX-102847,2024-05-31 04:49:17.020911,Brazil,Russia,14627.74,BRL,SWIFT,81.06,High,True,Yes
TX-102848,2024-05-10 05:47:42.020911,UK,Netherlands,59156.38,GBP,SWIFT,11.12,Low,False,Yes
TX-102849,2024-05-10 10:40:54.020911,Australia,Japan,89233.86,AUD,Wire,4.1,Low,False,Yes
TX-102850,2024-06-24 05:51:16.020911,Japan,USA,70033.4,JPY,ACH,33.41,Low,False,Yes
TX-102851,2024-09-26 15:37:09.020911,Italy,South Africa,14953.57,EUR,ACH,62.6,Medium,False,Yes
TX-102852,2024-05-14 14:15:49.020911,Netherlands,Canada,86796.47,EUR,ACH,79.34,High,True,Yes
TX-102853,2024-07-23 17:50:36.020911,Japan,Spain,30224.25,JPY,Wire,54.61,Medium,False,Yes
TX-102854,2024-03-25 06:52:06.020911,Canada,Italy,45462.21,CAD,SEPA,58.07,Medium,False,Yes
TX-102855,2024-08-25 04:52:57.020911,France,Canada,52661.66,EUR,ACH,79.99,High,True,Yes
TX-102856,2024-09-20 17:18:57.020911,South Africa,China,85065.61,ZAR,Wire,52.88,Medium,False,Yes
TX-102857,2025-03-15 17:48:34.020911,France,Germany,93167.59,EUR,SEPA,61.12,Medium,False,Yes
TX-102858,2024-10-15 14:58:27.020911,Brazil,Canada,92972.32,BRL,SEPA,51.62,Medium,False,Yes
TX-102859,2024-12-18 13:51:09.020911,Australia,Japan,894.62,AUD,RTGS,88.05,High,True,Yes
TX-102860,2024-12-01 20:22:49.020911,Germany,Germany,92196.66,EUR,Wire,23.55,Low,False,Yes
TX-102861,2024-12-16 17:44:33.020911,China,Australia,5533.26,CNY,RTGS,26.4,Low,False,Yes
TX-102862,2024-09-06 07:44:17.020911,France,France,26650.79,EUR,SEPA,12.8,Low,False,Yes
TX-102863,2024-08-05 06:23:27.020911,Brazil,Spain,51547.29,BRL,SEPA,81.95,High,True,Yes
TX-102864,2024-06-10 20:43:46.021909,Netherlands,South Africa,48044.58,EUR,SWIFT,41.18,Medium,False,Yes
TX-102865,2024-05-08 15:07:01.021909,Australia,Spain,60510.51,AUD,RTGS,34.79,Low,False,Yes
TX-102866,2025-03-17 08:46:52.021909,Germany,South Africa,47996.68,EUR,Wire,98.13,High,True,Yes
TX-102867,2024-04-29 12:52:09.021909,Canada,USA,93444.13,CAD,SWIFT,92.68,High,True,Yes
TX-102868,2024-10-03 03:04:48.021909,UK,South Africa,24130.83,GBP,SEPA,97.2,High,True,Yes
TX-102869,2025-02-26 06:28:38.021909,Russia,Netherlands,27475.07,RUB,SWIFT,14.23,Low,False,Yes
TX-102870,2024-07-09 22:52:48.021909,Canada,Japan,92081.72,CAD,Wire,89.13,High,True,Yes
TX-102871,2025-01-10 07:25:39.021909,Australia,France,7766.28,AUD,ACH,32.87,Low,False,Yes
TX-102872,2024-07-31 19:27:54.021909,UK,Netherlands,60995.13,GBP,SWIFT,1.27,Low,False,Yes
TX-102873,2024-10-14 15:17:42.021909,Netherlands,UK,68205.42,EUR,SWIFT,39.13,Low,False,Yes
TX-102874,2024-04-25 02:41:29.021909,Brazil,Russia,50603.62,BRL,Wire,50.92,Medium,False,Yes
TX-102875,2024-12-10 06:53:41.021909,Australia,Brazil,69453.76,AUD,RTGS,10.82,Low,False,Yes
TX-102876,2024-12-09 12:59:44.021909,Canada,Russia,17358.19,CAD,Wire,53.77,Medium,False,Yes
TX-102877,2024-04-28 14:22:41.021909,South Africa,Japan,85277.96,ZAR,Wire,81.95,High,True,Yes
TX-102878,2025-01-05 15:15:20.021909,India,China,14088.57,INR,SWIFT,37.77,Low,False,Yes
TX-102879,2024-12-17 03:32:54.021909,Russia,India,40141.16,RUB,SEPA,35.26,Low,False,Yes
TX-102880,2024-11-02 14:51:46.021909,Spain,Canada,7618.23,EUR,Wire,33.88,Low,False,Yes
TX-102881,2024-05-21 05:22:17.021909,India,Brazil,54566.59,INR,Wire,92.31,High,True,Yes
TX-102882,2024-11-03 19:15:58.021909,Spain,USA,67007.61,EUR,SWIFT,4.88,Low,False,Yes
TX-102883,2024-05-08 15:03:49.021909,Brazil,Netherlands,94128.04,BRL,SWIFT,44.51,Medium,False,Yes
TX-102884,2024-12-04 21:31:29.021909,Canada,Australia,73959.69,CAD,SWIFT,26.46,Low,False,Yes
TX-102885,2025-03-11 08:38:02.021909,Japan,South Africa,54156.18,JPY,SWIFT,89.38,High,True,Yes
TX-102886,2024-08-17 16:17:16.021909,Japan,Australia,93268.44,JPY,RTGS,9.61,Low,False,Yes
TX-102887,2024-08-04 03:06:57.021909,France,Russia,47895.84,EUR,ACH,41.14,Medium,False,Yes
TX-102888,2024-05-07 01:01:50.021909,Netherlands,South Africa,56164.44,EUR,ACH,40.68,Medium,False,Yes
TX-102889,2024-10-11 12:24:31.021909,France,Canada,59650.24,EUR,SEPA,88.84,High,True,Yes
TX-102890,2024-07-13 01:52:28.021909,Russia,Canada,41056.97,RUB,SEPA,21.55,Low,False,Yes
TX-102891,2024-07-10 20:12:12.021909,UK,South Africa,83864.42,GBP,Wire,64.49,Medium,False,Yes
TX-102892,2024-12-01 18:20:33.021909,Brazil,China,18599.08,BRL,RTGS,13.44,Low,False,Yes
TX-102893,2025-01-16 13:57:01.021909,Brazil,China,55528.73,BRL,ACH,95.4,High,True,Yes
TX-102894,2024-07-17 12:57:21.021909,Netherlands,South Africa,72251.1,EUR,SEPA,59.3,Medium,False,Yes
TX-102895,2025-02-28 00:07:56.021909,Brazil,Russia,90407.22,BRL,Wire,62.63,Medium,False,Yes
TX-102896,2024-10-17 23:16:35.021909,India,Canada,88403.45,INR,SEPA,43.38,Medium,False,Yes
TX-102897,2024-12-21 15:30:32.021909,UK,Russia,50923.15,GBP,RTGS,34.23,Low,False,Yes
TX-102898,2024-04-14 14:43:29.021909,South Africa,Japan,64351.83,ZAR,Wire,21.27,Low,False,Yes
TX-102899,2025-01-23 17:02:56.021909,Spain,USA,39484.35,EUR,Wire,60.4,Medium,False,Yes
TX-102900,2024-05-10 04:41:29.021909,Japan,Japan,46870.96,JPY,SWIFT,95.46,High,True,Yes
TX-102901,2025-03-05 05:10:34.021909,Germany,Canada,90635.95,EUR,RTGS,35.98,Low,False,Yes
TX-102902,2024-12-12 01:52:09.021909,Canada,UK,93077.33,CAD,Wire,88.32,High,True,Yes
TX-102903,2024-12-27 21:32:50.021909,Germany,India,89551.86,EUR,SWIFT,14.88,Low,False,Yes
TX-102904,2024-12-15 08:31:37.021909,South Africa,Canada,13923.25,ZAR,SWIFT,93.61,High,True,Yes
TX-102905,2024-10-10 20:48:20.021909,UK,Russia,85023.39,GBP,RTGS,35.05,Low,False,Yes
TX-102906,2024-06-17 21:38:27.021909,Germany,Germany,94841.54,EUR,SEPA,37.97,Low,False,Yes
TX-102907,2024-06-03 19:44:30.021909,South Africa,Netherlands,36188.84,ZAR,Wire,46.28,Medium,False,Yes
TX-102908,2024-10-19 16:01:29.021909,Australia,Spain,51912.76,AUD,ACH,71.82,High,True,Yes
TX-102909,2025-03-09 23:19:44.021909,USA,UK,77931.62,USD,Wire,71.97,High,True,Yes
TX-102910,2024-05-02 20:04:43.021909,Spain,Brazil,56251.61,EUR,RTGS,47.96,Medium,False,Yes
TX-102911,2024-05-20 09:45:00.021909,Japan,France,99349.0,JPY,ACH,52.32,Medium,False,Yes
TX-102912,2024-11-15 22:43:44.021909,China,Brazil,45625.77,CNY,RTGS,3.0,Low,False,Yes
TX-102913,2025-01-30 18:54:53.021909,Spain,Australia,71422.88,EUR,SWIFT,30.43,Low,False,Yes
TX-102914,2024-10-20 07:32:32.021909,Australia,South Africa,79279.85,AUD,SEPA,34.6,Low,False,Yes
TX-102915,2024-03-24 03:39:35.021909,South Africa,Japan,49460.63,ZAR,SWIFT,55.87,Medium,False,Yes
TX-102916,2024-10-13 00:34:31.021909,Japan,Australia,85712.68,JPY,SWIFT,55.83,Medium,False,Yes
TX-102917,2024-09-01 23:49:04.023269,UK,Brazil,54660.84,GBP,RTGS,70.99,High,True,Yes
TX-102918,2024-08-02 14:55:27.023269,China,Russia,41223.91,CNY,Wire,71.7,High,True,Yes
TX-102919,2025-01-16 19:22:52.023269,Netherlands,Canada,10871.59,EUR,RTGS,23.52,Low,False,Yes
TX-102920,2025-01-18 17:23:30.023269,Canada,UK,39402.02,CAD,ACH,77.02,High,True,Yes
TX-102921,2024-09-20 18:17:44.023269,Canada,India,73420.25,CAD,ACH,1.96,Low,False,Yes
TX-102922,2024-03-20 20:29:30.023269,France,Spain,92136.51,EUR,RTGS,71.62,High,True,Yes
TX-102923,2024-10-21 05:46:18.023269,Italy,Spain,25242.77,EUR,ACH,10.21,Low,False,Yes
TX-102924,2024-03-17 18:37:33.023269,Brazil,Russia,35588.03,BRL,RTGS,72.96,High,True,Yes
TX-102925,2024-09-11 11:11:05.023269,Brazil,UK,15480.7,BRL,SEPA,52.71,Medium,False,Yes
TX-102926,2024-03-25 14:46:22.023269,Australia,Canada,69103.22,AUD,SWIFT,43.73,Medium,False,Yes
TX-102927,2025-01-02 18:14:50.023269,Japan,Russia,96022.82,JPY,SWIFT,69.07,Medium,False,Yes
TX-102928,2024-07-18 11:36:49.023269,Italy,Germany,64131.13,EUR,RTGS,3.64,Low,False,Yes
TX-102929,2024-12-25 08:55:59.023269,South Africa,Australia,61745.95,ZAR,ACH,22.35,Low,False,Yes
TX-102930,2024-08-09 15:54:10.023269,Italy,Italy,55393.64,EUR,ACH,61.64,Medium,False,Yes
TX-102931,2024-04-01 18:59:21.023269,Russia,South Africa,8936.73,RUB,SWIFT,84.72,High,True,Yes
TX-102932,2024-05-02 20:14:25.023269,China,South Africa,72977.43,CNY,ACH,38.11,Low,False,Yes
TX-102933,2024-09-20 00:22:02.023269,Canada,USA,60244.75,CAD,ACH,25.88,Low,False,Yes
TX-102934,2024-04-03 06:25:17.023269,UK,Germany,66181.53,GBP,SEPA,51.87,Medium,False,Yes
TX-102935,2025-01-14 17:09:40.023269,Spain,Russia,89891.23,EUR,Wire,62.23,Medium,False,Yes
TX-102936,2024-04-25 14:22:07.023269,India,South Africa,78417.68,INR,ACH,42.01,Medium,False,Yes
TX-102937,2024-07-27 12:08:36.023269,Canada,Australia,78113.43,CAD,SEPA,87.67,High,True,Yes
TX-102938,2024-12-19 17:48:33.023269,Australia,Spain,92725.66,AUD,Wire,52.34,Medium,False,Yes
TX-102939,2024-05-22 11:44:50.023269,Australia,France,98994.5,AUD,SEPA,3.58,Low,False,Yes
TX-102940,2024-10-24 15:57:15.023269,India,Japan,58170.14,INR,RTGS,22.31,Low,False,Yes
TX-102941,2024-11-27 12:18:47.023269,Japan,UK,10977.27,JPY,RTGS,45.06,Medium,False,Yes
TX-102942,2025-02-25 17:12:32.023269,Spain,Canada,45967.08,EUR,SEPA,69.77,Medium,False,Yes
TX-102943,2024-11-08 17:34:36.023269,UK,France,78781.35,GBP,SWIFT,21.98,Low,False,Yes
TX-102944,2024-05-25 17:45:54.023269,Netherlands,Spain,2869.76,EUR,SWIFT,97.63,High,True,Yes
TX-102945,2024-10-03 13:16:46.023269,Russia,Brazil,5783.06,RUB,Wire,31.86,Low,False,Yes
TX-102946,2024-06-10 22:35:37.023269,South Africa,South Africa,6809.06,ZAR,Wire,53.25,Medium,False,Yes
TX-102947,2024-06-26 13:20:56.023269,Japan,Italy,73130.47,JPY,SEPA,1.9,Low,False,Yes
TX-102948,2024-06-19 17:57:56.023269,India,Spain,50166.55,INR,Wire,88.49,High,True,Yes
TX-102949,2025-03-09 03:03:59.023269,China,India,36952.9,CNY,SWIFT,78.88,High,True,Yes
TX-102950,2024-04-18 17:27:12.023269,UK,India,10651.14,GBP,SWIFT,19.55,Low,False,Yes
TX-102951,2024-10-31 23:01:06.023269,South Africa,Germany,73250.8,ZAR,RTGS,93.32,High,True,Yes
TX-102952,2024-07-13 05:39:16.023269,UK,UK,32169.88,GBP,ACH,31.58,Low,False,Yes
TX-102953,2024-08-19 15:29:17.023269,Italy,South Africa,26605.87,EUR,SWIFT,69.22,Medium,False,Yes
TX-102954,2024-11-18 05:31:39.023269,Japan,South Africa,65266.69,JPY,RTGS,81.9,High,True,Yes
TX-102955,2025-02-11 23:01:23.023269,Netherlands,Japan,55945.19,EUR,ACH,74.09,High,True,Yes
TX-102956,2024-08-25 01:20:36.023269,Russia,Italy,36304.82,RUB,ACH,91.76,High,True,Yes
TX-102957,2024-07-11 22:39:49.023269,USA,South Africa,64184.6,USD,SEPA,86.43,High,True,Yes
TX-102958,2024-11-29 21:55:38.023269,Russia,Germany,27195.03,RUB,Wire,99.46,High,True,Yes
TX-102959,2024-09-04 20:57:13.023269,Canada,UK,79503.54,CAD,SWIFT,18.26,Low,False,Yes
TX-102960,2024-07-30 05:19:52.023269,Japan,South Africa,23008.96,JPY,RTGS,30.48,Low,False,Yes
TX-102961,2024-11-08 05:23:19.023269,UK,Italy,15967.89,GBP,ACH,63.62,Medium,False,Yes
TX-102962,2025-03-16 14:24:05.023269,France,Italy,78265.7,EUR,SWIFT,73.3,High,True,Yes
TX-102963,2024-03-28 11:15:54.023269,UK,Netherlands,70818.41,GBP,RTGS,53.46,Medium,False,Yes
TX-102964,2024-10-12 23:29:46.023269,UK,Italy,18345.63,GBP,Wire,7.39,Low,False,Yes
TX-102965,2024-06-23 02:44:19.023269,Spain,Netherlands,11712.95,EUR,ACH,84.16,High,True,Yes
TX-102966,2024-04-07 20:43:20.023269,Netherlands,Australia,83856.07,EUR,Wire,96.09,High,True,Yes
TX-102967,2024-09-05 08:56:05.023269,Brazil,Russia,77682.19,BRL,SWIFT,40.55,Medium,False,Yes
TX-102968,2024-07-29 06:16:31.023269,Germany,Japan,32793.01,EUR,SWIFT,22.48,Low,False,Yes
TX-102969,2024-09-18 04:00:59.023269,Spain,South Africa,65853.92,EUR,ACH,1.93,Low,False,Yes
TX-102970,2024-05-10 23:41:40.023269,Japan,India,12503.6,JPY,SWIFT,23.73,Low,False,Yes
TX-102971,2024-08-31 12:38:26.023269,Netherlands,Spain,50754.06,EUR,SEPA,69.99,Medium,False,Yes
TX-102972,2024-10-27 13:25:45.023269,France,USA,1971.16,EUR,SEPA,91.16,High,True,Yes
TX-102973,2024-07-13 19:17:43.023269,Russia,Australia,39221.03,RUB,ACH,9.35,Low,False,Yes
TX-102974,2024-12-07 11:47:18.023269,Canada,UK,7576.8,CAD,SEPA,55.33,Medium,False,Yes
TX-102975,2024-10-18 01:43:55.023269,France,South Africa,47567.2,EUR,SEPA,69.55,Medium,False,Yes
TX-102976,2025-02-10 13:19:09.023269,Germany,USA,42226.0,EUR,RTGS,27.64,Low,False,Yes
TX-102977,2024-12-12 16:01:07.023269,India,Brazil,44494.06,INR,SWIFT,56.99,Medium,False,Yes
TX-102978,2024-07-17 23:07:01.023269,Japan,South Africa,4628.6,JPY,SEPA,71.52,High,True,Yes
TX-102979,2025-02-19 09:02:40.023269,France,Japan,36225.47,EUR,SEPA,83.77,High,True,Yes
TX-102980,2025-02-28 14:13:09.023269,UK,Canada,75672.74,GBP,RTGS,45.25,Medium,False,Yes
TX-102981,2024-04-20 19:02:04.023269,India,Canada,36954.55,INR,RTGS,74.79,High,True,Yes
TX-102982,2024-07-06 01:47:56.023269,France,Spain,71545.68,EUR,ACH,30.18,Low,False,Yes
TX-102983,2024-06-02 13:08:09.023269,China,Spain,37010.92,CNY,SWIFT,21.3,Low,False,Yes
TX-102984,2024-05-22 18:17:18.023269,Japan,Italy,42381.62,JPY,Wire,18.73,Low,False,Yes
TX-102985,2024-03-24 21:26:53.023269,Canada,South Africa,56432.82,CAD,RTGS,35.89,Low,False,Yes
TX-102986,2024-07-16 18:07:54.023269,Japan,UK,95073.13,JPY,Wire,3.59,Low,False,Yes
TX-102987,2024-09-08 03:36:57.023269,India,Italy,10975.16,INR,Wire,28.3,Low,False,Yes
TX-102988,2024-06-10 14:40:19.023269,UK,USA,3388.09,GBP,Wire,65.22,Medium,False,Yes
TX-102989,2024-07-31 07:38:37.023269,China,Italy,60834.92,CNY,RTGS,64.79,Medium,False,Yes
TX-102990,2024-04-02 02:22:43.023269,China,South Africa,94914.8,CNY,Wire,7.36,Low,False,Yes
TX-102991,2024-09-28 06:24:22.023269,UK,USA,98973.34,GBP,Wire,28.74,Low,False,Yes
TX-102992,2024-03-26 06:29:54.023269,UK,India,48468.01,GBP,ACH,56.96,Medium,False,Yes
TX-102993,2025-02-14 07:29:55.023269,India,Netherlands,46861.35,INR,Wire,31.86,Low,False,Yes
TX-102994,2025-02-07 10:32:21.023269,China,India,64531.88,CNY,ACH,41.8,Medium,False,Yes
TX-102995,2025-02-07 06:36:56.023269,Brazil,UK,55607.91,BRL,SEPA,71.28,High,True,Yes
TX-102996,2024-12-20 04:06:22.023269,Netherlands,Netherlands,63445.4,EUR,SEPA,0.93,Low,False,Yes
TX-102997,2024-07-07 19:44:11.023269,China,China,87412.54,CNY,RTGS,27.64,Low,False,Yes
TX-102998,2024-03-18 01:30:24.023269,Spain,USA,74655.99,EUR,SWIFT,14.24,Low,False,Yes
TX-102999,2024-10-10 18:29:40.024284,Russia,India,49738.05,RUB,Wire,12.76,Low,False,Yes
TX-103000,2024-10-03 06:14:54.024284,Netherlands,Brazil,46240.26,EUR,Wire,95.9,High,True,Yes
TX-103001,2025-01-16 23:04:02.024284,China,South Africa,63996.21,CNY,ACH,37.66,Low,False,Yes
TX-103002,2024-08-18 08:06:44.024284,USA,India,45625.06,USD,SWIFT,52.71,Medium,False,Yes
TX-103003,2025-02-14 10:46:55.024284,Russia,Netherlands,45832.16,RUB,SWIFT,73.38,High,True,Yes
TX-103004,2024-12-20 19:47:29.024284,Russia,Japan,1728.96,RUB,SEPA,4.74,Low,False,Yes
TX-103005,2024-07-29 13:56:37.024284,USA,France,17489.01,USD,ACH,24.1,Low,False,Yes
TX-103006,2024-04-11 02:26:00.024284,Canada,Italy,48902.51,CAD,Wire,83.21,High,True,Yes
TX-103007,2024-09-23 09:50:09.024284,USA,Italy,82283.08,USD,ACH,86.2,High,True,Yes
TX-103008,2025-02-14 05:55:14.024284,India,Netherlands,27944.83,INR,SEPA,37.3,Low,False,Yes
TX-103009,2024-08-09 23:33:54.024284,South Africa,India,52312.08,ZAR,Wire,37.49,Low,False,Yes
TX-103010,2025-01-29 20:55:53.024284,China,Brazil,34561.71,CNY,ACH,75.69,High,True,Yes
TX-103011,2024-05-12 04:44:54.024284,France,Japan,10569.92,EUR,Wire,29.51,Low,False,Yes
TX-103012,2024-07-06 07:09:35.024284,India,Russia,95834.02,INR,Wire,11.71,Low,False,Yes
TX-103013,2024-11-04 14:13:26.024284,Germany,France,85481.92,EUR,ACH,25.75,Low,False,Yes
TX-103014,2024-10-23 08:23:35.024284,South Africa,Brazil,7941.39,ZAR,SWIFT,38.73,Low,False,Yes
TX-103015,2024-05-24 14:44:36.024284,China,Brazil,72006.75,CNY,ACH,5.22,Low,False,Yes
TX-103016,2024-11-20 21:43:36.024284,Italy,Spain,34823.23,EUR,SEPA,47.87,Medium,False,Yes
TX-103017,2025-02-03 13:56:06.024284,China,Netherlands,99485.5,CNY,SWIFT,74.0,High,True,Yes
TX-103018,2024-12-22 00:42:53.024284,India,Spain,30309.61,INR,Wire,51.37,Medium,False,Yes
TX-103019,2024-06-19 10:53:39.024284,USA,USA,23949.97,USD,Wire,7.19,Low,False,Yes
TX-103020,2024-09-30 05:16:47.024284,Australia,Russia,56832.27,AUD,SEPA,44.01,Medium,False,Yes
TX-103021,2024-08-12 10:17:00.024284,Netherlands,France,83529.1,EUR,SWIFT,70.89,High,True,Yes
TX-103022,2025-02-18 15:19:20.024284,India,Netherlands,19332.64,INR,Wire,5.81,Low,False,Yes
TX-103023,2024-05-22 15:38:24.024284,Japan,Japan,70969.34,JPY,Wire,5.98,Low,False,Yes
TX-103024,2025-01-12 11:09:09.024284,France,China,6234.52,EUR,Wire,37.06,Low,False,Yes
TX-103025,2025-01-30 11:16:02.024284,India,Netherlands,91901.58,INR,SWIFT,19.5,Low,False,Yes
TX-103026,2024-07-09 11:01:05.024284,France,UK,8199.38,EUR,SEPA,93.48,High,True,Yes
TX-103027,2024-08-10 18:18:53.024284,Australia,Brazil,91431.71,AUD,RTGS,58.13,Medium,False,Yes
TX-103028,2025-01-20 02:43:12.024284,Germany,Italy,49131.64,EUR,RTGS,28.73,Low,False,Yes
TX-103029,2024-11-10 00:00:52.024284,South Africa,Australia,44864.3,ZAR,ACH,70.48,High,True,Yes
TX-103030,2024-05-01 12:38:42.024284,South Africa,India,97333.38,ZAR,ACH,37.49,Low,False,Yes
TX-103031,2024-10-19 03:46:23.024284,India,Germany,99039.38,INR,Wire,13.21,Low,False,Yes
TX-103032,2024-09-25 21:36:25.024284,Italy,Netherlands,65052.79,EUR,RTGS,23.72,Low,False,Yes
TX-103033,2024-10-17 08:43:41.024284,France,Japan,12799.22,EUR,SEPA,64.27,Medium,False,Yes
TX-103034,2024-12-17 07:08:34.024284,Australia,China,50666.39,AUD,Wire,5.19,Low,False,Yes
TX-103035,2024-10-23 14:52:55.024284,Canada,South Africa,52963.39,CAD,SWIFT,27.27,Low,False,Yes
TX-103036,2024-04-14 04:28:10.024284,Brazil,China,51493.2,BRL,SWIFT,20.83,Low,False,Yes
TX-103037,2024-11-25 06:18:12.024284,USA,India,56992.23,USD,Wire,20.11,Low,False,Yes
TX-103038,2024-09-10 07:24:59.024284,UK,Australia,1970.6,GBP,SEPA,68.28,Medium,False,Yes
TX-103039,2024-06-23 19:37:44.024284,Australia,Brazil,71151.61,AUD,SEPA,82.58,High,True,Yes
TX-103040,2024-07-22 11:31:21.024284,Italy,Spain,71268.19,EUR,Wire,71.59,High,True,Yes
TX-103041,2024-08-31 21:02:46.024284,Australia,Netherlands,11635.43,AUD,Wire,64.57,Medium,False,Yes
TX-103042,2025-01-05 14:24:36.024284,Australia,South Africa,57066.92,AUD,SEPA,91.65,High,True,Yes
TX-103043,2025-02-23 03:25:22.024284,Germany,South Africa,56879.28,EUR,SEPA,5.84,Low,False,Yes
TX-103044,2025-01-20 19:55:40.024284,Spain,India,68276.8,EUR,SEPA,16.75,Low,False,Yes
TX-103045,2024-04-02 04:16:22.024284,China,Italy,8631.23,CNY,SEPA,41.44,Medium,False,Yes
TX-103046,2024-09-06 08:41:56.024284,UK,South Africa,62687.68,GBP,SWIFT,37.25,Low,False,Yes
TX-103047,2025-02-08 09:27:46.024284,Spain,Germany,28147.12,EUR,Wire,41.81,Medium,False,Yes
TX-103048,2024-10-16 16:33:04.024284,Russia,Netherlands,50749.6,RUB,RTGS,20.65,Low,False,Yes
TX-103049,2024-11-03 23:44:59.024284,Brazil,France,77355.02,BRL,Wire,14.95,Low,False,Yes
TX-103050,2024-05-21 00:11:24.024284,Spain,Canada,70594.03,EUR,Wire,50.92,Medium,False,Yes
TX-103051,2024-08-14 20:29:13.024284,Brazil,USA,11978.41,BRL,ACH,92.81,High,True,Yes
TX-103052,2024-05-20 08:38:21.024284,Russia,Japan,59159.36,RUB,ACH,39.2,Low,False,Yes
TX-103053,2025-03-14 16:08:38.024284,Spain,Spain,96914.74,EUR,SEPA,4.34,Low,False,Yes
TX-103054,2024-08-21 21:53:55.024284,Italy,Italy,15761.27,EUR,SWIFT,70.62,High,True,Yes
TX-103055,2024-08-09 17:25:17.024284,UK,Brazil,85305.42,GBP,ACH,29.11,Low,False,Yes
TX-103056,2024-10-28 15:03:23.024284,South Africa,Brazil,70284.55,ZAR,Wire,24.51,Low,False,Yes
TX-103057,2025-01-23 21:42:21.024284,Spain,Brazil,77422.93,EUR,ACH,32.43,Low,False,Yes
TX-103058,2025-02-26 21:40:35.024284,Japan,Netherlands,28267.64,JPY,SWIFT,72.38,High,True,Yes
TX-103059,2024-06-13 09:11:49.024284,Japan,UK,28860.1,JPY,SWIFT,81.88,High,True,Yes
TX-103060,2024-08-31 20:30:08.024284,Canada,Japan,90611.34,CAD,SEPA,58.81,Medium,False,Yes
TX-103061,2024-07-29 16:03:36.024284,Spain,Japan,36047.22,EUR,Wire,32.25,Low,False,Yes
TX-103062,2025-02-19 23:54:23.024284,Germany,France,6395.24,EUR,Wire,31.05,Low,False,Yes
TX-103063,2024-11-17 01:27:47.024284,Australia,Germany,60099.61,AUD,RTGS,12.43,Low,False,Yes
TX-103064,2025-01-24 03:04:37.024284,Canada,Canada,12569.29,CAD,SEPA,93.33,High,True,Yes
TX-103065,2024-04-07 02:52:48.024284,France,Japan,79679.96,EUR,RTGS,63.81,Medium,False,Yes
TX-103066,2025-01-06 16:21:42.024284,Australia,Japan,64210.47,AUD,SEPA,2.7,Low,False,Yes
TX-103067,2025-01-12 13:49:39.024284,Germany,France,87485.18,EUR,SWIFT,66.24,Medium,False,Yes
TX-103068,2024-09-09 19:50:21.024284,UK,Japan,78505.24,GBP,Wire,44.72,Medium,False,Yes
TX-103069,2024-08-12 04:52:27.024284,Canada,Spain,11300.15,CAD,ACH,97.26,High,True,Yes
TX-103070,2024-11-17 17:38:35.025285,USA,South Africa,38168.96,USD,ACH,81.91,High,True,Yes
TX-103071,2024-06-17 12:14:58.025285,France,India,77478.57,EUR,Wire,17.13,Low,False,Yes
TX-103072,2024-04-11 08:50:40.025285,Italy,UK,41792.41,EUR,RTGS,72.01,High,True,Yes
TX-103073,2025-01-08 06:03:11.025285,Russia,USA,97239.31,RUB,ACH,48.56,Medium,False,Yes
TX-103074,2024-04-23 16:00:44.025285,China,USA,73600.47,CNY,SEPA,18.7,Low,False,Yes
TX-103075,2024-05-31 14:59:00.025285,Italy,Netherlands,1648.44,EUR,SEPA,69.87,Medium,False,Yes
TX-103076,2025-02-02 00:03:26.025285,Germany,South Africa,88010.57,EUR,RTGS,54.74,Medium,False,Yes
TX-103077,2024-11-30 17:19:25.025285,Russia,Japan,10170.4,RUB,SWIFT,3.04,Low,False,Yes
TX-103078,2025-03-07 14:51:51.025285,Netherlands,China,14138.32,EUR,ACH,64.66,Medium,False,Yes
TX-103079,2024-08-16 11:32:09.025285,UK,France,73475.79,GBP,ACH,63.5,Medium,False,Yes
TX-103080,2024-08-10 08:13:14.025285,Russia,Germany,86510.36,RUB,RTGS,14.41,Low,False,Yes
TX-103081,2025-02-24 09:19:15.025285,Spain,Russia,53681.33,EUR,RTGS,34.9,Low,False,Yes
TX-103082,2024-04-20 22:00:42.025285,Netherlands,South Africa,28976.07,EUR,SWIFT,58.59,Medium,False,Yes
TX-103083,2024-08-17 06:06:11.025285,China,France,35196.42,CNY,ACH,13.88,Low,False,Yes
TX-103084,2024-07-21 15:30:16.025285,Brazil,Brazil,34354.64,BRL,ACH,85.27,High,True,Yes
TX-103085,2025-02-25 00:15:50.025285,Spain,Italy,32735.14,EUR,SEPA,2.75,Low,False,Yes
TX-103086,2024-10-29 10:01:39.025285,Germany,Japan,24366.68,EUR,SWIFT,10.28,Low,False,Yes
TX-103087,2024-10-14 07:24:47.025285,South Africa,Canada,60925.82,ZAR,RTGS,11.61,Low,False,Yes
TX-103088,2024-04-01 17:48:12.025285,UK,Brazil,90050.49,GBP,SEPA,52.81,Medium,False,Yes
TX-103089,2025-02-09 03:36:07.025285,Australia,USA,30777.53,AUD,ACH,62.01,Medium,False,Yes
TX-103090,2024-04-28 02:08:07.025285,Japan,Russia,18750.76,JPY,SEPA,40.37,Medium,False,Yes
TX-103091,2025-02-15 22:30:42.025285,Australia,Spain,83873.91,AUD,ACH,28.87,Low,False,Yes
TX-103092,2025-03-11 16:10:05.025285,Australia,France,74204.15,AUD,ACH,80.93,High,True,Yes
TX-103093,2024-04-20 14:28:51.025285,Netherlands,India,93090.62,EUR,SWIFT,6.83,Low,False,Yes
TX-103094,2024-05-01 03:02:04.025285,France,Japan,16635.42,EUR,SEPA,28.03,Low,False,Yes
TX-103095,2024-04-07 11:33:52.025285,Australia,Spain,14510.71,AUD,RTGS,3.91,Low,False,Yes
TX-103096,2024-05-25 19:41:58.025285,USA,Canada,54188.8,USD,SEPA,1.39,Low,False,Yes
TX-103097,2025-03-12 17:28:54.025285,Canada,USA,61481.92,CAD,ACH,35.34,Low,False,Yes
TX-103098,2024-04-25 14:01:41.025285,Italy,South Africa,48069.33,EUR,SEPA,19.48,Low,False,Yes
TX-103099,2024-03-27 04:59:48.025285,Japan,India,59936.77,JPY,Wire,26.84,Low,False,Yes
TX-103100,2024-11-16 08:11:06.025285,Australia,Canada,18119.94,AUD,RTGS,82.09,High,True,Yes
TX-103101,2025-02-09 05:32:53.025285,Germany,Australia,48013.41,EUR,ACH,16.3,Low,False,Yes
TX-103102,2024-03-31 15:54:18.025285,Germany,France,65843.45,EUR,SWIFT,78.02,High,True,Yes
TX-103103,2024-09-24 10:17:50.025285,China,China,43327.37,CNY,ACH,67.51,Medium,False,Yes
TX-103104,2024-03-26 04:35:59.025285,Spain,Brazil,67976.79,EUR,ACH,32.64,Low,False,Yes
TX-103105,2024-08-18 08:04:58.025285,USA,USA,45174.01,USD,SEPA,54.66,Medium,False,Yes
TX-103106,2024-10-12 12:16:53.025285,USA,Australia,33426.6,USD,SEPA,44.44,Medium,False,Yes
TX-103107,2024-06-23 17:25:51.025285,France,Spain,30430.14,EUR,RTGS,12.84,Low,False,Yes
TX-103108,2025-01-19 09:07:55.025285,Australia,Germany,41149.12,AUD,SWIFT,90.72,High,True,Yes
TX-103109,2024-11-18 16:41:15.025285,China,South Africa,2406.65,CNY,Wire,56.96,Medium,False,Yes
TX-103110,2024-12-18 02:35:33.025285,Netherlands,Brazil,66885.66,EUR,ACH,88.02,High,True,Yes
TX-103111,2024-08-10 14:41:25.025285,Russia,China,84526.05,RUB,RTGS,82.38,High,True,Yes
TX-103112,2024-11-30 01:53:07.025285,India,China,35527.25,INR,SWIFT,7.98,Low,False,Yes
TX-103113,2024-03-29 17:09:36.025285,India,Brazil,4698.71,INR,RTGS,20.73,Low,False,Yes
TX-103114,2024-07-03 20:07:12.025285,Australia,Netherlands,98678.88,AUD,ACH,14.53,Low,False,Yes
TX-103115,2024-09-21 15:46:49.025285,France,India,26443.46,EUR,RTGS,83.08,High,True,Yes
TX-103116,2024-09-23 17:51:16.025285,Japan,India,12749.45,JPY,SWIFT,86.24,High,True,Yes
TX-103117,2024-11-28 11:14:55.025285,USA,Japan,37038.28,USD,RTGS,52.8,Medium,False,Yes
TX-103118,2024-07-12 08:20:01.025285,Russia,Russia,73881.85,RUB,SWIFT,10.42,Low,False,Yes
TX-103119,2024-06-23 19:01:55.025285,Canada,China,29462.27,CAD,SWIFT,13.56,Low,False,Yes
TX-103120,2025-01-09 05:22:59.025285,Italy,Germany,57512.85,EUR,SEPA,81.35,High,True,Yes
TX-103121,2024-08-27 19:21:23.025285,UK,Spain,41614.44,GBP,Wire,92.92,High,True,Yes
TX-103122,2024-12-09 20:27:55.025285,Netherlands,France,11864.62,EUR,SEPA,19.95,Low,False,Yes
TX-103123,2024-05-30 07:32:50.025285,France,France,33095.67,EUR,Wire,1.11,Low,False,Yes
TX-103124,2024-05-29 00:55:09.025285,Brazil,India,72514.56,BRL,RTGS,33.1,Low,False,Yes
TX-103125,2024-07-25 00:48:30.025285,Spain,South Africa,61239.19,EUR,RTGS,3.05,Low,False,Yes
TX-103126,2024-05-15 20:31:57.025285,South Africa,Russia,12065.86,ZAR,Wire,82.8,High,True,Yes
TX-103127,2024-06-28 08:12:22.025285,Italy,Brazil,16415.91,EUR,RTGS,49.15,Medium,False,Yes
TX-103128,2025-02-20 20:38:21.025285,Spain,China,64109.26,EUR,Wire,64.19,Medium,False,Yes
TX-103129,2024-08-21 04:03:00.025285,USA,India,81360.2,USD,RTGS,41.15,Medium,False,Yes
TX-103130,2024-09-12 15:39:09.025285,Italy,UK,35012.5,EUR,Wire,34.55,Low,False,Yes
TX-103131,2024-10-25 22:02:39.025285,USA,Brazil,59571.54,USD,ACH,22.22,Low,False,Yes
TX-103132,2024-12-28 17:52:24.025285,China,Italy,17147.29,CNY,RTGS,77.05,High,True,Yes
TX-103133,2024-12-17 16:32:18.025285,Japan,Japan,31206.5,JPY,SWIFT,69.55,Medium,False,Yes
TX-103134,2024-09-16 04:20:07.025285,Germany,Brazil,2124.99,EUR,SWIFT,36.07,Low,False,Yes
TX-103135,2024-07-24 16:37:07.025285,Spain,Germany,76850.77,EUR,ACH,32.11,Low,False,Yes
TX-103136,2024-07-17 13:03:09.025285,Japan,Canada,40160.88,JPY,SEPA,0.12,Low,False,Yes
TX-103137,2024-10-22 16:04:32.025285,France,Spain,81630.94,EUR,Wire,6.36,Low,False,Yes
TX-103138,2024-05-26 13:17:29.025285,Canada,Japan,70866.46,CAD,ACH,62.33,Medium,False,Yes
TX-103139,2024-09-19 04:01:13.025285,Italy,China,82891.55,EUR,ACH,51.46,Medium,False,Yes
TX-103140,2024-06-07 00:44:33.025285,Japan,Germany,28637.3,JPY,RTGS,43.48,Medium,False,Yes
TX-103141,2025-02-19 22:55:34.025285,Australia,Russia,18592.36,AUD,SEPA,82.75,High,True,Yes
TX-103142,2025-02-05 11:22:33.026286,South Africa,South Africa,97193.38,ZAR,RTGS,50.39,Medium,False,Yes
TX-103143,2024-10-17 02:50:10.026286,Japan,Spain,71761.05,JPY,SEPA,38.45,Low,False,Yes
TX-103144,2025-01-28 16:56:22.026286,France,Australia,83420.82,EUR,SWIFT,16.13,Low,False,Yes
TX-103145,2024-10-19 10:55:11.026286,Russia,Canada,1412.02,RUB,RTGS,82.07,High,True,Yes
TX-103146,2025-02-04 08:32:53.026286,China,UK,35510.72,CNY,ACH,57.62,Medium,False,Yes
TX-103147,2024-10-19 16:10:58.026286,India,Brazil,74307.39,INR,SEPA,9.25,Low,False,Yes
TX-103148,2024-04-20 19:49:08.026286,China,Italy,7890.49,CNY,Wire,64.89,Medium,False,Yes
TX-103149,2025-03-10 00:25:29.026286,Canada,Russia,56777.26,CAD,SWIFT,42.51,Medium,False,Yes
TX-103150,2025-01-16 14:50:30.026286,UK,Italy,42964.37,GBP,SEPA,81.14,High,True,Yes
TX-103151,2024-07-05 21:30:54.026286,Canada,Canada,1859.89,CAD,SWIFT,91.89,High,True,Yes
TX-103152,2024-09-11 21:19:42.026286,Italy,Canada,23673.96,EUR,SWIFT,60.05,Medium,False,Yes
TX-103153,2024-10-13 12:43:46.026286,Spain,USA,28550.72,EUR,Wire,73.16,High,True,Yes
TX-103154,2024-06-05 14:22:18.026286,South Africa,Italy,11274.81,ZAR,RTGS,5.66,Low,False,Yes
TX-103155,2024-06-07 16:12:00.026286,Spain,Netherlands,63190.54,EUR,Wire,56.03,Medium,False,Yes
TX-103156,2024-12-14 23:38:13.026286,Japan,UK,24315.55,JPY,SEPA,75.53,High,True,Yes
TX-103157,2024-09-06 01:09:01.026286,Spain,Australia,27834.19,EUR,SWIFT,49.68,Medium,False,Yes
TX-103158,2024-08-19 14:22:40.026286,South Africa,Germany,89834.04,ZAR,Wire,59.36,Medium,False,Yes
TX-103159,2024-04-20 11:49:30.026286,UK,Australia,46765.6,GBP,ACH,89.89,High,True,Yes
TX-103160,2024-03-23 09:56:14.026286,Germany,Canada,39273.6,EUR,SWIFT,19.81,Low,False,Yes
TX-103161,2024-10-18 09:28:35.026286,China,Spain,72414.72,CNY,SEPA,9.82,Low,False,Yes
TX-103162,2024-07-21 07:05:35.026286,Japan,India,90970.42,JPY,ACH,69.06,Medium,False,Yes
TX-103163,2025-02-17 09:35:16.026286,Italy,Japan,2601.13,EUR,SWIFT,82.28,High,True,Yes
TX-103164,2024-08-16 12:54:09.026286,Japan,Italy,44879.06,JPY,RTGS,85.05,High,True,Yes
TX-103165,2024-04-12 04:05:57.026286,USA,China,61117.06,USD,Wire,64.16,Medium,False,Yes
TX-103166,2024-07-10 11:55:16.026286,USA,Japan,31924.45,USD,SWIFT,83.32,High,True,Yes
TX-103167,2024-12-25 19:28:49.026286,USA,Japan,77263.53,USD,Wire,70.07,High,True,Yes
TX-103168,2024-08-30 06:53:23.026286,UK,South Africa,97150.56,GBP,Wire,8.74,Low,False,Yes
TX-103169,2024-06-02 22:16:57.026286,Brazil,Italy,94348.39,BRL,Wire,76.2,High,True,Yes
TX-103170,2024-06-14 21:36:28.026286,Spain,Russia,26671.66,EUR,ACH,17.94,Low,False,Yes
TX-103171,2024-09-16 17:07:45.026286,South Africa,France,22711.19,ZAR,Wire,23.66,Low,False,Yes
TX-103172,2025-02-07 22:04:09.026286,Australia,China,95753.3,AUD,SWIFT,39.47,Low,False,Yes
TX-103173,2024-12-18 06:17:58.026286,Japan,Australia,45916.99,JPY,SWIFT,31.46,Low,False,Yes
TX-103174,2024-10-27 06:28:12.026286,Australia,India,20908.94,AUD,Wire,32.17,Low,False,Yes
TX-103175,2024-05-14 19:59:43.026286,UK,Italy,70729.0,GBP,Wire,16.93,Low,False,Yes
TX-103176,2024-07-03 16:30:59.026286,China,Australia,28513.59,CNY,ACH,29.39,Low,False,Yes
TX-103177,2024-09-24 14:53:18.026286,Netherlands,Brazil,26797.97,EUR,SEPA,1.97,Low,False,Yes
TX-103178,2024-09-29 04:00:09.026286,Japan,Netherlands,87936.98,JPY,Wire,47.29,Medium,False,Yes
TX-103179,2024-11-18 11:44:19.026286,UK,Australia,16331.67,GBP,SEPA,76.86,High,True,Yes
TX-103180,2024-06-29 05:54:09.026286,Spain,Brazil,6532.86,EUR,ACH,86.22,High,True,Yes
TX-103181,2024-11-02 12:30:37.026286,Netherlands,Italy,26991.73,EUR,SEPA,82.04,High,True,Yes
TX-103182,2024-09-05 10:50:37.026286,China,Russia,60733.85,CNY,Wire,41.65,Medium,False,Yes
TX-103183,2024-04-27 11:20:17.026286,Spain,UK,12396.48,EUR,RTGS,73.04,High,True,Yes
TX-103184,2025-01-09 12:26:00.026286,UK,UK,47212.31,GBP,ACH,28.79,Low,False,Yes
TX-103185,2024-05-19 11:31:22.027284,Italy,Japan,62770.98,EUR,ACH,5.56,Low,False,Yes
TX-103186,2024-08-28 22:00:47.027284,China,UK,84888.83,CNY,SEPA,67.6,Medium,False,Yes
TX-103187,2024-09-19 20:25:09.027284,Brazil,Australia,23063.97,BRL,ACH,64.88,Medium,False,Yes
TX-103188,2024-10-11 19:00:38.027284,Russia,Brazil,81752.9,RUB,SWIFT,80.16,High,True,Yes
TX-103189,2024-05-03 19:48:22.027284,France,Australia,23567.14,EUR,ACH,61.61,Medium,False,Yes
TX-103190,2024-03-20 00:58:02.027284,China,UK,67708.98,CNY,SEPA,15.69,Low,False,Yes
TX-103191,2024-09-07 18:12:25.027284,Spain,Brazil,43124.29,EUR,RTGS,85.32,High,True,Yes
TX-103192,2024-07-11 02:55:48.027284,Japan,Japan,11556.66,JPY,RTGS,62.73,Medium,False,Yes
TX-103193,2024-11-25 05:47:15.027284,Russia,Russia,71454.92,RUB,SEPA,80.76,High,True,Yes
TX-103194,2024-06-20 00:13:43.027284,Japan,Japan,21854.49,JPY,RTGS,77.41,High,True,Yes
TX-103195,2024-04-10 05:01:49.027284,Japan,Canada,17744.68,JPY,RTGS,29.79,Low,False,Yes
TX-103196,2025-02-17 18:20:08.027284,Australia,Brazil,35896.46,AUD,Wire,7.46,Low,False,Yes
TX-103197,2024-10-09 11:28:53.027284,Brazil,Germany,65363.7,BRL,SEPA,17.65,Low,False,Yes
TX-103198,2024-06-03 20:02:09.027284,China,Australia,23476.25,CNY,Wire,9.29,Low,False,Yes
TX-103199,2024-12-13 02:09:28.027284,France,Australia,18447.79,EUR,SEPA,24.34,Low,False,Yes
TX-103200,2025-01-03 03:46:37.027284,Australia,USA,1094.37,AUD,ACH,45.95,Medium,False,Yes
TX-103201,2024-12-06 06:39:37.027284,Russia,Brazil,47217.15,RUB,ACH,90.68,High,True,Yes
TX-103202,2024-09-23 05:00:05.027284,USA,UK,42921.69,USD,Wire,87.2,High,True,Yes
TX-103203,2025-03-13 12:43:15.027284,Spain,Japan,23463.39,EUR,ACH,71.86,High,True,Yes
TX-103204,2024-11-27 20:05:24.027284,Spain,Spain,5459.85,EUR,SEPA,2.41,Low,False,Yes
TX-103205,2024-11-13 03:25:27.027284,India,Netherlands,42982.66,INR,SEPA,34.14,Low,False,Yes
TX-103206,2024-04-20 09:10:42.027284,Canada,Canada,78841.69,CAD,RTGS,68.23,Medium,False,Yes
TX-103207,2025-02-13 22:50:07.027284,Italy,China,71556.68,EUR,Wire,12.9,Low,False,Yes
TX-103208,2025-02-28 22:19:52.027284,China,Russia,86093.41,CNY,SEPA,80.11,High,True,Yes
TX-103209,2024-06-07 01:25:01.027284,France,Italy,1057.31,EUR,RTGS,91.46,High,True,Yes
TX-103210,2024-09-24 23:22:11.027284,South Africa,Canada,96645.29,ZAR,RTGS,35.41,Low,False,Yes
TX-103211,2024-04-24 15:05:24.027284,Netherlands,Canada,34207.08,EUR,ACH,70.58,High,True,Yes
TX-103212,2025-02-26 19:49:48.027284,Brazil,Spain,99040.74,BRL,SEPA,14.82,Low,False,Yes
TX-103213,2024-10-11 19:33:31.027284,Russia,China,25336.68,RUB,Wire,69.08,Medium,False,Yes
TX-103214,2024-06-13 18:55:00.027284,Brazil,France,47206.49,BRL,SEPA,2.15,Low,False,Yes
TX-103215,2024-06-18 06:08:59.027284,India,USA,35457.37,INR,Wire,15.08,Low,False,Yes
TX-103216,2024-11-16 19:49:29.027284,USA,Japan,35640.5,USD,SEPA,70.99,High,True,Yes
TX-103217,2024-12-13 17:33:12.027284,China,UK,84243.98,CNY,Wire,71.19,High,True,Yes
TX-103218,2024-07-16 18:17:53.027284,Australia,Canada,74667.25,AUD,SEPA,64.12,Medium,False,Yes
TX-103219,2024-12-15 09:03:50.027284,France,Spain,99215.93,EUR,ACH,47.74,Medium,False,Yes
TX-103220,2024-07-25 00:36:58.027284,India,France,61390.12,INR,RTGS,67.49,Medium,False,Yes
TX-103221,2024-06-09 17:26:37.027284,South Africa,Spain,46379.33,ZAR,Wire,77.38,High,True,Yes
TX-103222,2025-03-02 05:14:20.027284,South Africa,France,9098.38,ZAR,Wire,96.65,High,True,Yes
TX-103223,2024-06-06 00:00:13.027284,China,France,99656.49,CNY,SWIFT,88.86,High,True,Yes
TX-103224,2025-02-04 23:37:30.027284,China,Australia,55197.91,CNY,Wire,79.45,High,True,Yes
TX-103225,2024-04-02 05:04:25.027284,Germany,USA,70077.7,EUR,SEPA,69.48,Medium,False,Yes
TX-103226,2024-06-30 13:47:58.027284,Brazil,South Africa,40733.56,BRL,SEPA,57.42,Medium,False,Yes
TX-103227,2024-10-04 10:22:08.027284,USA,UK,54816.8,USD,ACH,12.06,Low,False,Yes
TX-103228,2024-09-18 07:45:51.027284,China,UK,94263.52,CNY,SWIFT,16.56,Low,False,Yes
TX-103229,2025-03-15 02:57:00.027284,Australia,South Africa,16725.3,AUD,RTGS,82.03,High,True,Yes
TX-103230,2025-01-31 07:29:00.027284,UK,China,29308.02,GBP,SEPA,80.33,High,True,Yes
TX-103231,2024-08-26 04:19:15.027284,Japan,Italy,15290.77,JPY,Wire,61.45,Medium,False,Yes
TX-103232,2024-11-23 01:40:36.027284,India,USA,79242.37,INR,ACH,43.88,Medium,False,Yes
TX-103233,2024-06-21 23:14:53.027284,Brazil,Netherlands,6298.32,BRL,ACH,2.6,Low,False,Yes
TX-103234,2024-06-21 15:49:18.027284,China,Netherlands,8255.0,CNY,RTGS,32.72,Low,False,Yes
TX-103235,2024-07-26 18:57:46.027284,South Africa,France,29919.56,ZAR,SEPA,42.06,Medium,False,Yes
TX-103236,2024-07-20 10:50:32.027284,Russia,Netherlands,51467.4,RUB,SWIFT,48.58,Medium,False,Yes
TX-103237,2024-12-25 01:20:17.027284,Italy,France,40686.85,EUR,RTGS,92.93,High,True,Yes
TX-103238,2024-05-14 18:39:03.027284,UK,Germany,4577.15,GBP,SEPA,10.87,Low,False,Yes
TX-103239,2024-12-25 18:38:08.027284,Russia,UK,95753.41,RUB,Wire,51.89,Medium,False,Yes
TX-103240,2024-06-30 15:29:33.027284,India,Russia,95291.67,INR,Wire,36.79,Low,False,Yes
TX-103241,2024-10-30 23:36:12.027284,Germany,Brazil,28007.7,EUR,SWIFT,99.01,High,True,Yes
TX-103242,2025-01-28 17:18:46.027284,USA,Australia,73179.41,USD,RTGS,86.19,High,True,Yes
TX-103243,2025-01-01 11:38:00.027284,China,USA,57899.68,CNY,Wire,43.88,Medium,False,Yes
TX-103244,2025-03-13 17:01:50.027284,Brazil,Canada,23823.92,BRL,RTGS,99.97,High,True,Yes
TX-103245,2024-05-12 13:13:02.027284,Canada,Japan,26290.94,CAD,SEPA,51.41,Medium,False,Yes
TX-103246,2024-04-04 11:42:15.027284,Germany,Spain,49166.2,EUR,Wire,16.71,Low,False,Yes
TX-103247,2024-11-01 14:35:57.027284,USA,Canada,41981.77,USD,RTGS,55.59,Medium,False,Yes
TX-103248,2024-09-22 07:48:32.027284,Australia,Russia,29193.81,AUD,SWIFT,22.62,Low,False,Yes
TX-103249,2024-06-04 01:07:09.028285,Spain,USA,80770.41,EUR,SEPA,63.63,Medium,False,Yes
TX-103250,2024-09-15 09:20:04.028285,Italy,Italy,48198.15,EUR,ACH,93.74,High,True,Yes
TX-103251,2024-11-22 03:22:08.028285,UK,Australia,65519.32,GBP,RTGS,78.62,High,True,Yes
TX-103252,2024-09-29 03:39:21.028285,Italy,China,19008.42,EUR,SEPA,27.32,Low,False,Yes
TX-103253,2024-05-27 11:44:30.028285,Brazil,France,53397.42,BRL,RTGS,29.69,Low,False,Yes
TX-103254,2024-08-10 13:50:08.028285,Germany,China,31865.81,EUR,Wire,6.93,Low,False,Yes
TX-103255,2024-12-05 02:07:56.028285,Italy,Australia,52688.72,EUR,ACH,28.59,Low,False,Yes
TX-103256,2024-09-26 02:42:28.028285,Japan,Netherlands,78104.5,JPY,RTGS,9.26,Low,False,Yes
TX-103257,2025-01-16 12:15:22.028285,South Africa,Spain,76914.43,ZAR,Wire,49.94,Medium,False,Yes
TX-103258,2025-03-15 10:28:19.028285,China,South Africa,35486.65,CNY,RTGS,70.83,High,True,Yes
TX-103259,2025-02-14 09:13:57.028285,Netherlands,Italy,69458.28,EUR,SEPA,75.12,High,True,Yes
TX-103260,2025-02-11 17:50:08.028285,Australia,Australia,94134.87,AUD,SWIFT,5.95,Low,False,Yes
TX-103261,2024-09-17 15:24:22.028285,Russia,Russia,62604.37,RUB,SEPA,34.0,Low,False,Yes
TX-103262,2024-04-06 02:33:34.028285,Russia,Brazil,14926.17,RUB,ACH,28.82,Low,False,Yes
TX-103263,2025-02-08 14:15:03.028285,Brazil,Russia,68002.89,BRL,SWIFT,10.43,Low,False,Yes
TX-103264,2024-09-15 10:01:59.028285,Brazil,China,10579.95,BRL,Wire,36.25,Low,False,Yes
TX-103265,2024-04-10 12:37:58.028285,USA,UK,87223.83,USD,ACH,29.93,Low,False,Yes
TX-103266,2024-06-08 00:48:37.028285,Brazil,South Africa,51714.38,BRL,RTGS,63.45,Medium,False,Yes
TX-103267,2024-09-18 03:24:13.028285,UK,UK,38575.56,GBP,ACH,88.33,High,True,Yes
TX-103268,2025-01-26 22:45:29.028285,Japan,Japan,5794.96,JPY,SEPA,45.48,Medium,False,Yes
TX-103269,2024-05-17 22:05:56.028285,Germany,India,38140.3,EUR,Wire,74.67,High,True,Yes
TX-103270,2024-04-08 13:30:25.028285,Japan,Australia,90330.35,JPY,SWIFT,14.6,Low,False,Yes
TX-103271,2024-10-14 20:55:00.028285,Spain,South Africa,2196.2,EUR,Wire,89.5,High,True,Yes
TX-103272,2024-04-28 15:15:20.028285,India,Australia,47517.35,INR,SWIFT,15.26,Low,False,Yes
TX-103273,2024-04-17 10:33:58.028285,Australia,India,93122.69,AUD,SEPA,19.21,Low,False,Yes
TX-103274,2024-11-19 03:10:24.028285,Japan,Australia,39544.62,JPY,SEPA,10.65,Low,False,Yes
TX-103275,2024-12-14 23:17:17.028285,Italy,UK,42874.75,EUR,SWIFT,30.97,Low,False,Yes
TX-103276,2024-10-10 14:49:56.028285,Spain,Russia,57898.15,EUR,Wire,55.24,Medium,False,Yes
TX-103277,2024-12-19 23:42:33.028285,UK,Brazil,46347.44,GBP,SEPA,98.8,High,True,Yes
TX-103278,2024-05-12 01:23:41.028285,Australia,Spain,16943.31,AUD,SWIFT,79.34,High,True,Yes
TX-103279,2024-05-13 03:06:58.028285,Netherlands,Canada,1953.7,EUR,SEPA,38.04,Low,False,Yes
TX-103280,2025-01-01 20:50:43.028285,Japan,South Africa,61020.18,JPY,Wire,57.58,Medium,False,Yes
TX-103281,2025-01-19 08:40:35.028285,Spain,China,92088.58,EUR,ACH,62.33,Medium,False,Yes
TX-103282,2024-09-30 23:07:55.028285,Japan,India,10725.78,JPY,SWIFT,82.27,High,True,Yes
TX-103283,2025-01-31 20:21:45.028285,Spain,China,21174.18,EUR,SWIFT,73.65,High,True,Yes
TX-103284,2024-10-22 12:22:42.028285,India,Italy,37085.93,INR,ACH,56.93,Medium,False,Yes
TX-103285,2024-05-16 18:20:12.028285,South Africa,Italy,80893.35,ZAR,RTGS,66.92,Medium,False,Yes
TX-103286,2024-08-31 22:10:08.028285,Russia,Germany,26999.11,RUB,SEPA,74.59,High,True,Yes
TX-103287,2025-02-16 14:13:22.028285,Brazil,Netherlands,88217.23,BRL,SWIFT,13.31,Low,False,Yes
TX-103288,2024-05-21 05:34:40.029482,India,Italy,5590.29,INR,SEPA,20.05,Low,False,Yes
TX-103289,2024-09-25 00:39:19.029482,India,Spain,94101.57,INR,Wire,68.86,Medium,False,Yes
TX-103290,2024-09-20 01:00:45.029482,South Africa,Japan,56118.63,ZAR,Wire,85.04,High,True,Yes
TX-103291,2024-09-13 21:15:25.029482,Brazil,USA,65911.89,BRL,SWIFT,40.93,Medium,False,Yes
TX-103292,2024-07-03 02:47:48.029482,France,India,36832.18,EUR,SWIFT,97.99,High,True,Yes
TX-103293,2024-10-09 13:40:06.029482,China,Netherlands,78221.23,CNY,SWIFT,21.61,Low,False,Yes
TX-103294,2025-02-07 00:51:52.029482,Australia,Australia,16739.97,AUD,RTGS,41.67,Medium,False,Yes
TX-103295,2024-03-26 22:37:23.029482,Germany,Brazil,4986.29,EUR,RTGS,37.85,Low,False,Yes
TX-103296,2024-06-06 14:04:59.029482,Germany,France,39612.14,EUR,Wire,93.03,High,True,Yes
TX-103297,2024-08-03 17:13:32.029482,France,India,85384.2,EUR,SEPA,28.54,Low,False,Yes
TX-103298,2024-12-30 03:57:03.029482,Japan,Canada,75517.19,JPY,SEPA,47.08,Medium,False,Yes
TX-103299,2025-02-19 18:04:23.029482,France,Russia,51763.88,EUR,ACH,18.72,Low,False,Yes
TX-103300,2024-11-11 12:56:59.029482,Germany,UK,57256.56,EUR,SEPA,52.13,Medium,False,Yes
TX-103301,2024-05-14 08:01:48.029482,France,Brazil,13076.29,EUR,Wire,85.74,High,True,Yes
TX-103302,2024-10-14 07:39:36.029482,South Africa,USA,84084.08,ZAR,RTGS,30.4,Low,False,Yes
TX-103303,2024-05-01 13:07:19.029482,France,China,78717.27,EUR,ACH,81.08,High,True,Yes
TX-103304,2024-12-21 07:16:13.029482,Brazil,India,65681.39,BRL,RTGS,91.13,High,True,Yes
TX-103305,2025-02-15 14:48:50.029482,Germany,South Africa,46672.48,EUR,Wire,7.3,Low,False,Yes
TX-103306,2024-04-12 17:41:20.029482,Brazil,South Africa,96449.48,BRL,SEPA,75.64,High,True,Yes
TX-103307,2024-06-22 02:50:29.029482,Brazil,Brazil,87915.29,BRL,SEPA,25.53,Low,False,Yes
TX-103308,2024-04-22 12:58:59.029482,Australia,France,64478.61,AUD,Wire,17.53,Low,False,Yes
TX-103309,2024-05-10 22:47:02.029482,Spain,Japan,37242.92,EUR,ACH,60.11,Medium,False,Yes
TX-103310,2024-10-22 13:54:40.029482,Australia,India,61840.43,AUD,SEPA,70.56,High,True,Yes
TX-103311,2024-06-21 18:15:40.029482,Spain,Canada,57586.55,EUR,RTGS,39.48,Low,False,Yes
TX-103312,2024-07-14 15:34:14.029482,Japan,India,39484.77,JPY,SEPA,3.92,Low,False,Yes
TX-103313,2025-02-14 03:06:43.029482,Netherlands,Japan,30736.73,EUR,Wire,90.87,High,True,Yes
TX-103314,2024-08-18 08:16:53.029482,Netherlands,Canada,40760.38,EUR,Wire,73.07,High,True,Yes
TX-103315,2024-05-23 09:26:39.029482,South Africa,Germany,57433.75,ZAR,Wire,27.17,Low,False,Yes
TX-103316,2024-09-02 08:43:41.029482,Brazil,China,42870.67,BRL,ACH,49.69,Medium,False,Yes
TX-103317,2024-05-27 12:57:13.029482,France,Japan,26431.09,EUR,ACH,2.78,Low,False,Yes
TX-103318,2025-01-24 23:09:58.029482,France,China,76120.24,EUR,SEPA,33.93,Low,False,Yes
TX-103319,2024-12-29 03:52:24.029482,Canada,South Africa,53193.6,CAD,SEPA,52.25,Medium,False,Yes
TX-103320,2024-04-28 23:07:25.029482,China,USA,6860.75,CNY,RTGS,51.72,Medium,False,Yes
TX-103321,2024-06-30 05:07:51.029482,India,China,36894.82,INR,SWIFT,20.82,Low,False,Yes
TX-103322,2024-05-17 07:11:48.029482,Japan,Japan,88502.85,JPY,SWIFT,77.67,High,True,Yes
TX-103323,2024-09-13 01:34:36.029482,Italy,Germany,75548.13,EUR,Wire,29.89,Low,False,Yes
TX-103324,2024-06-28 01:35:41.029482,Netherlands,South Africa,32392.35,EUR,Wire,58.04,Medium,False,Yes
TX-103325,2024-06-14 16:57:44.029482,Italy,Australia,93824.5,EUR,SWIFT,27.15,Low,False,Yes
TX-103326,2024-08-22 07:09:24.029482,Russia,Japan,7752.63,RUB,Wire,42.52,Medium,False,Yes
TX-103327,2024-10-11 18:55:03.029482,Spain,Netherlands,96127.35,EUR,RTGS,20.75,Low,False,Yes
TX-103328,2024-05-30 15:39:01.029482,South Africa,USA,24645.94,ZAR,SWIFT,63.3,Medium,False,Yes
TX-103329,2024-09-02 19:41:13.029482,South Africa,Canada,1008.51,ZAR,SWIFT,42.56,Medium,False,Yes
TX-103330,2024-10-06 21:02:07.029482,UK,India,43437.42,GBP,SEPA,1.61,Low,False,Yes
TX-103331,2024-04-18 08:41:25.029482,France,Netherlands,35961.15,EUR,RTGS,2.82,Low,False,Yes
TX-103332,2024-05-18 14:35:46.029482,USA,Japan,53954.99,USD,ACH,47.11,Medium,False,Yes
TX-103333,2024-10-12 08:46:30.029482,France,UK,79697.61,EUR,RTGS,18.32,Low,False,Yes
TX-103334,2024-09-19 21:35:20.029482,Brazil,USA,84258.84,BRL,ACH,58.5,Medium,False,Yes
TX-103335,2024-07-25 12:00:45.029482,Canada,France,40182.88,CAD,SEPA,40.82,Medium,False,Yes
TX-103336,2024-03-29 20:06:13.029482,Spain,South Africa,43041.59,EUR,Wire,65.44,Medium,False,Yes
TX-103337,2024-06-13 17:48:45.029482,Netherlands,Germany,14902.96,EUR,SWIFT,95.24,High,True,Yes
TX-103338,2024-12-20 05:16:22.029482,Australia,Germany,4850.01,AUD,RTGS,52.87,Medium,False,Yes
TX-103339,2024-10-06 10:33:20.029482,India,Russia,64157.38,INR,SEPA,78.74,High,True,Yes
TX-103340,2024-04-11 04:18:19.029482,France,Brazil,6537.32,EUR,Wire,75.3,High,True,Yes
TX-103341,2024-09-08 21:11:55.029482,Brazil,Russia,73409.63,BRL,RTGS,92.18,High,True,Yes
TX-103342,2024-08-29 16:54:39.029482,Australia,Netherlands,53955.11,AUD,Wire,21.4,Low,False,Yes
TX-103343,2025-02-24 00:41:50.030497,Germany,China,19938.44,EUR,SWIFT,82.73,High,True,Yes
TX-103344,2024-07-15 00:28:39.030497,Germany,Australia,53998.34,EUR,SWIFT,90.55,High,True,Yes
TX-103345,2024-10-19 11:19:59.030497,Russia,Canada,18381.47,RUB,SWIFT,39.28,Low,False,Yes
TX-103346,2024-07-24 20:33:35.030497,Japan,South Africa,43929.85,JPY,ACH,31.38,Low,False,Yes
TX-103347,2025-01-29 02:50:38.030497,France,Japan,79976.08,EUR,SWIFT,95.2,High,True,Yes
TX-103348,2024-07-31 21:06:50.030497,Netherlands,China,46245.74,EUR,SEPA,62.76,Medium,False,Yes
TX-103349,2025-02-17 00:05:11.030497,Japan,Spain,14955.06,JPY,Wire,38.07,Low,False,Yes
TX-103350,2024-07-11 22:14:48.030497,Brazil,Italy,72410.49,BRL,ACH,79.18,High,True,Yes
TX-103351,2024-06-19 08:52:30.030497,France,China,18758.16,EUR,Wire,30.45,Low,False,Yes
TX-103352,2024-10-06 10:20:43.030497,UK,USA,73881.13,GBP,RTGS,17.64,Low,False,Yes
TX-103353,2024-08-13 09:56:08.030497,Canada,Australia,47987.29,CAD,Wire,54.4,Medium,False,Yes
TX-103354,2024-09-16 14:46:27.030497,China,Russia,45428.8,CNY,Wire,56.62,Medium,False,Yes
TX-103355,2024-08-16 07:38:59.030497,Brazil,Netherlands,85158.36,BRL,RTGS,82.57,High,True,Yes
TX-103356,2024-12-16 13:49:04.030497,China,USA,70889.49,CNY,ACH,45.7,Medium,False,Yes
TX-103357,2024-10-15 10:33:47.030497,Germany,Spain,3387.79,EUR,RTGS,81.46,High,True,Yes
TX-103358,2024-05-01 13:41:12.030497,Germany,Italy,29687.81,EUR,RTGS,31.13,Low,False,Yes
TX-103359,2024-04-03 06:00:15.030497,USA,UK,87104.97,USD,Wire,57.54,Medium,False,Yes
TX-103360,2024-03-31 00:54:27.030497,India,Italy,1930.78,INR,ACH,20.85,Low,False,Yes
TX-103361,2024-10-25 22:23:52.030497,Netherlands,USA,54570.82,EUR,SWIFT,38.54,Low,False,Yes
TX-103362,2024-05-02 22:02:57.030497,Japan,Russia,72809.78,JPY,ACH,85.75,High,True,Yes
TX-103363,2024-07-03 09:28:15.030497,Germany,Japan,62223.42,EUR,SWIFT,21.6,Low,False,Yes
TX-103364,2024-10-08 07:25:41.030497,India,Spain,76077.17,INR,SEPA,81.02,High,True,Yes
TX-103365,2024-08-19 03:04:21.030497,Germany,Italy,72596.62,EUR,SWIFT,28.29,Low,False,Yes
TX-103366,2024-11-19 02:08:57.030497,USA,France,69233.87,USD,SWIFT,3.45,Low,False,Yes
TX-103367,2025-02-26 13:55:38.030497,Canada,Canada,82171.83,CAD,SEPA,10.99,Low,False,Yes
TX-103368,2024-04-11 19:22:39.030497,Italy,Canada,64604.5,EUR,SEPA,74.59,High,True,Yes
TX-103369,2024-08-17 15:48:16.030497,Spain,Canada,40301.61,EUR,SEPA,26.21,Low,False,Yes
TX-103370,2024-09-06 19:12:02.030497,Brazil,Japan,47243.72,BRL,SWIFT,65.41,Medium,False,Yes
TX-103371,2025-02-18 02:25:10.030497,Australia,UK,71700.81,AUD,Wire,69.92,Medium,False,Yes
TX-103372,2024-09-14 09:23:19.030497,Canada,France,87642.97,CAD,SWIFT,34.51,Low,False,Yes
TX-103373,2025-01-08 15:58:49.030497,India,UK,27294.66,INR,SEPA,47.49,Medium,False,Yes
TX-103374,2024-12-15 00:17:22.030497,South Africa,UK,34273.47,ZAR,RTGS,40.38,Medium,False,Yes
TX-103375,2024-06-01 02:03:03.030497,UK,France,93080.87,GBP,RTGS,94.73,High,True,Yes
TX-103376,2024-09-17 07:52:09.030497,USA,South Africa,57893.33,USD,Wire,31.99,Low,False,Yes
TX-103377,2025-03-14 22:19:03.030497,Japan,Canada,17978.29,JPY,SWIFT,18.33,Low,False,Yes
TX-103378,2024-05-10 21:15:53.030497,Netherlands,UK,66403.14,EUR,SWIFT,36.56,Low,False,Yes
TX-103379,2024-10-03 07:39:07.030497,UK,France,99077.14,GBP,RTGS,66.95,Medium,False,Yes
TX-103380,2024-07-13 04:46:37.030497,Italy,Italy,82363.01,EUR,SWIFT,69.74,Medium,False,Yes
TX-103381,2024-05-02 15:10:12.030497,India,India,74599.54,INR,Wire,92.41,High,True,Yes
TX-103382,2025-03-08 07:22:30.030497,Netherlands,UK,20883.86,EUR,SEPA,88.18,High,True,Yes
TX-103383,2024-09-22 07:21:00.030497,Netherlands,USA,87626.36,EUR,RTGS,28.83,Low,False,Yes
TX-103384,2025-01-28 18:21:27.031495,Netherlands,China,52626.31,EUR,Wire,45.52,Medium,False,Yes
TX-103385,2024-05-04 20:10:39.031495,Australia,Spain,88940.07,AUD,RTGS,74.73,High,True,Yes
TX-103386,2024-12-08 00:02:36.031495,Australia,UK,33049.8,AUD,SWIFT,91.65,High,True,Yes
TX-103387,2024-08-07 18:43:44.031495,India,USA,6298.9,INR,SWIFT,33.72,Low,False,Yes
TX-103388,2024-10-02 16:39:31.031495,Germany,Brazil,47650.0,EUR,SEPA,44.44,Medium,False,Yes
TX-103389,2025-02-27 18:55:40.031495,South Africa,USA,27056.78,ZAR,ACH,89.95,High,True,Yes
TX-103390,2024-08-12 13:45:26.031495,France,France,71551.41,EUR,SWIFT,35.85,Low,False,Yes
TX-103391,2024-05-27 04:03:27.031495,Spain,Italy,95714.94,EUR,ACH,48.05,Medium,False,Yes
TX-103392,2025-02-14 05:04:17.031495,France,Canada,69128.32,EUR,SEPA,90.45,High,True,Yes
TX-103393,2024-08-18 04:19:57.031495,India,Spain,88704.7,INR,Wire,80.22,High,True,Yes
TX-103394,2024-08-25 06:42:08.031495,USA,UK,45357.1,USD,SEPA,24.34,Low,False,Yes
TX-103395,2024-07-16 14:43:06.031495,Netherlands,Italy,77186.91,EUR,Wire,32.48,Low,False,Yes
TX-103396,2024-05-19 10:48:09.031495,South Africa,Netherlands,84320.04,ZAR,ACH,35.3,Low,False,Yes
TX-103397,2024-05-23 23:39:15.031495,Canada,Spain,71116.48,CAD,SEPA,91.27,High,True,Yes
TX-103398,2024-03-19 05:31:32.031495,India,France,50826.95,INR,Wire,99.89,High,True,Yes
TX-103399,2024-07-02 18:58:12.031495,China,Italy,62624.02,CNY,SWIFT,77.4,High,True,Yes
TX-103400,2024-05-04 22:54:42.031495,Germany,Russia,70080.65,EUR,ACH,48.43,Medium,False,Yes
TX-103401,2024-10-20 19:57:39.031495,Japan,Netherlands,25383.13,JPY,SEPA,1.02,Low,False,Yes
TX-103402,2024-06-02 23:04:30.031495,Brazil,Canada,80976.97,BRL,SEPA,69.75,Medium,False,Yes
TX-103403,2024-06-23 08:28:02.031495,Brazil,USA,95037.42,BRL,RTGS,38.94,Low,False,Yes
TX-103404,2024-12-24 09:34:51.031495,Russia,Germany,46577.41,RUB,SWIFT,63.3,Medium,False,Yes
TX-103405,2025-01-15 03:41:02.031495,Netherlands,Germany,70136.61,EUR,SWIFT,60.67,Medium,False,Yes
TX-103406,2024-05-22 14:55:43.031495,USA,South Africa,73728.89,USD,SEPA,48.08,Medium,False,Yes
TX-103407,2024-06-12 07:59:49.031495,Netherlands,China,66258.53,EUR,RTGS,94.44,High,True,Yes
TX-103408,2024-10-08 05:03:57.031495,Netherlands,China,54756.8,EUR,RTGS,2.31,Low,False,Yes
TX-103409,2025-02-17 14:18:12.031495,UK,Germany,88176.63,GBP,SEPA,71.21,High,True,Yes
TX-103410,2025-01-14 17:17:22.031495,Italy,Australia,44947.78,EUR,SWIFT,40.98,Medium,False,Yes
TX-103411,2024-07-25 00:27:38.031495,Netherlands,Japan,6204.19,EUR,SWIFT,71.38,High,True,Yes
TX-103412,2024-12-17 17:08:57.031495,Russia,South Africa,84471.18,RUB,RTGS,67.52,Medium,False,Yes
TX-103413,2024-09-16 14:18:26.031495,UK,Japan,67430.73,GBP,RTGS,1.02,Low,False,Yes
TX-103414,2025-01-06 17:50:32.033509,Netherlands,Italy,84940.94,EUR,ACH,28.53,Low,False,Yes
TX-103415,2024-06-25 12:15:48.038667,Netherlands,Canada,13940.89,EUR,SEPA,18.91,Low,False,Yes
TX-103416,2024-12-14 13:14:58.038667,USA,France,3172.22,USD,Wire,16.7,Low,False,Yes
TX-103417,2024-11-09 16:18:59.038667,Russia,USA,93444.02,RUB,SEPA,72.85,High,True,Yes
TX-103418,2024-09-25 04:05:30.038667,Italy,Spain,14858.06,EUR,RTGS,23.96,Low,False,Yes
TX-103419,2024-12-19 16:37:12.038667,South Africa,Australia,80984.27,ZAR,Wire,47.47,Medium,False,Yes
TX-103420,2024-03-28 21:30:02.038667,Australia,Japan,82338.67,AUD,SEPA,24.7,Low,False,Yes
TX-103421,2024-07-18 14:20:11.038667,UK,Italy,70899.65,GBP,Wire,58.02,Medium,False,Yes
TX-103422,2024-05-07 11:24:29.038667,Netherlands,Canada,13213.09,EUR,RTGS,72.06,High,True,Yes
TX-103423,2024-05-04 01:21:48.038667,Brazil,Australia,66773.12,BRL,Wire,33.11,Low,False,Yes
TX-103424,2024-06-08 22:07:07.038667,Russia,USA,88919.75,RUB,SWIFT,60.3,Medium,False,Yes
TX-103425,2025-01-15 08:26:21.038667,Netherlands,Italy,42610.61,EUR,Wire,82.49,High,True,Yes
TX-103426,2024-05-25 05:27:17.038667,France,India,41410.33,EUR,ACH,9.42,Low,False,Yes
TX-103427,2024-09-25 01:15:21.038667,Netherlands,Germany,44341.55,EUR,ACH,71.07,High,True,Yes
TX-103428,2024-05-24 15:54:37.038667,USA,Netherlands,8318.96,USD,SEPA,32.31,Low,False,Yes
TX-103429,2024-09-14 01:47:55.038667,USA,Netherlands,89213.35,USD,ACH,12.26,Low,False,Yes
TX-103430,2024-03-26 01:47:33.038667,France,USA,86931.37,EUR,SEPA,54.57,Medium,False,Yes
TX-103431,2024-06-17 22:00:12.038667,China,France,99791.14,CNY,ACH,22.63,Low,False,Yes
TX-103432,2024-04-03 04:36:16.038667,China,Japan,58559.8,CNY,ACH,82.14,High,True,Yes
TX-103433,2025-02-08 10:17:31.038667,Canada,China,75144.04,CAD,RTGS,4.29,Low,False,Yes
TX-103434,2024-12-09 01:19:12.038667,Netherlands,India,20346.92,EUR,RTGS,9.87,Low,False,Yes
TX-103435,2024-04-20 22:26:37.039669,Spain,Canada,66786.13,EUR,ACH,52.1,Medium,False,Yes
TX-103436,2024-03-31 15:33:06.039669,France,Germany,65008.31,EUR,ACH,58.89,Medium,False,Yes
TX-103437,2025-01-04 15:51:46.039669,Australia,South Africa,90130.75,AUD,SEPA,72.99,High,True,Yes
TX-103438,2024-07-13 16:39:43.039669,India,Japan,83096.19,INR,RTGS,25.93,Low,False,Yes
TX-103439,2024-03-27 04:27:12.039669,Japan,India,93852.8,JPY,SEPA,84.18,High,True,Yes
TX-103440,2024-08-09 03:58:28.039669,Japan,South Africa,86896.46,JPY,SEPA,95.31,High,True,Yes
TX-103441,2024-10-25 16:00:25.039669,Australia,UK,86882.52,AUD,RTGS,49.9,Medium,False,Yes
TX-103442,2024-11-29 00:19:28.039669,Netherlands,France,6465.96,EUR,RTGS,76.05,High,True,Yes
TX-103443,2024-06-09 23:47:08.039669,UK,China,84611.6,GBP,RTGS,52.48,Medium,False,Yes
TX-103444,2024-07-15 16:39:06.039669,Russia,Italy,60787.09,RUB,RTGS,6.95,Low,False,Yes
TX-103445,2025-02-17 16:23:07.039669,Japan,Australia,38106.4,JPY,RTGS,32.61,Low,False,Yes
TX-103446,2024-04-05 10:49:22.039669,Australia,Canada,5745.81,AUD,SWIFT,8.75,Low,False,Yes
TX-103447,2024-06-05 18:07:44.039669,France,Russia,67799.61,EUR,SEPA,98.89,High,True,Yes
TX-103448,2025-03-06 01:04:44.039669,Germany,India,32887.35,EUR,ACH,22.9,Low,False,Yes
TX-103449,2024-07-20 09:48:15.039669,South Africa,Japan,46830.85,ZAR,Wire,63.59,Medium,False,Yes
TX-103450,2024-08-04 02:48:15.039669,Canada,Germany,68204.67,CAD,SEPA,28.43,Low,False,Yes
TX-103451,2024-03-18 16:28:30.039669,Spain,South Africa,91186.28,EUR,ACH,65.32,Medium,False,Yes
TX-103452,2024-11-21 16:13:37.039669,UK,UK,82561.15,GBP,RTGS,21.04,Low,False,Yes
TX-103453,2024-07-19 10:10:18.039669,Brazil,Spain,45114.65,BRL,RTGS,78.53,High,True,Yes
TX-103454,2024-03-26 23:51:23.039669,Australia,Japan,38839.54,AUD,RTGS,11.08,Low,False,Yes
TX-103455,2024-10-14 18:21:10.039669,India,UK,24054.0,INR,Wire,89.52,High,True,Yes
TX-103456,2024-03-24 22:14:34.039669,France,South Africa,37305.43,EUR,ACH,84.04,High,True,Yes
TX-103457,2025-03-13 18:40:35.039669,Brazil,Germany,11193.53,BRL,ACH,67.88,Medium,False,Yes
TX-103458,2024-03-31 07:53:58.039669,UK,Japan,97113.44,GBP,ACH,6.74,Low,False,Yes
TX-103459,2024-11-13 18:16:28.039669,USA,Italy,57434.35,USD,ACH,20.86,Low,False,Yes
TX-103460,2024-08-12 20:56:50.039669,Brazil,Netherlands,12867.8,BRL,RTGS,85.94,High,True,Yes
TX-103461,2025-01-17 12:22:28.039669,Spain,Japan,35345.32,EUR,RTGS,12.2,Low,False,Yes
TX-103462,2024-08-30 18:53:46.039669,South Africa,Australia,54749.21,ZAR,SWIFT,15.59,Low,False,Yes
TX-103463,2024-10-19 11:54:37.039669,France,USA,53335.28,EUR,ACH,54.4,Medium,False,Yes
TX-103464,2024-07-30 00:32:47.039669,China,USA,3646.79,CNY,ACH,27.42,Low,False,Yes
TX-103465,2024-07-24 04:40:44.039669,India,Russia,95089.02,INR,SWIFT,22.21,Low,False,Yes
TX-103466,2025-01-04 16:06:52.039669,South Africa,Australia,27610.03,ZAR,RTGS,57.58,Medium,False,Yes
TX-103467,2024-09-22 00:09:54.039669,Germany,Russia,1716.85,EUR,SWIFT,37.26,Low,False,Yes
TX-103468,2024-06-11 15:14:26.039669,UK,China,7736.76,GBP,ACH,14.06,Low,False,Yes
TX-103469,2025-02-09 20:07:57.039669,China,France,58061.47,CNY,ACH,53.49,Medium,False,Yes
TX-103470,2024-08-09 09:07:37.039669,Russia,India,13864.77,RUB,SWIFT,38.7,Low,False,Yes
TX-103471,2024-11-13 18:17:34.039669,India,UK,4268.31,INR,ACH,73.45,High,True,Yes
TX-103472,2024-05-07 09:28:16.039669,Netherlands,USA,38024.68,EUR,RTGS,10.28,Low,False,Yes
TX-103473,2024-07-15 14:08:46.039669,Italy,USA,62313.84,EUR,SEPA,62.06,Medium,False,Yes
TX-103474,2024-11-19 20:19:56.039669,Russia,Netherlands,11272.8,RUB,ACH,43.65,Medium,False,Yes
TX-103475,2025-02-21 02:35:11.039669,Italy,Netherlands,31401.45,EUR,ACH,40.61,Medium,False,Yes
TX-103476,2024-04-25 01:25:18.039669,Japan,Australia,41834.29,JPY,RTGS,23.23,Low,False,Yes
TX-103477,2024-12-31 05:15:13.039669,Spain,France,16030.06,EUR,SEPA,3.04,Low,False,Yes
TX-103478,2024-04-03 22:34:06.039669,Canada,China,50656.78,CAD,SWIFT,84.77,High,True,Yes
TX-103479,2024-10-22 15:58:18.039669,Italy,France,8612.89,EUR,RTGS,32.64,Low,False,Yes
TX-103480,2025-03-04 07:03:50.039669,India,Russia,4747.2,INR,SWIFT,68.11,Medium,False,Yes
TX-103481,2025-01-09 06:03:45.039669,Canada,India,52031.55,CAD,ACH,94.76,High,True,Yes
TX-103482,2024-05-29 20:35:43.039669,UK,Italy,24864.91,GBP,SWIFT,56.5,Medium,False,Yes
TX-103483,2024-09-12 19:43:12.039669,UK,Spain,9627.84,GBP,ACH,39.71,Low,False,Yes
TX-103484,2024-04-18 04:46:08.039669,Australia,Russia,42448.87,AUD,RTGS,26.83,Low,False,Yes
TX-103485,2024-12-23 22:35:43.039669,Spain,India,91522.56,EUR,RTGS,93.4,High,True,Yes
TX-103486,2025-02-10 21:06:05.039669,Netherlands,Germany,72446.83,EUR,ACH,68.21,Medium,False,Yes
TX-103487,2024-10-29 03:11:22.039669,Germany,China,81580.03,EUR,SWIFT,66.53,Medium,False,Yes
TX-103488,2024-11-04 03:14:05.039669,USA,Russia,87204.21,USD,SEPA,42.62,Medium,False,Yes
TX-103489,2024-12-29 10:41:42.039669,France,Japan,97265.51,EUR,RTGS,84.5,High,True,Yes
TX-103490,2024-11-03 22:05:28.039669,Italy,France,76348.33,EUR,RTGS,71.37,High,True,Yes
TX-103491,2024-04-04 00:29:09.039669,Germany,USA,60879.95,EUR,SWIFT,28.32,Low,False,Yes
TX-103492,2024-10-31 22:22:00.039669,Australia,UK,36606.05,AUD,Wire,59.96,Medium,False,Yes
TX-103493,2024-06-09 06:29:29.039669,South Africa,Brazil,18246.16,ZAR,ACH,43.02,Medium,False,Yes
TX-103494,2024-11-18 02:06:48.039669,France,Japan,68697.32,EUR,SWIFT,0.66,Low,False,Yes
TX-103495,2024-07-05 03:04:04.039669,Spain,China,99495.5,EUR,SWIFT,80.76,High,True,Yes
TX-103496,2024-06-12 17:37:50.039669,France,Canada,46789.13,EUR,RTGS,12.28,Low,False,Yes
TX-103497,2024-04-16 00:46:10.039669,China,France,72395.57,CNY,ACH,51.0,Medium,False,Yes
TX-103498,2025-01-20 00:32:48.039669,Brazil,Canada,49559.74,BRL,SWIFT,33.62,Low,False,Yes
TX-103499,2025-02-23 03:11:19.040668,China,Italy,43250.15,CNY,SEPA,34.21,Low,False,Yes
TX-103500,2024-08-03 06:19:12.040668,USA,Brazil,41089.53,USD,ACH,47.74,Medium,False,Yes
TX-103501,2024-10-21 15:24:58.040668,France,Canada,50512.01,EUR,SWIFT,99.7,High,True,Yes
TX-103502,2024-08-25 14:27:54.040668,India,Russia,36752.88,INR,SEPA,40.84,Medium,False,Yes
TX-103503,2024-04-27 18:51:37.040668,Spain,UK,74902.45,EUR,SEPA,18.23,Low,False,Yes
TX-103504,2024-10-12 21:41:24.040668,Brazil,Brazil,87439.78,BRL,ACH,61.36,Medium,False,Yes
TX-103505,2024-12-17 12:30:24.040668,Germany,Japan,88300.24,EUR,RTGS,23.63,Low,False,Yes
TX-103506,2024-12-21 04:37:53.040668,USA,France,22847.1,USD,SEPA,10.55,Low,False,Yes
TX-103507,2025-01-21 10:45:59.040668,India,Netherlands,89601.32,INR,RTGS,5.02,Low,False,Yes
TX-103508,2024-08-04 01:00:56.040668,Canada,Italy,34220.97,CAD,ACH,2.29,Low,False,Yes
TX-103509,2025-01-20 13:39:43.040668,Australia,Germany,30999.84,AUD,SWIFT,43.12,Medium,False,Yes
TX-103510,2024-04-04 15:40:15.040668,France,China,72702.93,EUR,ACH,42.67,Medium,False,Yes
TX-103511,2024-07-07 05:24:59.040668,UK,Japan,30539.16,GBP,RTGS,18.55,Low,False,Yes
TX-103512,2024-09-15 14:14:11.040668,Italy,South Africa,5391.34,EUR,Wire,78.4,High,True,Yes
TX-103513,2025-02-19 08:11:47.040668,India,Spain,37424.42,INR,ACH,12.93,Low,False,Yes
TX-103514,2024-12-01 10:42:22.040668,Japan,Netherlands,72174.41,JPY,Wire,91.53,High,True,Yes
TX-103515,2024-09-18 18:23:28.040668,Netherlands,India,32763.15,EUR,SEPA,58.76,Medium,False,Yes
TX-103516,2024-11-26 16:46:42.040668,Netherlands,Spain,62992.95,EUR,RTGS,2.76,Low,False,Yes
TX-103517,2024-07-02 17:05:06.040668,Netherlands,India,66045.93,EUR,SEPA,96.3,High,True,Yes
TX-103518,2024-06-06 18:46:11.040668,Brazil,France,73400.23,BRL,Wire,30.79,Low,False,Yes
TX-103519,2024-11-30 02:16:43.040668,South Africa,South Africa,89723.33,ZAR,Wire,45.0,Medium,False,Yes
TX-103520,2024-12-24 06:17:34.040668,France,Brazil,43313.19,EUR,SWIFT,28.43,Low,False,Yes
TX-103521,2024-10-07 11:40:38.040668,Brazil,Australia,16726.56,BRL,ACH,72.84,High,True,Yes
TX-103522,2024-08-14 22:40:47.040668,Canada,France,31960.68,CAD,SEPA,48.57,Medium,False,Yes
TX-103523,2024-04-18 03:55:33.040668,India,Germany,43273.51,INR,SEPA,13.24,Low,False,Yes
TX-103524,2024-03-22 13:11:12.040668,Netherlands,India,71417.76,EUR,RTGS,10.42,Low,False,Yes
TX-103525,2025-01-18 16:33:55.040668,France,Spain,1410.9,EUR,RTGS,72.54,High,True,Yes
TX-103526,2024-09-01 17:22:35.040668,Spain,Spain,31646.96,EUR,ACH,23.71,Low,False,Yes
TX-103527,2024-09-10 15:56:37.040668,China,Germany,78006.27,CNY,RTGS,13.78,Low,False,Yes
TX-103528,2025-03-13 20:31:26.040668,Germany,Australia,67118.68,EUR,RTGS,49.94,Medium,False,Yes
TX-103529,2024-07-22 10:27:57.040668,Germany,China,73200.82,EUR,SEPA,80.28,High,True,Yes
TX-103530,2024-04-25 23:50:30.040668,UK,Spain,81199.9,GBP,SWIFT,27.88,Low,False,Yes
TX-103531,2025-03-06 18:06:29.040668,Australia,USA,78345.25,AUD,ACH,27.64,Low,False,Yes
TX-103532,2024-08-07 05:20:10.040668,UK,Netherlands,68250.1,GBP,Wire,83.39,High,True,Yes
TX-103533,2025-02-21 08:27:24.040668,Australia,Brazil,44022.19,AUD,SEPA,14.78,Low,False,Yes
TX-103534,2024-05-21 08:50:08.040668,Brazil,UK,98361.47,BRL,SEPA,61.67,Medium,False,Yes
TX-103535,2024-08-15 02:38:11.040668,China,India,56950.41,CNY,RTGS,95.5,High,True,Yes
TX-103536,2024-10-22 03:33:33.040668,Spain,Netherlands,20356.64,EUR,Wire,84.13,High,True,Yes
TX-103537,2024-08-15 01:36:33.040668,Italy,USA,29352.0,EUR,SEPA,6.18,Low,False,Yes
TX-103538,2024-08-08 01:08:20.040668,Brazil,China,69386.89,BRL,SEPA,31.99,Low,False,Yes
TX-103539,2024-09-22 11:16:30.040668,Japan,Australia,92481.48,JPY,SEPA,14.24,Low,False,Yes
TX-103540,2025-02-16 00:28:53.040668,Netherlands,USA,17954.14,EUR,ACH,94.92,High,True,Yes
TX-103541,2025-01-19 19:25:04.040668,Australia,Netherlands,8326.41,AUD,Wire,98.59,High,True,Yes
TX-103542,2025-01-10 21:32:59.040668,South Africa,USA,88164.95,ZAR,SWIFT,23.5,Low,False,Yes
TX-103543,2024-11-28 10:14:46.040668,Japan,India,91536.27,JPY,SWIFT,66.97,Medium,False,Yes
TX-103544,2025-03-04 23:04:34.040668,South Africa,UK,27710.3,ZAR,Wire,84.16,High,True,Yes
TX-103545,2024-03-25 18:45:06.040668,India,Italy,37790.84,INR,ACH,23.37,Low,False,Yes
TX-103546,2025-02-04 21:05:30.040668,Russia,Japan,66052.78,RUB,Wire,18.77,Low,False,Yes
TX-103547,2024-09-14 16:58:42.040668,Germany,Netherlands,33060.01,EUR,Wire,1.12,Low,False,Yes
TX-103548,2025-01-23 14:32:41.040668,South Africa,Brazil,87728.15,ZAR,Wire,41.2,Medium,False,Yes
TX-103549,2024-09-29 23:17:28.040668,Germany,Brazil,10847.11,EUR,ACH,89.94,High,True,Yes
TX-103550,2024-10-29 15:02:11.040668,India,Australia,3894.42,INR,Wire,90.3,High,True,Yes
TX-103551,2024-06-28 15:15:28.040668,South Africa,South Africa,20927.77,ZAR,RTGS,12.77,Low,False,Yes
TX-103552,2025-03-17 06:05:10.040668,China,Italy,28680.17,CNY,RTGS,20.44,Low,False,Yes
TX-103553,2024-05-13 16:29:40.040668,Russia,Japan,11381.37,RUB,ACH,40.8,Medium,False,Yes
TX-103554,2024-05-31 03:26:08.040668,South Africa,Canada,6662.47,ZAR,SWIFT,78.06,High,True,Yes
TX-103555,2025-02-04 14:40:07.040668,Canada,South Africa,75585.21,CAD,Wire,61.19,Medium,False,Yes
TX-103556,2024-05-26 19:02:54.040668,Japan,Netherlands,16511.23,JPY,SEPA,51.38,Medium,False,Yes
TX-103557,2024-06-30 15:23:55.040668,Australia,India,91400.83,AUD,SWIFT,59.19,Medium,False,Yes
TX-103558,2024-11-28 04:45:05.040668,Japan,India,36863.17,JPY,Wire,9.62,Low,False,Yes
TX-103559,2024-08-06 20:59:33.040668,Brazil,Canada,67093.52,BRL,RTGS,47.77,Medium,False,Yes
TX-103560,2024-12-03 12:18:11.040668,Spain,Japan,22617.67,EUR,Wire,99.21,High,True,Yes
TX-103561,2024-06-08 02:03:08.040668,Canada,USA,24108.24,CAD,Wire,8.84,Low,False,Yes
TX-103562,2025-01-18 11:29:54.041667,Netherlands,Netherlands,57513.45,EUR,Wire,51.92,Medium,False,Yes
TX-103563,2024-03-20 19:59:01.041667,China,Russia,56108.23,CNY,ACH,29.56,Low,False,Yes
TX-103564,2025-02-15 23:56:58.041667,Canada,Russia,76896.05,CAD,RTGS,53.99,Medium,False,Yes
TX-103565,2024-12-22 21:09:06.041667,USA,India,75805.55,USD,ACH,57.38,Medium,False,Yes
TX-103566,2024-06-23 03:30:35.041667,Russia,Australia,67101.71,RUB,ACH,57.75,Medium,False,Yes
TX-103567,2024-08-09 17:19:32.041667,Japan,India,44968.14,JPY,SEPA,85.22,High,True,Yes
TX-103568,2024-05-19 13:22:37.041667,Netherlands,Canada,89074.97,EUR,SWIFT,38.97,Low,False,Yes
TX-103569,2024-10-29 01:25:08.041667,Japan,Spain,62295.59,JPY,SWIFT,51.64,Medium,False,Yes
TX-103570,2024-12-02 07:28:37.041667,Germany,Russia,99020.83,EUR,SWIFT,1.09,Low,False,Yes
TX-103571,2024-10-09 23:26:58.041667,China,Italy,81955.04,CNY,RTGS,78.96,High,True,Yes
TX-103572,2024-09-03 11:50:10.041667,Japan,Russia,4526.55,JPY,RTGS,25.95,Low,False,Yes
TX-103573,2024-07-10 18:54:35.041667,UK,China,32127.33,GBP,RTGS,81.66,High,True,Yes
TX-103574,2025-03-05 21:05:20.041667,UK,Spain,57230.38,GBP,ACH,26.56,Low,False,Yes
TX-103575,2024-03-18 10:46:30.041667,Spain,Italy,72174.81,EUR,RTGS,1.08,Low,False,Yes
TX-103576,2024-10-21 07:37:27.041667,Russia,UK,55078.62,RUB,ACH,15.48,Low,False,Yes
TX-103577,2024-11-23 14:11:13.041667,Japan,Russia,78634.43,JPY,SWIFT,98.57,High,True,Yes
TX-103578,2025-02-23 23:37:56.041667,Australia,South Africa,28337.3,AUD,SWIFT,31.98,Low,False,Yes
TX-103579,2024-09-03 03:06:53.041667,Canada,South Africa,18472.81,CAD,Wire,10.88,Low,False,Yes
TX-103580,2024-06-15 11:30:44.041667,India,Brazil,5486.28,INR,RTGS,11.88,Low,False,Yes
TX-103581,2025-01-04 22:50:37.041667,Germany,USA,57374.04,EUR,RTGS,31.03,Low,False,Yes
TX-103582,2024-08-14 12:21:43.041667,Brazil,Canada,68891.09,BRL,ACH,3.76,Low,False,Yes
TX-103583,2024-05-14 15:59:38.041667,China,Australia,32682.36,CNY,SWIFT,51.15,Medium,False,Yes
TX-103584,2024-10-01 20:56:29.041667,Australia,Spain,61397.06,AUD,SWIFT,21.37,Low,False,Yes
TX-103585,2024-05-05 02:07:58.041667,Canada,Netherlands,5310.51,CAD,SEPA,51.93,Medium,False,Yes
TX-103586,2024-11-03 16:26:12.041667,Netherlands,Germany,10019.41,EUR,SWIFT,14.08,Low,False,Yes
TX-103587,2024-11-11 10:41:26.041667,Japan,Australia,70205.3,JPY,RTGS,42.99,Medium,False,Yes
TX-103588,2024-05-07 13:17:50.041667,Australia,USA,36870.16,AUD,RTGS,59.79,Medium,False,Yes
TX-103589,2024-09-10 00:24:02.041667,South Africa,Germany,67166.27,ZAR,Wire,6.2,Low,False,Yes
TX-103590,2024-06-05 08:38:45.041667,USA,Brazil,83188.94,USD,SWIFT,39.87,Low,False,Yes
TX-103591,2024-04-13 02:58:50.041667,Australia,USA,85276.98,AUD,Wire,30.25,Low,False,Yes
TX-103592,2024-09-27 20:07:51.041667,UK,South Africa,17299.55,GBP,RTGS,24.04,Low,False,Yes
TX-103593,2025-02-22 08:32:31.041667,Japan,France,48679.93,JPY,RTGS,60.45,Medium,False,Yes
TX-103594,2024-11-14 02:27:46.041667,Italy,India,73419.28,EUR,ACH,58.85,Medium,False,Yes
TX-103595,2025-01-15 22:45:06.041667,Australia,Netherlands,77420.66,AUD,SEPA,63.07,Medium,False,Yes
TX-103596,2025-01-22 15:01:50.041667,China,Brazil,78489.13,CNY,Wire,15.89,Low,False,Yes
TX-103597,2024-09-28 19:07:49.041667,USA,Spain,22893.92,USD,Wire,28.57,Low,False,Yes
TX-103598,2024-04-30 09:47:49.041667,Japan,Germany,19334.23,JPY,SWIFT,20.97,Low,False,Yes
TX-103599,2024-09-19 13:19:57.041667,Australia,Canada,59042.25,AUD,SEPA,54.05,Medium,False,Yes
TX-103600,2024-11-18 04:15:23.041667,India,Russia,74134.47,INR,SWIFT,46.11,Medium,False,Yes
TX-103601,2024-06-09 08:53:09.041667,South Africa,China,31982.04,ZAR,SWIFT,33.03,Low,False,Yes
TX-103602,2024-08-15 07:18:26.041667,France,India,10560.05,EUR,SEPA,78.6,High,True,Yes
TX-103603,2024-04-02 05:27:39.041667,Brazil,France,71702.96,BRL,RTGS,9.4,Low,False,Yes
TX-103604,2024-08-09 10:48:56.041667,USA,South Africa,30039.81,USD,SWIFT,97.49,High,True,Yes
TX-103605,2024-04-23 02:05:39.041667,Italy,Brazil,16719.64,EUR,SWIFT,11.65,Low,False,Yes
TX-103606,2024-05-01 14:20:40.041667,France,Germany,14857.58,EUR,SWIFT,77.31,High,True,Yes
TX-103607,2024-10-09 06:34:12.041667,Russia,Germany,31559.46,RUB,ACH,36.82,Low,False,Yes
TX-103608,2025-03-08 13:47:38.041667,USA,Australia,59308.54,USD,Wire,86.53,High,True,Yes
TX-103609,2025-01-19 00:57:55.041667,Brazil,Spain,35904.38,BRL,Wire,7.42,Low,False,Yes
TX-103610,2025-01-10 20:01:49.041667,Germany,USA,2164.12,EUR,SWIFT,37.47,Low,False,Yes
TX-103611,2024-11-21 11:47:30.041667,China,France,9781.15,CNY,ACH,33.54,Low,False,Yes
TX-103612,2024-07-12 07:50:32.041667,Canada,Australia,29121.27,CAD,SEPA,99.32,High,True,Yes
TX-103613,2024-09-27 02:39:39.041667,USA,Netherlands,66004.48,USD,RTGS,98.55,High,True,Yes
TX-103614,2024-05-10 21:09:26.041667,Italy,Brazil,9941.66,EUR,RTGS,18.98,Low,False,Yes
TX-103615,2024-04-28 00:05:35.041667,Spain,Brazil,56109.62,EUR,SEPA,62.99,Medium,False,Yes
TX-103616,2024-11-03 04:14:24.041667,Brazil,China,12076.6,BRL,SEPA,53.55,Medium,False,Yes
TX-103617,2024-03-27 10:21:00.041667,Canada,Germany,21240.37,CAD,SWIFT,15.44,Low,False,Yes
TX-103618,2024-07-22 21:04:25.041667,Japan,USA,17301.63,JPY,SWIFT,16.78,Low,False,Yes
TX-103619,2024-09-26 14:45:43.041667,USA,Germany,6816.14,USD,Wire,98.93,High,True,Yes
TX-103620,2024-11-03 10:50:28.041667,Netherlands,Russia,67165.85,EUR,Wire,45.27,Medium,False,Yes
TX-103621,2024-06-10 15:40:07.041667,Netherlands,India,46394.01,EUR,SEPA,12.58,Low,False,Yes
TX-103622,2024-12-06 16:05:11.041667,Canada,Italy,83122.24,CAD,SEPA,21.48,Low,False,Yes
TX-103623,2024-05-25 01:44:00.041667,Netherlands,Canada,9979.19,EUR,SEPA,26.83,Low,False,Yes
TX-103624,2024-09-18 06:25:40.041667,Australia,Russia,14558.82,AUD,SWIFT,51.09,Medium,False,Yes
TX-103625,2025-01-18 16:44:19.042668,USA,France,30715.13,USD,SEPA,33.55,Low,False,Yes
TX-103626,2025-01-07 00:11:56.042668,France,China,76610.01,EUR,RTGS,45.5,Medium,False,Yes
TX-103627,2024-09-04 00:10:13.042668,Italy,Japan,30645.31,EUR,SEPA,16.65,Low,False,Yes
TX-103628,2024-08-11 09:46:00.042668,UK,Australia,40901.03,GBP,Wire,32.67,Low,False,Yes
TX-103629,2024-08-25 13:53:56.042668,South Africa,UK,30230.2,ZAR,RTGS,7.03,Low,False,Yes
TX-103630,2024-06-22 05:32:20.042668,UK,Japan,8114.41,GBP,ACH,88.97,High,True,Yes
TX-103631,2024-10-23 16:46:09.042668,South Africa,Germany,93949.42,ZAR,SWIFT,19.88,Low,False,Yes
TX-103632,2025-01-03 14:24:18.042668,India,India,54899.05,INR,SEPA,75.69,High,True,Yes
TX-103633,2024-12-08 07:08:53.042668,Brazil,Brazil,78804.54,BRL,SEPA,34.96,Low,False,Yes
TX-103634,2024-12-04 06:48:07.042668,India,China,65869.87,INR,RTGS,47.44,Medium,False,Yes
TX-103635,2024-05-26 16:52:48.042668,Italy,India,51474.0,EUR,ACH,29.13,Low,False,Yes
TX-103636,2024-10-22 13:48:43.042668,Spain,India,9058.86,EUR,ACH,69.64,Medium,False,Yes
TX-103637,2024-06-17 11:07:34.042668,Netherlands,China,64309.08,EUR,Wire,84.45,High,True,Yes
TX-103638,2025-01-23 12:30:53.042668,Italy,China,15621.5,EUR,SEPA,28.63,Low,False,Yes
TX-103639,2024-09-15 03:10:58.042668,Australia,UK,41496.88,AUD,RTGS,24.22,Low,False,Yes
TX-103640,2024-03-22 15:01:15.042668,Russia,Canada,62948.4,RUB,RTGS,68.14,Medium,False,Yes
TX-103641,2024-04-04 13:55:33.042668,Netherlands,China,78244.68,EUR,SEPA,19.52,Low,False,Yes
TX-103642,2024-10-01 11:33:23.042668,Netherlands,UK,68536.01,EUR,SEPA,63.98,Medium,False,Yes
TX-103643,2024-04-04 16:09:10.042668,Italy,Brazil,67186.2,EUR,RTGS,9.44,Low,False,Yes
TX-103644,2025-03-05 08:01:43.042668,Italy,Canada,14989.32,EUR,SWIFT,62.01,Medium,False,Yes
TX-103645,2024-11-08 20:42:17.042668,Canada,UK,34678.24,CAD,ACH,51.34,Medium,False,Yes
TX-103646,2024-12-19 05:34:06.042668,India,France,4386.94,INR,SWIFT,11.39,Low,False,Yes
TX-103647,2025-02-03 13:33:25.042668,India,Netherlands,71975.74,INR,Wire,64.91,Medium,False,Yes
TX-103648,2024-11-08 19:45:33.042668,Russia,China,95263.34,RUB,RTGS,44.66,Medium,False,Yes
TX-103649,2024-09-04 22:34:05.042668,Japan,Russia,26484.63,JPY,SEPA,21.71,Low,False,Yes
TX-103650,2024-10-01 02:23:21.042668,UK,Germany,8860.9,GBP,SWIFT,35.34,Low,False,Yes
TX-103651,2024-06-12 14:45:11.042668,India,Netherlands,47609.45,INR,SEPA,49.21,Medium,False,Yes
TX-103652,2025-02-02 12:53:13.042668,Russia,Japan,85684.15,RUB,SWIFT,9.16,Low,False,Yes
TX-103653,2024-10-14 12:22:54.042668,Spain,Brazil,55242.22,EUR,SWIFT,95.76,High,True,Yes
TX-103654,2024-07-13 03:20:05.042668,Canada,South Africa,4773.04,CAD,ACH,66.56,Medium,False,Yes
TX-103655,2024-04-28 14:36:17.042668,UK,France,97429.8,GBP,ACH,10.25,Low,False,Yes
TX-103656,2024-12-17 22:52:39.042668,Japan,Germany,82882.13,JPY,SEPA,82.29,High,True,Yes
TX-103657,2024-12-24 18:52:05.042668,Italy,Russia,13246.25,EUR,ACH,32.26,Low,False,Yes
TX-103658,2024-11-30 08:59:16.042668,Japan,India,92187.6,JPY,SWIFT,59.68,Medium,False,Yes
TX-103659,2024-06-25 04:34:01.042668,UK,USA,45123.76,GBP,ACH,27.71,Low,False,Yes
TX-103660,2024-04-03 00:31:39.042668,Brazil,Brazil,37252.61,BRL,SWIFT,73.34,High,True,Yes
TX-103661,2024-11-18 06:11:45.042668,Germany,India,46159.23,EUR,SEPA,72.3,High,True,Yes
TX-103662,2024-06-06 11:32:29.042668,Russia,Japan,83473.74,RUB,RTGS,55.2,Medium,False,Yes
TX-103663,2024-04-21 19:17:39.042668,USA,China,65982.02,USD,SEPA,24.09,Low,False,Yes
TX-103664,2024-09-29 17:56:20.042668,South Africa,France,6018.92,ZAR,Wire,25.37,Low,False,Yes
TX-103665,2024-10-07 04:54:02.042668,USA,India,95764.68,USD,RTGS,38.29,Low,False,Yes
TX-103666,2024-10-19 05:55:55.042668,France,Japan,14863.63,EUR,SWIFT,14.5,Low,False,Yes
TX-103667,2024-08-10 08:14:08.042668,Australia,Netherlands,74582.24,AUD,Wire,33.77,Low,False,Yes
TX-103668,2024-05-12 20:30:49.042668,India,Australia,63650.04,INR,SEPA,68.44,Medium,False,Yes
TX-103669,2024-12-09 18:11:03.042668,Brazil,USA,18834.05,BRL,Wire,83.08,High,True,Yes
TX-103670,2024-12-27 21:37:43.042668,Japan,Italy,17156.13,JPY,SEPA,33.26,Low,False,Yes
TX-103671,2025-02-15 08:03:18.042668,Italy,India,87045.73,EUR,RTGS,23.36,Low,False,Yes
TX-103672,2024-11-24 04:55:17.042668,Japan,India,42027.52,JPY,ACH,83.26,High,True,Yes
TX-103673,2024-09-21 01:25:55.042668,Italy,India,65492.19,EUR,ACH,89.07,High,True,Yes
TX-103674,2024-10-17 08:28:49.042668,Russia,USA,50456.69,RUB,SEPA,41.0,Medium,False,Yes
TX-103675,2024-10-14 05:43:14.042668,Germany,Russia,72762.62,EUR,Wire,2.69,Low,False,Yes
TX-103676,2024-08-12 01:48:23.042668,Germany,Spain,47976.31,EUR,SEPA,69.5,Medium,False,Yes
TX-103677,2024-10-16 12:55:51.042668,Australia,Italy,28809.25,AUD,SEPA,78.4,High,True,Yes
TX-103678,2024-07-04 11:51:03.042668,Spain,Russia,36402.0,EUR,SEPA,1.8,Low,False,Yes
TX-103679,2024-03-27 10:15:49.042668,UK,Italy,85921.86,GBP,SEPA,59.5,Medium,False,Yes
TX-103680,2025-01-26 09:08:22.042668,France,France,46856.67,EUR,Wire,58.84,Medium,False,Yes
TX-103681,2024-06-28 10:46:58.042668,Germany,Canada,21423.59,EUR,SEPA,37.87,Low,False,Yes
TX-103682,2025-02-22 03:40:06.042668,Netherlands,India,93467.08,EUR,ACH,74.98,High,True,Yes
TX-103683,2024-04-13 11:35:30.042668,Netherlands,Japan,79680.39,EUR,ACH,42.82,Medium,False,Yes
TX-103684,2024-04-04 14:30:57.042668,Brazil,Australia,5661.05,BRL,SWIFT,67.68,Medium,False,Yes
TX-103685,2024-08-31 00:02:00.043666,South Africa,Australia,99894.4,ZAR,ACH,51.71,Medium,False,Yes
TX-103686,2024-05-27 23:23:08.043666,Canada,Spain,69523.18,CAD,ACH,24.85,Low,False,Yes
TX-103687,2024-11-25 20:15:41.043666,USA,Japan,16110.63,USD,ACH,60.65,Medium,False,Yes
TX-103688,2024-04-23 19:43:29.043666,South Africa,South Africa,23793.05,ZAR,SEPA,73.69,High,True,Yes
TX-103689,2024-10-04 00:25:56.043666,India,USA,69275.3,INR,SWIFT,97.39,High,True,Yes
TX-103690,2024-10-03 13:42:49.043666,Italy,Netherlands,77998.13,EUR,SWIFT,38.01,Low,False,Yes
TX-103691,2024-04-21 06:05:31.043666,China,Brazil,23979.69,CNY,SWIFT,6.45,Low,False,Yes
TX-103692,2024-10-23 12:31:38.043666,South Africa,Germany,25771.19,ZAR,RTGS,98.8,High,True,Yes
TX-103693,2024-08-31 01:50:50.043666,Netherlands,USA,30781.36,EUR,RTGS,62.38,Medium,False,Yes
TX-103694,2024-10-07 15:08:24.043666,Netherlands,France,59842.03,EUR,RTGS,94.65,High,True,Yes
TX-103695,2024-11-07 15:17:08.043666,Netherlands,Netherlands,17264.44,EUR,RTGS,10.38,Low,False,Yes
TX-103696,2024-08-14 13:08:21.043666,USA,Italy,10513.9,USD,SWIFT,34.2,Low,False,Yes
TX-103697,2024-12-20 19:25:23.043666,Germany,Japan,67918.52,EUR,Wire,13.39,Low,False,Yes
TX-103698,2024-08-30 02:01:14.043666,Germany,Australia,77931.88,EUR,SEPA,83.55,High,True,Yes
TX-103699,2024-06-13 13:56:55.043666,Canada,Spain,50142.85,CAD,ACH,88.03,High,True,Yes
TX-103700,2024-07-29 17:16:53.043666,Canada,USA,36446.89,CAD,Wire,50.13,Medium,False,Yes
TX-103701,2024-08-03 19:54:56.043666,China,Italy,43261.07,CNY,SWIFT,18.66,Low,False,Yes
TX-103702,2024-07-28 02:27:30.043666,USA,Germany,38901.94,USD,Wire,12.71,Low,False,Yes
TX-103703,2024-09-10 17:34:26.043666,Australia,Spain,96002.49,AUD,SWIFT,58.82,Medium,False,Yes
TX-103704,2025-03-11 05:01:44.043666,China,Canada,76832.18,CNY,Wire,50.64,Medium,False,Yes
TX-103705,2024-05-29 22:08:53.043666,India,Netherlands,20887.91,INR,RTGS,69.48,Medium,False,Yes
TX-103706,2024-07-02 19:46:40.043666,Brazil,China,38480.5,BRL,RTGS,30.52,Low,False,Yes
TX-103707,2024-04-03 12:54:05.043666,Russia,South Africa,54446.83,RUB,Wire,40.24,Medium,False,Yes
TX-103708,2025-01-29 05:49:57.043666,USA,USA,61337.29,USD,ACH,2.14,Low,False,Yes
TX-103709,2024-11-23 16:19:45.043666,Germany,Brazil,46871.57,EUR,Wire,61.01,Medium,False,Yes
TX-103710,2024-07-14 09:52:08.043666,Brazil,Germany,81031.65,BRL,RTGS,42.31,Medium,False,Yes
TX-103711,2024-10-01 06:24:12.043666,USA,Brazil,76783.84,USD,ACH,91.98,High,True,Yes
TX-103712,2024-05-01 13:28:00.043666,Italy,Italy,50565.28,EUR,SEPA,64.18,Medium,False,Yes
TX-103713,2024-09-11 18:00:04.043666,Australia,Canada,85457.5,AUD,SWIFT,39.87,Low,False,Yes
TX-103714,2024-04-30 14:49:24.043666,Germany,Netherlands,75133.84,EUR,ACH,26.36,Low,False,Yes
TX-103715,2025-02-05 17:56:40.043666,Japan,Germany,77880.33,JPY,SWIFT,90.53,High,True,Yes
TX-103716,2025-03-08 18:02:00.043666,Germany,Germany,95644.44,EUR,SEPA,1.63,Low,False,Yes
TX-103717,2024-03-20 15:08:44.043666,South Africa,UK,26720.05,ZAR,ACH,32.69,Low,False,Yes
TX-103718,2025-02-21 19:02:49.043666,Russia,Spain,26838.05,RUB,SWIFT,94.35,High,True,Yes
TX-103719,2024-05-23 14:39:31.043666,South Africa,France,88906.33,ZAR,SWIFT,65.4,Medium,False,Yes
TX-103720,2025-02-12 07:52:54.043666,USA,Canada,77245.41,USD,SEPA,53.27,Medium,False,Yes
TX-103721,2024-08-09 12:36:03.043666,UK,India,92661.9,GBP,ACH,20.35,Low,False,Yes
TX-103722,2025-02-01 18:53:30.043666,Japan,India,6406.7,JPY,SWIFT,83.34,High,True,Yes
TX-103723,2024-08-01 17:38:06.043666,France,Canada,62812.93,EUR,RTGS,20.42,Low,False,Yes
TX-103724,2024-04-03 05:18:36.044667,Germany,USA,14548.37,EUR,Wire,24.83,Low,False,Yes
TX-103725,2024-10-14 05:30:19.044667,Russia,Australia,50439.33,RUB,SWIFT,19.19,Low,False,Yes
TX-103726,2024-10-22 04:28:35.044667,Netherlands,Italy,15659.12,EUR,Wire,15.81,Low,False,Yes
TX-103727,2024-10-13 23:48:11.044667,Brazil,South Africa,12895.04,BRL,RTGS,95.33,High,True,Yes
TX-103728,2024-04-10 10:57:16.044667,China,USA,1315.62,CNY,Wire,60.2,Medium,False,Yes
TX-103729,2024-03-20 20:21:18.044667,Spain,China,63060.86,EUR,RTGS,63.78,Medium,False,Yes
TX-103730,2024-12-01 08:01:18.044667,China,South Africa,35966.36,CNY,SWIFT,95.43,High,True,Yes
TX-103731,2024-09-09 03:13:32.044667,China,India,10608.31,CNY,ACH,23.06,Low,False,Yes
TX-103732,2025-01-02 03:33:25.044667,South Africa,Netherlands,32351.49,ZAR,RTGS,0.59,Low,False,Yes
TX-103733,2024-05-11 22:11:30.044667,India,Spain,16977.51,INR,SEPA,59.89,Medium,False,Yes
TX-103734,2025-01-07 10:54:34.044667,Russia,Russia,94175.31,RUB,SEPA,50.78,Medium,False,Yes
TX-103735,2025-01-13 10:12:04.044667,Spain,France,32068.49,EUR,SWIFT,47.77,Medium,False,Yes
TX-103736,2024-08-05 09:28:12.044667,Germany,Germany,33461.96,EUR,SWIFT,6.19,Low,False,Yes
TX-103737,2024-12-14 19:34:34.044667,France,Canada,84001.81,EUR,Wire,45.44,Medium,False,Yes
TX-103738,2024-11-04 06:54:15.044667,Netherlands,Australia,64810.8,EUR,SWIFT,28.76,Low,False,Yes
TX-103739,2025-03-07 05:56:07.044667,UK,Germany,71046.14,GBP,RTGS,27.46,Low,False,Yes
TX-103740,2024-11-29 16:49:35.044667,India,Spain,63636.58,INR,Wire,22.24,Low,False,Yes
TX-103741,2024-06-01 19:13:30.044667,Japan,Russia,94625.01,JPY,Wire,33.25,Low,False,Yes
TX-103742,2024-05-21 19:24:10.044667,Germany,USA,20779.38,EUR,Wire,35.31,Low,False,Yes
TX-103743,2025-02-28 13:25:37.044667,Italy,Russia,98905.02,EUR,ACH,30.88,Low,False,Yes
TX-103744,2024-04-08 12:37:41.044667,France,Spain,83112.52,EUR,SWIFT,97.88,High,True,Yes
TX-103745,2024-07-02 06:06:21.044667,France,Japan,58938.36,EUR,RTGS,93.27,High,True,Yes
TX-103746,2025-02-02 18:06:01.044667,USA,South Africa,66270.93,USD,Wire,57.45,Medium,False,Yes
TX-103747,2024-10-19 09:16:27.044667,Japan,Germany,64917.71,JPY,SEPA,98.11,High,True,Yes
TX-103748,2024-06-09 08:42:53.044667,China,Canada,5933.78,CNY,RTGS,99.12,High,True,Yes
TX-103749,2024-04-24 18:32:47.044667,Netherlands,South Africa,21879.85,EUR,ACH,35.59,Low,False,Yes
TX-103750,2025-01-24 07:49:39.044667,Brazil,China,96150.94,BRL,SWIFT,44.52,Medium,False,Yes
TX-103751,2024-12-10 10:23:47.044667,Netherlands,China,53483.01,EUR,SWIFT,95.91,High,True,Yes
TX-103752,2024-07-15 11:22:24.044667,UK,Australia,37897.52,GBP,RTGS,60.86,Medium,False,Yes
TX-103753,2025-03-04 16:42:30.044667,India,South Africa,76227.64,INR,SWIFT,21.29,Low,False,Yes
TX-103754,2024-07-23 00:54:43.044667,India,Canada,52499.44,INR,SWIFT,68.94,Medium,False,Yes
TX-103755,2024-04-21 02:04:25.044667,Italy,India,1414.96,EUR,Wire,20.57,Low,False,Yes
TX-103756,2024-03-22 12:46:28.044667,Japan,Australia,73650.14,JPY,ACH,33.94,Low,False,Yes
TX-103757,2025-02-06 23:07:28.044667,Australia,China,73248.53,AUD,SWIFT,22.76,Low,False,Yes
TX-103758,2025-03-14 06:52:10.044667,USA,Canada,16598.36,USD,ACH,24.5,Low,False,Yes
TX-103759,2024-08-26 12:07:05.044667,Spain,Canada,95670.34,EUR,RTGS,0.47,Low,False,Yes
TX-103760,2024-10-03 06:08:05.044667,India,USA,22468.42,INR,Wire,88.07,High,True,Yes
TX-103761,2024-05-31 14:17:55.044667,India,Netherlands,45829.16,INR,RTGS,29.6,Low,False,Yes
TX-103762,2025-02-06 16:50:23.044667,Italy,USA,11562.12,EUR,RTGS,8.64,Low,False,Yes
TX-103763,2024-04-06 10:44:24.044667,South Africa,Italy,60367.9,ZAR,Wire,8.7,Low,False,Yes
TX-103764,2024-10-02 05:51:09.044667,Japan,Spain,37607.57,JPY,SEPA,55.6,Medium,False,Yes
TX-103765,2024-08-09 03:47:56.044667,Spain,Netherlands,35382.03,EUR,SWIFT,99.29,High,True,Yes
TX-103766,2024-06-16 06:45:40.044667,Brazil,Russia,82714.99,BRL,SWIFT,14.5,Low,False,Yes
TX-103767,2024-05-26 05:44:44.044667,Italy,Brazil,1055.22,EUR,Wire,9.96,Low,False,Yes
TX-103768,2024-07-24 19:48:12.044667,Italy,Canada,79814.88,EUR,SEPA,43.83,Medium,False,Yes
TX-103769,2025-02-20 07:34:23.044667,UK,South Africa,57187.71,GBP,SWIFT,56.33,Medium,False,Yes
TX-103770,2025-02-15 12:44:18.044667,France,UK,98611.24,EUR,SWIFT,29.44,Low,False,Yes
TX-103771,2025-02-28 23:02:06.044667,Italy,USA,58985.38,EUR,SWIFT,30.25,Low,False,Yes
TX-103772,2024-08-28 22:36:07.044667,UK,Netherlands,5632.38,GBP,RTGS,42.45,Medium,False,Yes
TX-103773,2024-05-08 15:35:24.044667,South Africa,South Africa,5159.47,ZAR,ACH,31.41,Low,False,Yes
TX-103774,2024-07-08 23:11:39.044667,Japan,Australia,88326.98,JPY,RTGS,91.53,High,True,Yes
TX-103775,2024-12-16 11:26:04.044667,Australia,USA,84137.29,AUD,ACH,4.2,Low,False,Yes
TX-103776,2025-01-04 12:05:24.044667,Germany,France,34654.42,EUR,SEPA,23.46,Low,False,Yes
TX-103777,2024-11-15 12:59:28.044667,Russia,China,61841.45,RUB,SWIFT,80.86,High,True,Yes
TX-103778,2024-06-03 20:12:17.044667,Germany,India,49010.18,EUR,SEPA,83.4,High,True,Yes
TX-103779,2024-09-08 23:09:42.044667,France,Italy,96719.69,EUR,SWIFT,11.16,Low,False,Yes
TX-103780,2025-01-21 07:30:20.044667,Russia,Canada,95001.09,RUB,Wire,97.38,High,True,Yes
TX-103781,2024-08-27 12:07:36.044667,Brazil,Canada,98385.52,BRL,SWIFT,69.34,Medium,False,Yes
TX-103782,2024-08-19 20:50:59.044667,UK,India,86658.23,GBP,SWIFT,27.26,Low,False,Yes
TX-103783,2024-09-02 15:28:29.044667,South Africa,USA,90964.2,ZAR,RTGS,45.6,Medium,False,Yes
TX-103784,2024-06-17 13:59:55.044667,Australia,Japan,21806.15,AUD,Wire,29.71,Low,False,Yes
TX-103785,2024-11-03 15:16:10.044667,Netherlands,USA,83117.58,EUR,Wire,15.0,Low,False,Yes
TX-103786,2024-12-22 00:37:55.045665,USA,France,70914.83,USD,SEPA,29.12,Low,False,Yes
TX-103787,2025-02-27 01:57:24.045665,Japan,Russia,96282.37,JPY,SWIFT,58.01,Medium,False,Yes
TX-103788,2025-01-25 07:39:44.045665,Italy,Italy,57169.06,EUR,Wire,82.6,High,True,Yes
TX-103789,2024-07-23 09:49:33.045665,Italy,Italy,8608.2,EUR,ACH,36.35,Low,False,Yes
TX-103790,2024-05-03 01:01:15.045665,Japan,Canada,59780.15,JPY,SEPA,34.79,Low,False,Yes
TX-103791,2024-09-20 12:57:48.045665,Japan,China,68689.43,JPY,RTGS,46.8,Medium,False,Yes
TX-103792,2024-10-29 01:52:27.045665,UK,South Africa,22110.07,GBP,SEPA,64.46,Medium,False,Yes
TX-103793,2024-10-27 05:00:06.045665,Italy,Italy,39471.93,EUR,SEPA,75.16,High,True,Yes
TX-103794,2025-03-03 15:03:11.045665,Germany,Germany,59890.49,EUR,RTGS,32.68,Low,False,Yes
TX-103795,2024-05-20 07:47:15.045665,France,Russia,37473.16,EUR,RTGS,58.64,Medium,False,Yes
TX-103796,2024-09-15 02:10:43.045665,Germany,China,37557.28,EUR,SEPA,38.94,Low,False,Yes
TX-103797,2024-09-12 05:05:40.045665,Spain,South Africa,13395.36,EUR,RTGS,71.64,High,True,Yes
TX-103798,2024-03-19 19:27:26.045665,India,India,94080.6,INR,SEPA,16.47,Low,False,Yes
TX-103799,2024-05-20 13:23:15.045665,Canada,China,75074.39,CAD,RTGS,25.69,Low,False,Yes
TX-103800,2024-03-28 11:41:59.045665,Netherlands,USA,224.22,EUR,ACH,42.61,Medium,False,Yes
TX-103801,2025-03-09 19:34:56.045665,Australia,Australia,76584.77,AUD,RTGS,88.94,High,True,Yes
TX-103802,2024-10-06 09:47:45.045665,Russia,Italy,74005.52,RUB,RTGS,57.33,Medium,False,Yes
TX-103803,2024-04-07 07:19:33.045665,Spain,Australia,1072.12,EUR,SEPA,96.54,High,True,Yes
TX-103804,2024-06-27 10:49:56.045665,Canada,South Africa,37023.47,CAD,ACH,10.33,Low,False,Yes
TX-103805,2024-05-22 05:10:34.045665,Japan,Italy,60714.09,JPY,RTGS,46.02,Medium,False,Yes
TX-103806,2024-07-06 02:05:44.045665,Brazil,Netherlands,45329.79,BRL,SEPA,41.91,Medium,False,Yes
TX-103807,2024-07-17 19:39:19.045665,Russia,China,77820.81,RUB,SWIFT,60.02,Medium,False,Yes
TX-103808,2024-06-23 23:31:21.045665,Germany,China,42603.29,EUR,RTGS,81.2,High,True,Yes
TX-103809,2024-08-23 08:54:23.045665,USA,Canada,15470.91,USD,SEPA,84.14,High,True,Yes
TX-103810,2024-04-29 07:32:28.045665,France,Spain,97643.92,EUR,SWIFT,67.02,Medium,False,Yes
TX-103811,2024-06-08 16:18:49.045665,Italy,India,24279.8,EUR,Wire,64.15,Medium,False,Yes
TX-103812,2024-09-24 14:48:57.045665,India,India,71797.46,INR,SWIFT,94.9,High,True,Yes
TX-103813,2024-10-13 08:41:07.045665,China,South Africa,14401.32,CNY,Wire,38.37,Low,False,Yes
TX-103814,2024-05-25 09:28:08.045665,China,USA,32968.36,CNY,RTGS,83.28,High,True,Yes
TX-103815,2024-09-20 15:49:32.045665,USA,Australia,44258.56,USD,ACH,92.15,High,True,Yes
TX-103816,2024-09-22 05:14:45.045665,Russia,Japan,19303.98,RUB,ACH,49.15,Medium,False,Yes
TX-103817,2024-03-27 00:36:02.045665,Canada,Spain,45050.96,CAD,Wire,72.91,High,True,Yes
TX-103818,2024-08-28 14:39:24.045665,Germany,China,15800.57,EUR,RTGS,37.7,Low,False,Yes
TX-103819,2024-06-10 09:58:47.045665,South Africa,Germany,55944.75,ZAR,SEPA,15.89,Low,False,Yes
TX-103820,2025-02-06 07:52:55.045665,South Africa,Canada,66404.95,ZAR,SEPA,58.65,Medium,False,Yes
TX-103821,2024-10-21 11:34:59.045665,China,Canada,6337.18,CNY,SEPA,19.65,Low,False,Yes
TX-103822,2025-02-26 10:36:21.045665,Brazil,USA,87126.1,BRL,ACH,45.76,Medium,False,Yes
TX-103823,2024-11-07 20:06:03.045665,India,China,18595.57,INR,ACH,87.29,High,True,Yes
TX-103824,2024-11-25 21:31:33.045665,Japan,Brazil,22613.71,JPY,Wire,8.6,Low,False,Yes
TX-103825,2024-07-17 18:23:35.045665,Germany,Canada,66168.85,EUR,ACH,3.04,Low,False,Yes
TX-103826,2024-08-08 07:45:45.045665,Australia,China,46928.23,AUD,SEPA,60.65,Medium,False,Yes
TX-103827,2024-05-03 10:06:43.045665,Germany,South Africa,49989.62,EUR,SWIFT,33.11,Low,False,Yes
TX-103828,2024-10-11 08:37:49.045665,Russia,Russia,12902.68,RUB,Wire,41.79,Medium,False,Yes
TX-103829,2024-11-06 20:21:15.045665,Netherlands,Germany,80593.01,EUR,SWIFT,40.57,Medium,False,Yes
TX-103830,2025-02-02 14:38:20.045665,Spain,Netherlands,61743.72,EUR,SEPA,8.66,Low,False,Yes
TX-103831,2024-08-18 16:48:12.045665,France,China,13624.67,EUR,SWIFT,0.36,Low,False,Yes
TX-103832,2024-06-14 23:40:20.045665,Netherlands,UK,37462.54,EUR,SEPA,89.84,High,True,Yes
TX-103833,2025-03-09 18:56:20.045665,USA,India,81059.95,USD,RTGS,21.78,Low,False,Yes
TX-103834,2024-10-20 09:21:53.045665,Germany,Japan,56878.67,EUR,SWIFT,42.61,Medium,False,Yes
TX-103835,2024-12-06 07:00:23.045665,Netherlands,France,10954.01,EUR,ACH,97.19,High,True,Yes
TX-103836,2024-07-12 14:10:46.045665,Germany,Spain,37340.43,EUR,SEPA,82.68,High,True,Yes
TX-103837,2024-04-07 12:17:50.045665,Brazil,Italy,24345.17,BRL,SWIFT,10.79,Low,False,Yes
TX-103838,2025-02-21 10:36:30.045665,Canada,Australia,51794.81,CAD,SWIFT,50.85,Medium,False,Yes
TX-103839,2024-05-14 04:04:36.045665,Brazil,Brazil,84351.78,BRL,Wire,73.01,High,True,Yes
TX-103840,2024-04-17 08:06:48.045665,South Africa,China,43683.09,ZAR,SWIFT,69.84,Medium,False,Yes
TX-103841,2024-11-21 05:34:59.045665,Australia,Australia,43390.87,AUD,SEPA,76.08,High,True,Yes
TX-103842,2024-12-07 08:37:09.045665,Netherlands,UK,90544.56,EUR,ACH,45.75,Medium,False,Yes
TX-103843,2024-06-18 22:58:56.045665,Germany,Germany,57660.92,EUR,SEPA,17.59,Low,False,Yes
TX-103844,2024-12-26 21:35:24.045665,Brazil,UK,56662.49,BRL,SEPA,46.49,Medium,False,Yes
TX-103845,2024-06-05 13:19:06.046667,China,South Africa,26264.8,CNY,SEPA,64.79,Medium,False,Yes
TX-103846,2024-06-09 08:30:20.046667,Brazil,USA,60811.5,BRL,SEPA,60.86,Medium,False,Yes
TX-103847,2024-04-23 05:38:53.046667,Germany,USA,57633.46,EUR,ACH,7.05,Low,False,Yes
TX-103848,2024-11-04 05:39:02.046667,Italy,UK,39745.46,EUR,SWIFT,6.5,Low,False,Yes
TX-103849,2024-06-27 11:17:32.046667,Netherlands,France,99070.49,EUR,SEPA,96.53,High,True,Yes
TX-103850,2024-08-23 00:17:56.046667,Germany,China,88200.91,EUR,SWIFT,15.18,Low,False,Yes
TX-103851,2024-10-28 05:16:15.046667,Japan,Italy,74983.67,JPY,SEPA,29.45,Low,False,Yes
TX-103852,2024-05-28 16:41:03.046667,Spain,Japan,53780.82,EUR,Wire,76.76,High,True,Yes
TX-103853,2024-06-16 06:36:46.046667,South Africa,India,46259.77,ZAR,SWIFT,40.97,Medium,False,Yes
TX-103854,2024-06-14 20:44:51.046667,France,South Africa,18571.25,EUR,SWIFT,18.15,Low,False,Yes
TX-103855,2025-01-16 02:32:49.046667,Italy,Spain,30643.17,EUR,Wire,46.72,Medium,False,Yes
TX-103856,2024-10-23 08:29:34.046667,Australia,France,77418.68,AUD,ACH,56.89,Medium,False,Yes
TX-103857,2024-10-18 11:49:36.046667,Japan,China,45429.52,JPY,ACH,45.28,Medium,False,Yes
TX-103858,2024-07-29 19:21:46.046667,India,Netherlands,88238.72,INR,Wire,91.89,High,True,Yes
TX-103859,2025-03-13 05:29:37.046667,Spain,Japan,14876.32,EUR,ACH,28.47,Low,False,Yes
TX-103860,2024-05-13 21:23:32.046667,France,South Africa,50883.87,EUR,SEPA,66.13,Medium,False,Yes
TX-103861,2025-02-02 12:57:35.046667,France,UK,64731.87,EUR,SEPA,11.23,Low,False,Yes
TX-103862,2024-05-29 13:54:35.046667,Spain,UK,51733.16,EUR,SEPA,39.23,Low,False,Yes
TX-103863,2024-07-24 14:23:57.046667,Japan,Australia,88933.77,JPY,Wire,74.1,High,True,Yes
TX-103864,2025-02-10 13:12:48.046667,Netherlands,France,98957.37,EUR,RTGS,22.48,Low,False,Yes
TX-103865,2024-08-17 13:41:55.046667,Australia,China,11671.88,AUD,ACH,58.98,Medium,False,Yes
TX-103866,2024-05-23 01:01:15.046667,Australia,Spain,13082.49,AUD,ACH,15.34,Low,False,Yes
TX-103867,2024-05-22 13:41:12.046667,Canada,France,13119.38,CAD,RTGS,10.27,Low,False,Yes
TX-103868,2024-06-11 16:23:14.046667,South Africa,Spain,68149.59,ZAR,RTGS,52.32,Medium,False,Yes
TX-103869,2024-08-13 23:16:10.046667,Brazil,USA,37330.34,BRL,SEPA,67.5,Medium,False,Yes
TX-103870,2024-06-27 18:25:26.046667,Australia,Japan,73358.13,AUD,Wire,11.34,Low,False,Yes
TX-103871,2024-10-14 22:10:47.046667,South Africa,China,40606.6,ZAR,SEPA,91.78,High,True,Yes
TX-103872,2024-10-12 07:20:01.046667,Russia,India,62797.91,RUB,Wire,22.58,Low,False,Yes
TX-103873,2024-07-11 23:54:02.046667,Spain,India,77008.81,EUR,ACH,12.0,Low,False,Yes
TX-103874,2024-11-09 15:30:12.046667,Netherlands,UK,54866.77,EUR,ACH,20.27,Low,False,Yes
TX-103875,2024-06-30 12:10:17.046667,Germany,USA,53996.41,EUR,SWIFT,16.96,Low,False,Yes
TX-103876,2024-05-01 22:14:53.046667,Spain,Germany,8914.61,EUR,ACH,9.07,Low,False,Yes
TX-103877,2025-02-11 11:26:54.046667,Spain,Japan,41137.1,EUR,RTGS,79.78,High,True,Yes
TX-103878,2025-01-12 03:06:40.046667,Italy,Russia,54623.14,EUR,SWIFT,49.55,Medium,False,Yes
TX-103879,2025-02-13 08:23:03.046667,USA,Russia,46251.88,USD,Wire,38.85,Low,False,Yes
TX-103880,2024-04-10 08:24:05.046667,China,Japan,90088.12,CNY,Wire,95.06,High,True,Yes
TX-103881,2024-04-21 05:50:54.046667,Russia,Russia,90662.41,RUB,SWIFT,37.1,Low,False,Yes
TX-103882,2024-04-14 05:24:06.048666,Germany,USA,82209.55,EUR,RTGS,16.7,Low,False,Yes
TX-103883,2024-04-02 10:19:33.048666,Brazil,Italy,37592.28,BRL,ACH,27.4,Low,False,Yes
TX-103884,2024-11-21 01:59:36.048666,UK,Spain,71758.19,GBP,Wire,23.9,Low,False,Yes
TX-103885,2024-12-08 22:32:21.048666,USA,Germany,39589.32,USD,Wire,49.87,Medium,False,Yes
TX-103886,2024-10-21 08:51:37.048666,France,Germany,23336.1,EUR,RTGS,29.15,Low,False,Yes
TX-103887,2024-05-23 20:40:49.048666,Japan,India,34355.97,JPY,SWIFT,51.61,Medium,False,Yes
TX-103888,2025-02-05 09:48:57.048666,Netherlands,Netherlands,7189.37,EUR,RTGS,66.93,Medium,False,Yes
TX-103889,2024-05-31 06:49:28.048666,China,Germany,33244.57,CNY,ACH,77.73,High,True,Yes
TX-103890,2024-06-28 03:13:19.048666,China,South Africa,46128.15,CNY,Wire,71.02,High,True,Yes
TX-103891,2024-09-11 14:17:33.048666,Brazil,Canada,95552.54,BRL,SEPA,20.56,Low,False,Yes
TX-103892,2025-01-26 04:34:21.048666,Italy,Spain,31409.72,EUR,SEPA,11.59,Low,False,Yes
TX-103893,2024-12-01 15:34:10.048666,France,Germany,90255.11,EUR,ACH,54.25,Medium,False,Yes
TX-103894,2024-03-23 19:02:24.048666,UK,India,22962.94,GBP,RTGS,19.89,Low,False,Yes
TX-103895,2024-08-24 20:21:42.048666,Germany,Australia,19177.79,EUR,SEPA,8.49,Low,False,Yes
TX-103896,2024-06-03 19:27:11.048666,Spain,Brazil,51947.65,EUR,ACH,52.71,Medium,False,Yes
TX-103897,2024-07-27 08:54:18.048666,Germany,Brazil,67283.89,EUR,RTGS,32.68,Low,False,Yes
TX-103898,2024-07-11 22:46:34.048666,Italy,Australia,4528.79,EUR,ACH,75.61,High,True,Yes
TX-103899,2024-12-29 17:11:30.048666,China,China,22184.48,CNY,ACH,31.42,Low,False,Yes
TX-103900,2025-02-13 06:16:07.048666,Russia,Brazil,45622.8,RUB,ACH,97.87,High,True,Yes
TX-103901,2024-09-21 02:35:10.048666,Germany,Spain,33167.33,EUR,Wire,75.85,High,True,Yes
TX-103902,2024-04-21 03:04:36.048666,Australia,Russia,71290.85,AUD,RTGS,5.77,Low,False,Yes
TX-103903,2025-01-21 15:05:46.048666,Japan,China,51164.94,JPY,RTGS,50.89,Medium,False,Yes
TX-103904,2024-10-20 08:08:22.048666,India,China,16119.87,INR,Wire,56.26,Medium,False,Yes
TX-103905,2025-01-25 10:42:01.048666,India,Spain,89457.09,INR,SEPA,69.53,Medium,False,Yes
TX-103906,2024-05-21 08:38:03.048666,Spain,China,29361.28,EUR,SEPA,49.78,Medium,False,Yes
TX-103907,2024-07-23 15:44:25.048666,France,France,73140.0,EUR,SEPA,48.34,Medium,False,Yes
TX-103908,2024-04-07 21:22:06.048666,South Africa,Italy,78013.59,ZAR,RTGS,36.79,Low,False,Yes
TX-103909,2024-07-01 16:04:35.048666,Russia,Spain,96319.45,RUB,Wire,27.15,Low,False,Yes
TX-103910,2025-03-09 09:26:51.048666,Australia,UK,49900.9,AUD,RTGS,94.62,High,True,Yes
TX-103911,2025-03-08 02:28:26.048666,Brazil,Canada,61621.97,BRL,RTGS,31.76,Low,False,Yes
TX-103912,2024-05-23 18:47:54.048666,India,Australia,33554.14,INR,RTGS,6.34,Low,False,Yes
TX-103913,2024-09-14 12:05:12.048666,Brazil,Netherlands,67850.11,BRL,Wire,16.73,Low,False,Yes
TX-103914,2024-09-02 08:07:24.048666,Australia,South Africa,46392.01,AUD,SWIFT,85.73,High,True,Yes
TX-103915,2024-05-21 16:03:07.048666,Australia,Netherlands,43821.47,AUD,SEPA,58.66,Medium,False,Yes
TX-103916,2024-06-24 22:31:46.048666,UK,USA,85561.21,GBP,ACH,77.88,High,True,Yes
TX-103917,2024-06-27 16:12:05.048666,Brazil,Australia,5111.87,BRL,SEPA,80.88,High,True,Yes
TX-103918,2024-04-25 10:19:47.048666,South Africa,Germany,88208.05,ZAR,ACH,82.32,High,True,Yes
TX-103919,2025-01-21 12:24:32.048666,Spain,Netherlands,85221.78,EUR,SWIFT,55.06,Medium,False,Yes
TX-103920,2024-06-10 09:02:47.048666,UK,USA,50685.99,GBP,SWIFT,17.71,Low,False,Yes
TX-103921,2025-02-16 02:11:17.048666,UK,India,49071.27,GBP,SWIFT,14.82,Low,False,Yes
TX-103922,2024-11-15 02:42:13.048666,Brazil,Germany,36244.56,BRL,Wire,57.4,Medium,False,Yes
TX-103923,2024-05-05 05:26:35.048666,Japan,Brazil,99417.96,JPY,RTGS,36.65,Low,False,Yes
TX-103924,2024-03-18 21:56:42.048666,Australia,Germany,11205.82,AUD,SEPA,55.8,Medium,False,Yes
TX-103925,2024-09-09 00:55:48.048666,UK,Australia,59062.5,GBP,ACH,49.85,Medium,False,Yes
TX-103926,2024-05-15 07:38:47.048666,Netherlands,China,68199.99,EUR,SEPA,60.22,Medium,False,Yes
TX-103927,2024-06-24 15:38:08.048666,Netherlands,Germany,93439.57,EUR,SWIFT,3.21,Low,False,Yes
TX-103928,2025-03-10 17:26:56.048666,Japan,Germany,78042.33,JPY,Wire,3.28,Low,False,Yes
TX-103929,2024-03-18 20:31:21.048666,India,Australia,64420.34,INR,Wire,72.16,High,True,Yes
TX-103930,2025-01-08 04:35:45.048666,USA,Brazil,11769.55,USD,ACH,19.31,Low,False,Yes
TX-103931,2024-11-01 06:56:42.048666,Japan,South Africa,37435.98,JPY,Wire,65.22,Medium,False,Yes
TX-103932,2024-08-04 05:33:55.048666,USA,Russia,13970.28,USD,SWIFT,54.66,Medium,False,Yes
TX-103933,2024-12-12 00:15:05.048666,Russia,Spain,88133.15,RUB,SWIFT,98.18,High,True,Yes
TX-103934,2025-02-17 12:22:56.048666,Russia,South Africa,74987.15,RUB,SEPA,83.54,High,True,Yes
TX-103935,2024-07-01 10:50:24.048666,Canada,Brazil,75777.93,CAD,RTGS,41.31,Medium,False,Yes
TX-103936,2024-09-04 00:14:47.048666,Russia,Italy,65260.43,RUB,SWIFT,61.64,Medium,False,Yes
TX-103937,2024-05-25 13:36:19.048666,India,Germany,50753.65,INR,SEPA,11.73,Low,False,Yes
TX-103938,2025-03-13 21:20:47.049668,USA,Italy,15082.11,USD,SWIFT,38.64,Low,False,Yes
TX-103939,2024-06-25 08:09:28.049668,South Africa,UK,33036.52,ZAR,SEPA,73.39,High,True,Yes
TX-103940,2024-03-26 00:44:20.049668,USA,Russia,13777.89,USD,RTGS,62.27,Medium,False,Yes
TX-103941,2024-09-18 03:25:55.049668,Italy,USA,72518.82,EUR,RTGS,48.45,Medium,False,Yes
TX-103942,2024-07-09 10:39:48.049668,UK,Spain,16106.85,GBP,ACH,17.65,Low,False,Yes
TX-103943,2024-08-07 11:46:52.049668,Russia,USA,70241.14,RUB,SWIFT,80.31,High,True,Yes
TX-103944,2024-07-15 05:36:16.049668,India,Canada,69256.31,INR,Wire,27.32,Low,False,Yes
TX-103945,2024-08-21 14:02:29.049668,Germany,Spain,45984.52,EUR,Wire,82.05,High,True,Yes
TX-103946,2025-03-01 08:16:56.049668,Canada,USA,13609.34,CAD,SWIFT,61.16,Medium,False,Yes
TX-103947,2024-11-14 02:24:31.049668,Brazil,Japan,31548.6,BRL,Wire,37.27,Low,False,Yes
TX-103948,2024-09-05 08:36:29.049668,UK,Canada,32077.3,GBP,ACH,4.06,Low,False,Yes
TX-103949,2024-10-10 15:46:57.049668,USA,UK,70068.47,USD,SEPA,23.24,Low,False,Yes
TX-103950,2024-12-11 23:07:21.049668,Germany,France,11462.93,EUR,Wire,88.91,High,True,Yes
TX-103951,2024-07-08 21:28:04.049668,Japan,Australia,82923.96,JPY,SWIFT,81.8,High,True,Yes
TX-103952,2025-03-13 22:59:31.049668,Australia,Germany,76124.63,AUD,SEPA,57.49,Medium,False,Yes
TX-103953,2025-03-14 13:51:52.049668,Spain,India,18712.06,EUR,SWIFT,46.63,Medium,False,Yes
TX-103954,2024-11-27 08:07:22.049668,USA,China,71944.52,USD,SEPA,64.71,Medium,False,Yes
TX-103955,2024-05-14 09:46:07.049668,China,Netherlands,66884.47,CNY,Wire,46.62,Medium,False,Yes
TX-103956,2024-09-29 03:23:09.049668,India,South Africa,74837.27,INR,Wire,64.43,Medium,False,Yes
TX-103957,2025-03-05 05:42:50.049668,India,Spain,18973.96,INR,SEPA,30.74,Low,False,Yes
TX-103958,2025-01-04 02:08:46.049668,Netherlands,USA,15843.27,EUR,ACH,83.85,High,True,Yes
TX-103959,2025-01-10 17:46:48.049668,China,USA,23724.75,CNY,RTGS,70.19,High,True,Yes
TX-103960,2024-11-08 12:46:35.049668,Netherlands,Germany,36650.58,EUR,ACH,33.0,Low,False,Yes
TX-103961,2024-05-25 02:09:23.049668,Australia,Germany,79387.13,AUD,SEPA,83.07,High,True,Yes
TX-103962,2024-07-31 18:19:50.049668,India,France,73818.6,INR,ACH,48.73,Medium,False,Yes
TX-103963,2024-12-31 09:51:32.049668,Australia,UK,92552.61,AUD,RTGS,17.46,Low,False,Yes
TX-103964,2024-05-23 01:27:52.049668,USA,Germany,5957.09,USD,RTGS,7.77,Low,False,Yes
TX-103965,2024-10-07 00:28:25.049668,USA,Netherlands,1254.47,USD,RTGS,69.96,Medium,False,Yes
TX-103966,2024-09-18 04:54:59.049668,Japan,France,69943.97,JPY,ACH,86.51,High,True,Yes
TX-103967,2024-12-27 17:26:24.049668,Japan,Brazil,28000.82,JPY,ACH,80.74,High,True,Yes
TX-103968,2024-05-18 08:58:17.049668,Italy,UK,33474.48,EUR,RTGS,65.57,Medium,False,Yes
TX-103969,2024-05-24 04:11:05.049668,USA,Spain,54725.52,USD,SWIFT,14.14,Low,False,Yes
TX-103970,2024-08-04 19:57:01.049668,USA,Russia,10331.07,USD,RTGS,9.4,Low,False,Yes
TX-103971,2025-01-11 01:37:13.049668,Japan,Japan,64305.17,JPY,RTGS,34.5,Low,False,Yes
TX-103972,2025-01-22 08:05:03.049668,Brazil,Germany,32582.23,BRL,ACH,85.49,High,True,Yes
TX-103973,2024-07-24 16:10:11.049668,France,UK,63308.24,EUR,RTGS,96.17,High,True,Yes
TX-103974,2024-11-18 10:11:27.049668,Japan,Germany,83417.29,JPY,SWIFT,24.14,Low,False,Yes
TX-103975,2024-09-05 11:49:58.049668,France,USA,17194.02,EUR,SWIFT,76.21,High,True,Yes
TX-103976,2024-04-17 14:30:42.049668,USA,UK,93094.22,USD,Wire,57.39,Medium,False,Yes
TX-103977,2024-05-03 02:16:24.049668,Japan,Russia,53115.75,JPY,SEPA,3.18,Low,False,Yes
TX-103978,2025-02-13 14:58:28.049668,Russia,France,92300.48,RUB,SEPA,54.29,Medium,False,Yes
TX-103979,2024-05-25 05:43:44.049668,Brazil,Netherlands,20852.24,BRL,ACH,80.59,High,True,Yes
TX-103980,2025-01-10 15:58:30.049668,India,Canada,60495.81,INR,ACH,27.61,Low,False,Yes
TX-103981,2025-01-23 07:52:49.049668,Italy,USA,40448.32,EUR,RTGS,89.74,High,True,Yes
TX-103982,2024-08-25 20:01:15.049668,South Africa,Russia,77444.8,ZAR,ACH,23.63,Low,False,Yes
TX-103983,2024-12-28 13:06:53.049668,Netherlands,India,60630.3,EUR,SEPA,7.65,Low,False,Yes
TX-103984,2024-11-27 03:00:45.049668,UK,UK,49502.09,GBP,SEPA,15.99,Low,False,Yes
TX-103985,2025-02-03 02:06:43.049668,Canada,Italy,91307.24,CAD,Wire,83.7,High,True,Yes
TX-103986,2024-03-20 10:32:32.049668,Netherlands,India,37773.99,EUR,RTGS,41.73,Medium,False,Yes
TX-103987,2025-01-24 11:42:28.049668,Canada,South Africa,22076.02,CAD,ACH,79.69,High,True,Yes
TX-103988,2024-05-09 06:53:32.049668,Japan,Netherlands,60849.31,JPY,ACH,53.12,Medium,False,Yes
TX-103989,2025-01-09 23:12:34.049668,UK,Canada,62440.44,GBP,Wire,48.06,Medium,False,Yes
TX-103990,2024-09-19 03:54:26.049668,Germany,Spain,43965.55,EUR,SWIFT,80.69,High,True,Yes
TX-103991,2024-03-28 08:13:01.049668,Germany,Netherlands,48712.34,EUR,RTGS,42.35,Medium,False,Yes
TX-103992,2025-03-05 16:21:30.049668,China,Germany,95959.39,CNY,SWIFT,80.2,High,True,Yes
TX-103993,2024-06-29 02:26:28.049668,Japan,France,73295.3,JPY,SWIFT,10.07,Low,False,Yes
TX-103994,2024-04-30 08:44:11.049668,France,Australia,11149.11,EUR,SWIFT,63.63,Medium,False,Yes
TX-103995,2024-09-19 16:19:16.049668,Russia,Germany,21291.79,RUB,SEPA,70.26,High,True,Yes
TX-103996,2024-07-09 14:39:13.049668,Spain,Spain,97560.11,EUR,SWIFT,89.91,High,True,Yes
TX-103997,2024-11-27 02:14:58.049668,France,South Africa,72673.91,EUR,Wire,22.43,Low,False,Yes
TX-103998,2024-04-15 18:23:42.049668,South Africa,Spain,91513.01,ZAR,RTGS,60.42,Medium,False,Yes
TX-103999,2024-06-22 21:40:47.049668,Italy,India,30455.76,EUR,RTGS,43.33,Medium,False,Yes
TX-104000,2025-02-09 14:18:34.049668,Canada,UK,74212.5,CAD,ACH,38.28,Low,False,Yes
TX-104001,2024-12-22 18:23:53.049668,Spain,Japan,71428.87,EUR,SEPA,10.67,Low,False,Yes
TX-104002,2024-12-02 17:40:05.050665,Italy,South Africa,29539.53,EUR,SEPA,13.42,Low,False,Yes
TX-104003,2025-02-07 18:39:53.050665,Australia,China,55126.55,AUD,SEPA,83.7,High,True,Yes
TX-104004,2024-10-18 08:58:54.050665,China,Netherlands,62778.77,CNY,RTGS,74.98,High,True,Yes
TX-104005,2024-04-12 05:36:36.050665,Germany,Italy,48165.07,EUR,ACH,38.23,Low,False,Yes
TX-104006,2024-06-08 03:40:22.050665,Brazil,Netherlands,82735.15,BRL,ACH,82.85,High,True,Yes
TX-104007,2024-09-03 13:25:33.050665,Germany,Brazil,83303.62,EUR,Wire,8.08,Low,False,Yes
TX-104008,2024-09-21 15:42:07.050665,France,Canada,85074.99,EUR,SWIFT,62.48,Medium,False,Yes
TX-104009,2024-12-30 22:34:33.050665,India,Canada,80362.01,INR,SWIFT,86.82,High,True,Yes
TX-104010,2024-11-01 04:50:01.050665,Russia,UK,48859.54,RUB,RTGS,83.89,High,True,Yes
TX-104011,2024-06-22 12:20:37.050665,Russia,Netherlands,38205.69,RUB,SEPA,37.28,Low,False,Yes
TX-104012,2024-04-01 17:07:09.050665,Canada,Netherlands,83154.49,CAD,Wire,74.52,High,True,Yes
TX-104013,2024-07-30 02:08:50.050665,India,UK,49071.13,INR,ACH,42.75,Medium,False,Yes
TX-104014,2024-05-28 02:46:26.050665,Russia,South Africa,24712.5,RUB,Wire,84.01,High,True,Yes
TX-104015,2024-09-10 02:21:52.050665,India,Germany,50783.62,INR,SEPA,53.08,Medium,False,Yes
TX-104016,2024-07-28 01:42:13.050665,South Africa,Germany,14270.8,ZAR,SEPA,76.49,High,True,Yes
TX-104017,2024-12-11 12:59:51.050665,USA,Japan,69193.79,USD,SEPA,7.86,Low,False,Yes
TX-104018,2024-07-02 10:27:29.050665,Canada,Italy,33658.54,CAD,SWIFT,59.0,Medium,False,Yes
TX-104019,2024-04-03 18:31:52.050665,Italy,Brazil,26139.81,EUR,SEPA,55.03,Medium,False,Yes
TX-104020,2024-07-11 18:15:32.050665,Italy,Spain,95655.22,EUR,SEPA,61.0,Medium,False,Yes
TX-104021,2024-12-24 01:45:26.050665,Italy,Spain,77710.41,EUR,Wire,69.56,Medium,False,Yes
TX-104022,2024-10-08 02:43:25.050665,Japan,China,78728.24,JPY,ACH,91.81,High,True,Yes
TX-104023,2024-08-17 23:03:50.050665,Australia,Italy,62409.82,AUD,ACH,78.57,High,True,Yes
TX-104024,2024-11-13 08:47:36.050665,USA,India,83933.36,USD,Wire,21.96,Low,False,Yes
TX-104025,2024-07-28 23:18:44.050665,India,Germany,75940.33,INR,ACH,82.59,High,True,Yes
TX-104026,2024-05-06 14:42:20.050665,USA,Netherlands,59917.49,USD,SWIFT,12.21,Low,False,Yes
TX-104027,2024-07-01 04:03:10.050665,Brazil,USA,96116.33,BRL,SEPA,62.22,Medium,False,Yes
TX-104028,2024-08-09 17:18:07.050665,UK,South Africa,19240.34,GBP,SEPA,88.28,High,True,Yes
TX-104029,2024-05-27 19:26:58.050665,Canada,China,94343.63,CAD,SEPA,10.11,Low,False,Yes
TX-104030,2025-02-10 09:19:51.050665,Australia,China,40203.67,AUD,RTGS,84.97,High,True,Yes
TX-104031,2024-11-19 06:40:36.050665,Russia,Germany,52887.06,RUB,SWIFT,79.86,High,True,Yes
TX-104032,2024-09-19 11:41:32.050665,Italy,Russia,12361.66,EUR,SEPA,50.38,Medium,False,Yes
TX-104033,2024-08-13 20:05:48.050665,India,Japan,54056.73,INR,SEPA,30.89,Low,False,Yes
TX-104034,2024-12-04 05:50:56.050665,South Africa,France,61159.55,ZAR,SWIFT,40.54,Medium,False,Yes
TX-104035,2024-08-04 08:00:09.050665,Spain,South Africa,99770.38,EUR,ACH,96.87,High,True,Yes
TX-104036,2024-12-20 11:32:41.050665,China,UK,97521.72,CNY,SWIFT,20.17,Low,False,Yes
TX-104037,2024-08-14 20:28:47.050665,Russia,Spain,96643.09,RUB,RTGS,57.96,Medium,False,Yes
TX-104038,2024-08-04 22:05:03.050665,Canada,Germany,34903.97,CAD,SWIFT,8.32,Low,False,Yes
TX-104039,2024-09-16 05:29:05.050665,Netherlands,USA,99127.52,EUR,ACH,21.79,Low,False,Yes
TX-104040,2024-03-26 09:59:17.050665,Japan,India,45602.27,JPY,SWIFT,76.33,High,True,Yes
TX-104041,2024-05-08 02:49:35.050665,Netherlands,South Africa,85198.44,EUR,RTGS,30.26,Low,False,Yes
TX-104042,2024-12-11 12:18:16.050665,USA,France,21710.36,USD,ACH,98.58,High,True,Yes
TX-104043,2024-05-07 10:18:08.050665,Germany,Russia,50632.73,EUR,RTGS,50.08,Medium,False,Yes
TX-104044,2024-04-20 11:19:37.050665,Germany,UK,96604.61,EUR,SEPA,51.65,Medium,False,Yes
TX-104045,2024-11-01 20:55:05.050665,Netherlands,Russia,94708.44,EUR,Wire,3.63,Low,False,Yes
TX-104046,2024-07-14 17:52:33.050665,Russia,Japan,68405.11,RUB,Wire,95.65,High,True,Yes
TX-104047,2025-02-05 20:08:54.050665,Brazil,China,79801.65,BRL,Wire,17.42,Low,False,Yes
TX-104048,2024-09-25 10:37:29.050665,Netherlands,Netherlands,17725.03,EUR,Wire,53.83,Medium,False,Yes
TX-104049,2024-10-13 11:16:29.050665,China,Australia,72193.69,CNY,Wire,39.57,Low,False,Yes
TX-104050,2025-02-09 04:39:54.050665,Australia,Germany,61843.28,AUD,SWIFT,41.56,Medium,False,Yes
TX-104051,2024-07-28 04:30:33.050665,France,Brazil,9246.02,EUR,RTGS,64.33,Medium,False,Yes
TX-104052,2024-08-03 00:53:51.050665,USA,Canada,11404.58,USD,SEPA,66.21,Medium,False,Yes
TX-104053,2024-06-19 04:41:14.050665,Netherlands,South Africa,10933.52,EUR,SEPA,15.43,Low,False,Yes
TX-104054,2024-07-24 14:15:29.050665,Canada,Australia,72463.26,CAD,Wire,49.96,Medium,False,Yes
TX-104055,2024-06-17 15:05:39.051665,India,South Africa,14257.35,INR,SWIFT,79.05,High,True,Yes
TX-104056,2024-10-13 07:46:59.051665,Netherlands,India,46826.45,EUR,Wire,44.33,Medium,False,Yes
TX-104057,2025-01-08 06:52:24.051665,France,China,35762.48,EUR,Wire,16.58,Low,False,Yes
TX-104058,2025-01-04 00:46:46.051665,Netherlands,Canada,55095.36,EUR,SEPA,31.32,Low,False,Yes
TX-104059,2024-04-10 10:50:49.051665,Japan,UK,70677.0,JPY,SWIFT,21.24,Low,False,Yes
TX-104060,2025-03-07 18:27:41.051665,China,Japan,68503.78,CNY,Wire,12.58,Low,False,Yes
TX-104061,2025-01-25 09:09:40.051665,India,Italy,51600.44,INR,SWIFT,37.76,Low,False,Yes
TX-104062,2024-04-15 09:05:13.051665,USA,South Africa,46487.05,USD,ACH,54.09,Medium,False,Yes
TX-104063,2024-08-07 04:22:29.051665,UK,Netherlands,39841.78,GBP,ACH,7.28,Low,False,Yes
TX-104064,2024-04-28 10:31:43.051665,Netherlands,India,86204.8,EUR,ACH,60.38,Medium,False,Yes
TX-104065,2025-01-09 19:30:46.051665,Russia,South Africa,33152.1,RUB,RTGS,99.3,High,True,Yes
TX-104066,2024-08-24 12:49:42.051665,Spain,Japan,26010.65,EUR,Wire,96.41,High,True,Yes
TX-104067,2024-11-14 22:48:08.051665,USA,Spain,74357.22,USD,Wire,82.92,High,True,Yes
TX-104068,2024-08-16 05:45:33.051665,Germany,Australia,36040.37,EUR,SWIFT,26.63,Low,False,Yes
TX-104069,2025-02-02 08:18:20.051665,China,Japan,84715.16,CNY,ACH,2.24,Low,False,Yes
TX-104070,2024-04-16 16:17:29.051665,UK,Australia,32856.08,GBP,ACH,83.35,High,True,Yes
TX-104071,2024-11-03 17:58:24.051665,South Africa,UK,70224.29,ZAR,Wire,5.57,Low,False,Yes
TX-104072,2024-04-15 08:04:04.051665,Russia,Spain,4606.39,RUB,Wire,20.56,Low,False,Yes
TX-104073,2024-11-28 14:10:07.051665,Brazil,Brazil,38617.73,BRL,RTGS,54.45,Medium,False,Yes
TX-104074,2025-01-15 14:19:21.051665,Russia,Spain,34388.69,RUB,Wire,17.84,Low,False,Yes
TX-104075,2025-02-25 23:41:44.051665,Italy,Japan,81686.21,EUR,Wire,83.38,High,True,Yes
TX-104076,2025-01-05 12:07:25.051665,Netherlands,Brazil,96708.83,EUR,RTGS,77.72,High,True,Yes
TX-104077,2024-08-12 23:57:27.051665,Canada,Australia,46142.04,CAD,Wire,75.58,High,True,Yes
TX-104078,2024-12-25 02:57:20.051665,France,Brazil,82501.14,EUR,SWIFT,81.61,High,True,Yes
TX-104079,2024-10-01 10:49:10.051665,UK,Australia,69999.5,GBP,SWIFT,21.97,Low,False,Yes
TX-104080,2024-04-30 05:50:58.051665,China,Australia,96741.86,CNY,SEPA,72.89,High,True,Yes
TX-104081,2024-04-03 10:42:45.051665,Germany,France,81129.74,EUR,SEPA,35.53,Low,False,Yes
TX-104082,2024-09-01 01:34:24.051665,China,China,7840.06,CNY,Wire,66.68,Medium,False,Yes
TX-104083,2024-11-15 19:25:29.051665,Russia,Italy,71356.84,RUB,ACH,12.2,Low,False,Yes
TX-104084,2024-06-01 15:43:09.051665,Russia,India,53596.42,RUB,RTGS,70.56,High,True,Yes
TX-104085,2024-10-06 17:10:00.051665,Italy,Netherlands,1741.96,EUR,ACH,97.21,High,True,Yes
TX-104086,2024-11-19 20:57:56.051665,India,South Africa,25206.16,INR,RTGS,4.36,Low,False,Yes
TX-104087,2024-10-17 01:29:33.051665,Netherlands,China,92183.35,EUR,RTGS,9.38,Low,False,Yes
TX-104088,2024-08-22 14:49:31.051665,Japan,India,92613.53,JPY,Wire,12.36,Low,False,Yes
TX-104089,2024-12-08 17:12:11.052675,Spain,USA,79905.16,EUR,RTGS,43.06,Medium,False,Yes
TX-104090,2024-06-24 00:00:23.052675,Italy,Germany,98179.78,EUR,ACH,29.08,Low,False,Yes
TX-104091,2024-10-19 12:25:43.052675,South Africa,Germany,80673.87,ZAR,SWIFT,80.69,High,True,Yes
TX-104092,2024-06-18 17:22:19.052675,Brazil,Netherlands,1119.4,BRL,Wire,47.38,Medium,False,Yes
TX-104093,2024-07-10 02:37:54.052675,UK,Germany,28854.65,GBP,SEPA,48.45,Medium,False,Yes
TX-104094,2024-04-16 22:26:57.052675,South Africa,Australia,3159.36,ZAR,RTGS,71.7,High,True,Yes
TX-104095,2025-02-23 00:02:48.052675,Brazil,Russia,9501.39,BRL,ACH,36.2,Low,False,Yes
TX-104096,2024-06-30 10:44:25.052675,Brazil,Germany,21962.2,BRL,SWIFT,35.32,Low,False,Yes
TX-104097,2024-03-18 22:58:51.052675,Canada,Italy,50405.5,CAD,RTGS,75.69,High,True,Yes
TX-104098,2024-09-12 22:22:29.052675,Japan,Germany,84768.45,JPY,Wire,78.0,High,True,Yes
TX-104099,2025-01-28 02:00:44.052675,Brazil,France,86210.48,BRL,SEPA,1.44,Low,False,Yes
TX-104100,2024-08-12 12:48:24.052675,Spain,Italy,61658.57,EUR,RTGS,14.38,Low,False,Yes
TX-104101,2024-04-11 10:55:36.052675,USA,Netherlands,92824.78,USD,SWIFT,21.31,Low,False,Yes
TX-104102,2024-07-16 06:14:30.052675,Canada,Italy,50056.23,CAD,ACH,35.16,Low,False,Yes
TX-104103,2024-04-11 15:53:16.052675,Italy,China,88914.7,EUR,Wire,29.14,Low,False,Yes
TX-104104,2024-09-01 18:48:39.052675,Germany,UK,45461.12,EUR,SEPA,66.85,Medium,False,Yes
TX-104105,2024-03-18 11:19:07.052675,Russia,Netherlands,27794.78,RUB,ACH,82.81,High,True,Yes
TX-104106,2024-03-30 13:20:50.052675,Canada,Russia,91649.65,CAD,SWIFT,19.21,Low,False,Yes
TX-104107,2024-05-04 01:07:11.052675,Spain,Spain,38854.71,EUR,SEPA,56.3,Medium,False,Yes
TX-104108,2025-01-23 16:19:20.052675,China,France,50390.07,CNY,SEPA,36.78,Low,False,Yes
TX-104109,2024-12-19 17:05:35.052675,South Africa,Japan,32953.18,ZAR,ACH,50.58,Medium,False,Yes
TX-104110,2024-09-07 19:26:20.052675,China,Canada,66317.48,CNY,RTGS,62.08,Medium,False,Yes
TX-104111,2025-01-19 18:44:10.052675,China,UK,99503.62,CNY,ACH,89.36,High,True,Yes
TX-104112,2024-05-24 16:44:46.052675,Italy,South Africa,2648.8,EUR,ACH,19.23,Low,False,Yes
TX-104113,2024-06-29 01:29:34.052675,South Africa,Canada,89994.82,ZAR,SEPA,8.7,Low,False,Yes
TX-104114,2024-10-15 07:49:54.052675,Spain,France,492.21,EUR,SEPA,62.72,Medium,False,Yes
TX-104115,2024-04-02 10:03:30.052675,USA,Australia,36486.37,USD,SWIFT,39.41,Low,False,Yes
TX-104116,2024-10-08 07:38:59.052675,India,Japan,16943.82,INR,ACH,16.29,Low,False,Yes
TX-104117,2024-04-24 19:48:54.052675,France,Spain,75758.44,EUR,ACH,11.71,Low,False,Yes
TX-104118,2024-11-25 15:57:50.052675,South Africa,Germany,5156.02,ZAR,SWIFT,55.89,Medium,False,Yes
TX-104119,2025-01-13 18:47:52.052675,Australia,China,55393.15,AUD,SWIFT,30.05,Low,False,Yes
TX-104120,2024-06-02 08:27:14.052675,Australia,USA,29563.12,AUD,SEPA,99.74,High,True,Yes
TX-104121,2024-04-01 12:27:54.052675,Germany,Australia,13453.66,EUR,SWIFT,40.59,Medium,False,Yes
TX-104122,2025-01-30 14:17:26.052675,Spain,Japan,77204.64,EUR,SWIFT,21.23,Low,False,Yes
TX-104123,2024-09-01 19:26:48.052675,Japan,China,21819.94,JPY,Wire,62.88,Medium,False,Yes
TX-104124,2025-01-15 21:29:28.052675,Italy,Spain,22445.15,EUR,Wire,24.43,Low,False,Yes
TX-104125,2024-12-04 23:52:10.052675,Italy,Italy,27580.17,EUR,Wire,49.41,Medium,False,Yes
TX-104126,2024-06-15 08:57:15.052675,UK,Australia,58718.0,GBP,RTGS,48.26,Medium,False,Yes
TX-104127,2024-05-16 07:29:33.053681,India,Australia,66000.63,INR,Wire,45.36,Medium,False,Yes
TX-104128,2024-04-01 18:19:18.053681,China,Italy,1858.49,CNY,SWIFT,79.61,High,True,Yes
TX-104129,2024-04-15 13:16:45.053681,India,Italy,24262.78,INR,Wire,21.66,Low,False,Yes
TX-104130,2024-11-16 22:42:31.053681,Italy,Spain,43153.99,EUR,SEPA,90.43,High,True,Yes
TX-104131,2024-12-31 14:50:39.053681,Canada,South Africa,33264.5,CAD,SWIFT,79.13,High,True,Yes
TX-104132,2024-12-18 22:41:59.053681,South Africa,Australia,88428.65,ZAR,SWIFT,33.31,Low,False,Yes
TX-104133,2024-12-20 23:26:09.053681,China,Spain,78792.1,CNY,Wire,18.06,Low,False,Yes
TX-104134,2024-09-19 08:22:12.053681,France,France,62626.43,EUR,ACH,27.95,Low,False,Yes
TX-104135,2024-06-18 09:26:28.053681,South Africa,Italy,33870.44,ZAR,ACH,33.26,Low,False,Yes
TX-104136,2024-12-17 12:08:59.053681,Germany,USA,70097.17,EUR,ACH,55.69,Medium,False,Yes
TX-104137,2025-03-11 02:44:03.053681,Brazil,UK,84379.44,BRL,RTGS,4.64,Low,False,Yes
TX-104138,2024-08-15 14:04:20.053681,Canada,Australia,59523.55,CAD,SWIFT,91.44,High,True,Yes
TX-104139,2024-11-10 07:20:39.053681,Canada,Germany,78467.7,CAD,SEPA,9.87,Low,False,Yes
TX-104140,2024-11-03 14:22:06.053681,France,France,74935.59,EUR,SEPA,27.93,Low,False,Yes
TX-104141,2024-04-04 05:43:11.053681,UK,India,57216.56,GBP,SEPA,10.93,Low,False,Yes
TX-104142,2024-09-22 12:47:24.053681,Italy,Canada,31287.1,EUR,Wire,25.67,Low,False,Yes
TX-104143,2024-04-03 12:40:25.053681,Brazil,Spain,74603.64,BRL,RTGS,83.77,High,True,Yes
TX-104144,2024-10-22 03:24:57.053681,South Africa,Netherlands,20758.96,ZAR,RTGS,61.52,Medium,False,Yes
TX-104145,2024-07-14 18:12:27.053681,India,Canada,77970.89,INR,ACH,22.73,Low,False,Yes
TX-104146,2024-04-19 15:55:38.053681,UK,France,80474.21,GBP,SWIFT,87.18,High,True,Yes
TX-104147,2024-09-29 09:10:08.053681,Brazil,Russia,82232.27,BRL,SEPA,80.07,High,True,Yes
TX-104148,2025-02-23 17:25:15.053681,Italy,Japan,47344.31,EUR,Wire,75.36,High,True,Yes
TX-104149,2024-03-28 10:12:17.059666,Spain,Japan,19328.83,EUR,ACH,84.76,High,True,Yes
TX-104150,2024-10-20 22:42:43.059666,Spain,Japan,10062.39,EUR,SWIFT,61.96,Medium,False,Yes
TX-104151,2024-11-25 15:28:37.060666,Canada,India,74361.79,CAD,SEPA,50.14,Medium,False,Yes
TX-104152,2024-06-05 01:09:01.060666,Canada,Canada,88637.51,CAD,SWIFT,37.39,Low,False,Yes
TX-104153,2024-12-14 04:33:36.060666,USA,South Africa,65118.75,USD,ACH,22.38,Low,False,Yes
TX-104154,2024-04-02 10:22:06.060666,France,France,14501.59,EUR,Wire,55.74,Medium,False,Yes
TX-104155,2024-03-28 16:33:13.060666,Australia,Netherlands,93496.16,AUD,Wire,88.95,High,True,Yes
TX-104156,2024-11-12 19:04:56.060666,Spain,Germany,98911.29,EUR,Wire,59.4,Medium,False,Yes
TX-104157,2024-10-30 22:17:58.060666,South Africa,Canada,43394.52,ZAR,ACH,91.96,High,True,Yes
TX-104158,2024-12-15 12:36:22.060666,France,Canada,59523.05,EUR,SEPA,35.69,Low,False,Yes
TX-104159,2025-01-08 14:16:12.060666,Canada,Canada,77745.13,CAD,SWIFT,69.51,Medium,False,Yes
TX-104160,2024-12-24 23:36:34.060666,UK,Spain,73665.34,GBP,SEPA,64.87,Medium,False,Yes
TX-104161,2025-01-28 05:06:20.060666,Canada,USA,96781.94,CAD,SEPA,67.04,Medium,False,Yes
TX-104162,2024-12-01 11:39:24.060666,UK,Japan,11576.82,GBP,SEPA,64.5,Medium,False,Yes
TX-104163,2024-06-28 13:39:19.060666,Italy,Germany,58114.41,EUR,ACH,22.17,Low,False,Yes
TX-104164,2024-05-11 11:19:03.060666,Australia,Spain,69223.95,AUD,SEPA,14.36,Low,False,Yes
TX-104165,2024-06-25 18:44:05.060666,Japan,Germany,89020.83,JPY,SWIFT,97.86,High,True,Yes
TX-104166,2024-11-08 20:02:08.060666,Japan,India,87423.55,JPY,ACH,4.53,Low,False,Yes
TX-104167,2024-07-16 09:56:04.060666,Japan,Spain,97802.18,JPY,SEPA,46.77,Medium,False,Yes
TX-104168,2024-09-14 16:48:45.060666,Italy,France,51256.64,EUR,ACH,42.51,Medium,False,Yes
TX-104169,2025-01-13 05:24:14.060666,Canada,France,83093.01,CAD,RTGS,36.0,Low,False,Yes
TX-104170,2025-01-26 15:15:28.060666,USA,Brazil,42785.44,USD,SWIFT,78.2,High,True,Yes
TX-104171,2024-10-27 05:23:00.060666,Canada,Russia,42289.16,CAD,Wire,74.54,High,True,Yes
TX-104172,2024-11-03 16:44:16.060666,Spain,South Africa,25409.5,EUR,SWIFT,90.52,High,True,Yes
TX-104173,2024-04-10 04:01:23.060666,Japan,India,81841.9,JPY,ACH,39.55,Low,False,Yes
TX-104174,2024-09-24 14:05:16.060666,Canada,Russia,98582.93,CAD,SEPA,56.42,Medium,False,Yes
TX-104175,2025-02-27 01:26:23.060666,China,France,25708.54,CNY,Wire,89.23,High,True,Yes
TX-104176,2024-09-20 00:22:30.060666,China,Germany,5707.55,CNY,SEPA,99.38,High,True,Yes
TX-104177,2024-07-10 23:05:36.060666,South Africa,Brazil,81572.69,ZAR,ACH,96.93,High,True,Yes
TX-104178,2024-08-01 15:44:38.060666,Spain,China,62060.98,EUR,SWIFT,71.78,High,True,Yes
TX-104179,2025-02-07 18:17:30.060666,Russia,UK,95973.91,RUB,Wire,14.32,Low,False,Yes
TX-104180,2024-09-14 17:25:36.060666,Italy,Russia,25298.7,EUR,SWIFT,2.32,Low,False,Yes
TX-104181,2024-06-11 06:13:29.060666,USA,South Africa,7195.66,USD,SWIFT,82.52,High,True,Yes
TX-104182,2024-11-07 03:41:25.060666,France,Brazil,49294.98,EUR,RTGS,84.09,High,True,Yes
TX-104183,2024-12-09 04:07:50.060666,Italy,Brazil,8638.06,EUR,RTGS,74.64,High,True,Yes
TX-104184,2024-06-25 13:32:45.060666,Italy,Japan,26252.82,EUR,SEPA,27.99,Low,False,Yes
TX-104185,2024-03-31 23:50:29.060666,South Africa,Netherlands,12685.19,ZAR,ACH,63.98,Medium,False,Yes
TX-104186,2024-06-26 14:58:32.060666,Canada,France,22490.8,CAD,SWIFT,31.62,Low,False,Yes
TX-104187,2024-07-01 16:42:58.060666,Brazil,USA,10703.85,BRL,SWIFT,45.06,Medium,False,Yes
TX-104188,2024-07-25 06:34:34.060666,Netherlands,South Africa,95395.21,EUR,SEPA,38.24,Low,False,Yes
TX-104189,2024-12-13 08:19:38.060666,Japan,France,27928.42,JPY,Wire,91.36,High,True,Yes
TX-104190,2024-10-17 06:18:52.060666,Netherlands,France,44445.37,EUR,Wire,23.42,Low,False,Yes
TX-104191,2024-12-21 00:52:49.060666,Germany,Russia,89871.32,EUR,ACH,57.76,Medium,False,Yes
TX-104192,2024-06-15 03:57:13.060666,China,Spain,67764.43,CNY,ACH,36.1,Low,False,Yes
TX-104193,2025-02-11 01:41:22.060666,Japan,South Africa,61841.94,JPY,RTGS,66.31,Medium,False,Yes
TX-104194,2024-09-26 18:04:17.060666,UK,Italy,70585.76,GBP,ACH,56.46,Medium,False,Yes
TX-104195,2024-07-31 12:38:27.060666,India,Italy,82899.34,INR,ACH,92.4,High,True,Yes
TX-104196,2024-08-03 13:09:31.060666,Italy,Russia,87779.16,EUR,Wire,10.16,Low,False,Yes
TX-104197,2024-12-15 20:01:40.060666,UK,China,64299.7,GBP,Wire,22.06,Low,False,Yes
TX-104198,2024-05-05 21:25:08.060666,UK,South Africa,89011.73,GBP,SEPA,76.63,High,True,Yes
TX-104199,2024-07-12 16:14:40.060666,France,India,53586.21,EUR,RTGS,36.88,Low,False,Yes
TX-104200,2024-09-23 23:24:02.060666,France,USA,27801.36,EUR,SWIFT,16.58,Low,False,Yes
TX-104201,2025-02-03 04:35:00.060666,France,Australia,88019.66,EUR,SWIFT,50.33,Medium,False,Yes
TX-104202,2024-05-30 15:50:37.060666,Australia,India,54193.14,AUD,SWIFT,65.21,Medium,False,Yes
TX-104203,2024-12-22 22:35:39.060666,UK,Japan,90623.14,GBP,ACH,4.48,Low,False,Yes
TX-104204,2024-09-04 07:58:45.060666,Canada,South Africa,4112.76,CAD,RTGS,29.16,Low,False,Yes
TX-104205,2024-10-13 17:03:18.060666,UK,UK,39811.82,GBP,ACH,80.94,High,True,Yes
TX-104206,2024-06-11 04:36:11.060666,Italy,Russia,94785.72,EUR,RTGS,52.02,Medium,False,Yes
TX-104207,2024-09-21 12:20:42.060666,France,Italy,25040.04,EUR,SEPA,3.54,Low,False,Yes
TX-104208,2025-01-16 20:38:21.060666,Italy,Germany,94159.47,EUR,RTGS,28.2,Low,False,Yes
TX-104209,2024-08-05 07:59:39.060666,France,Germany,95394.86,EUR,RTGS,63.91,Medium,False,Yes
TX-104210,2024-12-02 00:45:19.060666,Australia,Brazil,88226.02,AUD,RTGS,19.94,Low,False,Yes
TX-104211,2024-06-25 23:54:35.060666,South Africa,Brazil,56410.44,ZAR,RTGS,82.74,High,True,Yes
TX-104212,2024-08-10 12:18:33.060666,Canada,Germany,64729.25,CAD,SWIFT,67.66,Medium,False,Yes
TX-104213,2024-11-12 21:35:34.060666,Spain,Australia,86974.74,EUR,SEPA,47.14,Medium,False,Yes
TX-104214,2025-02-17 08:24:49.061665,France,Germany,77612.12,EUR,Wire,91.56,High,True,Yes
TX-104215,2024-06-19 23:13:12.061665,Germany,Japan,63046.38,EUR,SEPA,39.18,Low,False,Yes
TX-104216,2024-03-22 16:31:48.061665,Brazil,China,98227.71,BRL,RTGS,23.51,Low,False,Yes
TX-104217,2024-05-22 23:53:46.061665,India,South Africa,68599.1,INR,RTGS,66.14,Medium,False,Yes
TX-104218,2024-03-28 15:58:32.061665,Australia,Japan,97550.65,AUD,ACH,57.33,Medium,False,Yes
TX-104219,2025-02-16 20:56:36.061665,China,South Africa,5833.11,CNY,RTGS,33.52,Low,False,Yes
TX-104220,2024-08-20 02:41:22.061665,China,Australia,13982.14,CNY,SEPA,34.37,Low,False,Yes
TX-104221,2024-08-22 03:32:22.061665,Germany,Brazil,45200.74,EUR,Wire,39.82,Low,False,Yes
TX-104222,2025-02-05 19:50:49.061665,Australia,Russia,38549.46,AUD,ACH,29.11,Low,False,Yes
TX-104223,2025-02-23 23:30:52.061665,Canada,Australia,78295.21,CAD,ACH,71.02,High,True,Yes
TX-104224,2024-12-25 13:02:54.061665,UK,Spain,16145.34,GBP,Wire,65.14,Medium,False,Yes
TX-104225,2024-11-01 15:37:02.061665,France,South Africa,97611.91,EUR,SEPA,44.08,Medium,False,Yes
TX-104226,2024-12-21 23:06:52.061665,USA,Canada,31575.08,USD,RTGS,39.79,Low,False,Yes
TX-104227,2024-12-31 17:56:30.061665,Italy,Spain,42949.48,EUR,Wire,36.51,Low,False,Yes
TX-104228,2024-05-03 12:30:45.061665,Spain,Russia,27547.03,EUR,SEPA,28.35,Low,False,Yes
TX-104229,2024-10-05 16:40:28.061665,Russia,Germany,57978.43,RUB,SEPA,8.57,Low,False,Yes
TX-104230,2024-11-18 01:43:26.061665,China,Italy,5957.01,CNY,SEPA,26.82,Low,False,Yes
TX-104231,2025-01-31 20:57:28.061665,Italy,South Africa,15052.78,EUR,RTGS,32.12,Low,False,Yes
TX-104232,2024-04-29 21:41:06.061665,South Africa,Brazil,74605.19,ZAR,RTGS,54.77,Medium,False,Yes
TX-104233,2025-01-24 10:21:05.061665,Russia,Italy,18731.41,RUB,SWIFT,77.38,High,True,Yes
TX-104234,2024-08-19 18:42:42.061665,Spain,Germany,23627.89,EUR,ACH,39.57,Low,False,Yes
TX-104235,2024-10-02 08:13:37.061665,Australia,Australia,79318.93,AUD,RTGS,94.48,High,True,Yes
TX-104236,2024-11-05 23:11:22.061665,Spain,Australia,9420.79,EUR,SWIFT,82.73,High,True,Yes
TX-104237,2024-06-18 06:29:22.061665,Italy,Russia,43803.63,EUR,SEPA,98.48,High,True,Yes
TX-104238,2024-10-12 17:48:36.061665,Russia,Japan,2404.03,RUB,ACH,87.62,High,True,Yes
TX-104239,2024-10-23 10:36:46.061665,Russia,USA,34746.06,RUB,ACH,61.67,Medium,False,Yes
TX-104240,2024-07-31 15:07:08.061665,Russia,Spain,69928.24,RUB,Wire,59.85,Medium,False,Yes
TX-104241,2024-11-09 02:39:23.061665,India,UK,9101.32,INR,SWIFT,12.95,Low,False,Yes
TX-104242,2024-06-25 07:11:39.061665,China,China,88844.63,CNY,RTGS,72.24,High,True,Yes
TX-104243,2025-01-15 16:58:44.061665,UK,Russia,90958.95,GBP,ACH,60.02,Medium,False,Yes
TX-104244,2025-02-07 21:11:41.061665,France,UK,10588.54,EUR,SEPA,50.69,Medium,False,Yes
TX-104245,2024-05-18 17:05:25.061665,Spain,France,99074.17,EUR,ACH,69.33,Medium,False,Yes
TX-104246,2024-12-24 06:57:35.061665,China,Brazil,29823.2,CNY,Wire,44.4,Medium,False,Yes
TX-104247,2025-01-03 21:10:05.061665,Brazil,USA,8501.76,BRL,RTGS,52.39,Medium,False,Yes
TX-104248,2024-07-22 10:47:42.061665,Germany,Australia,606.2,EUR,SWIFT,39.84,Low,False,Yes
TX-104249,2024-06-17 07:05:49.061665,Australia,South Africa,40911.44,AUD,Wire,71.74,High,True,Yes
TX-104250,2024-09-23 04:48:13.061665,Spain,India,63018.02,EUR,SWIFT,87.66,High,True,Yes
TX-104251,2024-05-08 19:57:12.061665,UK,Russia,33284.71,GBP,SEPA,84.08,High,True,Yes
TX-104252,2024-07-26 17:19:12.061665,Italy,Spain,83688.06,EUR,SWIFT,78.6,High,True,Yes
TX-104253,2025-03-16 04:01:26.061665,Spain,Spain,71688.97,EUR,SEPA,1.38,Low,False,Yes
TX-104254,2024-03-23 19:25:06.061665,France,Germany,35081.14,EUR,Wire,91.19,High,True,Yes
TX-104255,2024-10-26 08:21:41.061665,Brazil,Italy,73457.54,BRL,SEPA,27.49,Low,False,Yes
TX-104256,2024-11-21 21:59:22.061665,Brazil,Italy,94054.72,BRL,Wire,88.8,High,True,Yes
TX-104257,2024-06-08 12:35:34.061665,India,India,9400.29,INR,Wire,19.7,Low,False,Yes
TX-104258,2025-03-11 15:59:37.061665,Australia,South Africa,30679.79,AUD,ACH,43.96,Medium,False,Yes
TX-104259,2024-12-04 16:25:56.061665,China,Italy,46386.26,CNY,RTGS,74.94,High,True,Yes
TX-104260,2024-12-31 16:20:48.061665,South Africa,South Africa,49849.21,ZAR,RTGS,64.03,Medium,False,Yes
TX-104261,2024-03-26 07:59:11.061665,Germany,South Africa,54265.34,EUR,SEPA,41.59,Medium,False,Yes
TX-104262,2025-01-15 13:54:34.061665,Spain,Brazil,30132.63,EUR,Wire,67.86,Medium,False,Yes
TX-104263,2024-06-03 09:51:14.061665,Italy,Japan,66759.24,EUR,RTGS,54.89,Medium,False,Yes
TX-104264,2024-12-22 20:08:25.061665,France,France,64543.94,EUR,ACH,27.57,Low,False,Yes
TX-104265,2024-04-25 08:04:06.061665,Russia,Spain,57824.37,RUB,RTGS,64.63,Medium,False,Yes
TX-104266,2024-04-13 09:17:02.061665,South Africa,China,11464.8,ZAR,Wire,20.42,Low,False,Yes
TX-104267,2024-05-29 16:05:57.061665,Italy,USA,47749.09,EUR,SEPA,69.4,Medium,False,Yes
TX-104268,2025-02-04 05:07:37.061665,Spain,China,35687.07,EUR,RTGS,0.31,Low,False,Yes
TX-104269,2024-08-11 09:19:33.061665,Canada,South Africa,49154.74,CAD,SWIFT,54.88,Medium,False,Yes
TX-104270,2024-12-26 00:55:23.061665,Netherlands,USA,92194.46,EUR,RTGS,40.11,Medium,False,Yes
TX-104271,2024-07-18 13:22:29.061665,China,Netherlands,48105.08,CNY,RTGS,30.31,Low,False,Yes
TX-104272,2024-10-09 02:15:35.061665,Germany,UK,1496.68,EUR,ACH,51.57,Medium,False,Yes
TX-104273,2024-11-11 21:57:24.061665,China,UK,43939.79,CNY,Wire,64.53,Medium,False,Yes
TX-104274,2024-04-07 19:35:20.061665,Japan,Spain,82082.75,JPY,SWIFT,96.53,High,True,Yes
TX-104275,2024-11-30 05:02:42.061665,UK,China,78028.09,GBP,SEPA,83.31,High,True,Yes
TX-104276,2025-01-20 16:49:48.061665,India,India,51387.67,INR,RTGS,71.71,High,True,Yes
TX-104277,2024-07-01 22:13:53.061665,South Africa,South Africa,25051.92,ZAR,ACH,47.9,Medium,False,Yes
TX-104278,2024-10-23 16:40:36.061665,Japan,China,46562.36,JPY,SWIFT,39.21,Low,False,Yes
TX-104279,2024-11-30 07:37:12.061665,USA,Netherlands,56413.85,USD,RTGS,3.25,Low,False,Yes
TX-104280,2025-02-28 20:22:31.061665,Brazil,China,99987.16,BRL,SWIFT,35.91,Low,False,Yes
TX-104281,2024-10-05 10:10:16.061665,Australia,China,64453.39,AUD,Wire,84.84,High,True,Yes
TX-104282,2024-11-08 13:25:49.061665,Brazil,Russia,69457.07,BRL,SEPA,38.4,Low,False,Yes
TX-104283,2024-10-03 14:26:36.061665,Germany,Italy,49196.27,EUR,Wire,46.16,Medium,False,Yes
TX-104284,2025-03-05 07:24:28.061665,Australia,Italy,35513.51,AUD,ACH,27.18,Low,False,Yes
TX-104285,2024-11-07 21:46:13.061665,South Africa,Germany,81314.0,ZAR,SWIFT,27.41,Low,False,Yes
TX-104286,2024-06-28 19:08:41.061665,France,Italy,49543.74,EUR,SEPA,6.19,Low,False,Yes
TX-104287,2024-08-18 22:05:27.061665,Russia,Canada,99469.54,RUB,Wire,61.38,Medium,False,Yes
TX-104288,2024-11-06 22:09:30.061665,Brazil,Japan,45766.35,BRL,Wire,44.81,Medium,False,Yes
TX-104289,2024-12-31 07:49:56.061665,Canada,Italy,6893.23,CAD,SWIFT,60.6,Medium,False,Yes
TX-104290,2024-04-26 10:28:22.061665,Russia,Germany,68289.56,RUB,ACH,54.69,Medium,False,Yes
TX-104291,2024-09-30 13:35:51.061665,Russia,Australia,4759.48,RUB,SWIFT,79.88,High,True,Yes
TX-104292,2024-12-06 00:44:15.062894,South Africa,Canada,25125.11,ZAR,ACH,75.1,High,True,Yes
TX-104293,2025-01-08 22:28:24.062894,South Africa,Spain,35438.45,ZAR,ACH,77.15,High,True,Yes
TX-104294,2024-08-01 10:27:36.062894,Italy,China,73974.41,EUR,SEPA,49.92,Medium,False,Yes
TX-104295,2024-10-01 22:25:57.062894,India,Australia,49474.17,INR,SWIFT,35.39,Low,False,Yes
TX-104296,2025-01-20 20:48:24.062894,Australia,India,2961.73,AUD,SEPA,93.34,High,True,Yes
TX-104297,2024-12-22 17:50:33.062894,UK,Netherlands,61723.3,GBP,SWIFT,5.43,Low,False,Yes
TX-104298,2024-11-23 22:34:05.062894,India,France,41202.48,INR,SWIFT,15.26,Low,False,Yes
TX-104299,2024-08-16 14:53:08.062894,France,Canada,92191.27,EUR,ACH,41.96,Medium,False,Yes
TX-104300,2024-12-20 08:09:58.062894,Germany,UK,50006.27,EUR,Wire,61.4,Medium,False,Yes
TX-104301,2024-03-24 18:15:41.062894,France,Canada,70926.62,EUR,ACH,0.82,Low,False,Yes
TX-104302,2024-11-07 11:15:35.062894,India,India,21964.96,INR,ACH,71.93,High,True,Yes
TX-104303,2025-01-13 02:00:44.062894,UK,Japan,76121.26,GBP,RTGS,55.87,Medium,False,Yes
TX-104304,2024-07-31 06:12:44.062894,Brazil,UK,72123.44,BRL,RTGS,48.47,Medium,False,Yes
TX-104305,2024-10-21 16:16:14.062894,Italy,USA,90417.76,EUR,Wire,42.35,Medium,False,Yes
TX-104306,2024-04-19 23:40:54.062894,South Africa,Russia,3478.78,ZAR,Wire,51.95,Medium,False,Yes
TX-104307,2024-06-03 20:50:45.062894,Italy,Brazil,44805.32,EUR,SWIFT,16.18,Low,False,Yes
TX-104308,2024-12-14 16:39:35.062894,Canada,China,67947.62,CAD,Wire,10.87,Low,False,Yes
TX-104309,2024-09-08 06:04:10.062894,Australia,Australia,9606.87,AUD,Wire,28.96,Low,False,Yes
TX-104310,2024-10-23 18:43:46.062894,China,USA,41119.35,CNY,SWIFT,70.95,High,True,Yes
TX-104311,2024-07-08 00:58:35.062894,Australia,UK,94220.45,AUD,Wire,58.83,Medium,False,Yes
TX-104312,2024-09-19 09:38:03.062894,China,Germany,43649.86,CNY,ACH,48.01,Medium,False,Yes
TX-104313,2024-09-29 18:49:20.062894,Italy,Canada,98541.94,EUR,SWIFT,57.15,Medium,False,Yes
TX-104314,2024-12-04 15:41:13.062894,Japan,Netherlands,5778.22,JPY,Wire,55.93,Medium,False,Yes
TX-104315,2024-07-16 00:11:31.062894,Japan,Italy,71811.19,JPY,SEPA,30.7,Low,False,Yes
TX-104316,2024-05-20 18:23:54.062894,Netherlands,France,58143.52,EUR,ACH,9.75,Low,False,Yes
TX-104317,2025-01-24 08:05:02.062894,Netherlands,Germany,50103.91,EUR,Wire,89.68,High,True,Yes
TX-104318,2024-03-26 16:01:51.062894,Russia,Germany,97087.66,RUB,RTGS,59.99,Medium,False,Yes
TX-104319,2024-11-05 01:29:13.062894,Brazil,France,13052.08,BRL,RTGS,69.77,Medium,False,Yes
TX-104320,2024-03-28 22:50:39.062894,Italy,India,89610.3,EUR,SEPA,46.4,Medium,False,Yes
TX-104321,2024-09-10 00:21:19.062894,Japan,Japan,69154.92,JPY,RTGS,75.65,High,True,Yes
TX-104322,2024-03-28 10:22:28.062894,USA,Canada,25973.71,USD,Wire,58.45,Medium,False,Yes
TX-104323,2024-07-13 11:08:58.062894,South Africa,Australia,90176.75,ZAR,SEPA,5.38,Low,False,Yes
TX-104324,2024-04-24 18:37:15.062894,Spain,USA,42986.56,EUR,RTGS,89.01,High,True,Yes
TX-104325,2024-10-20 23:38:28.062894,Brazil,Spain,81441.31,BRL,ACH,30.55,Low,False,Yes
TX-104326,2025-01-22 22:07:35.062894,Netherlands,Japan,38944.77,EUR,Wire,13.79,Low,False,Yes
TX-104327,2024-05-12 14:11:54.062894,South Africa,USA,85107.99,ZAR,ACH,8.8,Low,False,Yes
TX-104328,2024-11-24 21:06:59.062894,Japan,UK,63699.25,JPY,Wire,72.04,High,True,Yes
TX-104329,2024-09-12 17:17:57.062894,China,Spain,14190.56,CNY,ACH,70.4,High,True,Yes
TX-104330,2025-03-10 01:40:13.062894,India,Russia,65001.35,INR,SWIFT,70.02,High,True,Yes
TX-104331,2024-09-29 01:53:49.062894,Netherlands,Netherlands,19215.34,EUR,SEPA,91.58,High,True,Yes
TX-104332,2024-04-08 01:16:51.062894,Canada,Italy,41251.07,CAD,SWIFT,34.89,Low,False,Yes
TX-104333,2025-02-11 14:21:18.062894,Canada,Italy,17112.53,CAD,RTGS,56.11,Medium,False,Yes
TX-104334,2024-10-27 16:46:24.062894,South Africa,UK,2299.41,ZAR,ACH,61.95,Medium,False,Yes
TX-104335,2024-06-18 00:55:02.062894,Germany,Canada,21267.47,EUR,Wire,97.95,High,True,Yes
TX-104336,2024-06-28 12:21:06.062894,India,UK,53683.57,INR,RTGS,31.23,Low,False,Yes
TX-104337,2024-03-23 21:44:01.062894,India,Japan,48207.94,INR,Wire,95.63,High,True,Yes
TX-104338,2024-05-10 23:19:00.062894,Spain,Italy,50199.56,EUR,Wire,14.87,Low,False,Yes
TX-104339,2024-11-11 22:42:55.062894,UK,Australia,24843.92,GBP,SWIFT,76.4,High,True,Yes
TX-104340,2024-11-05 13:28:40.062894,India,Brazil,68547.6,INR,SWIFT,63.29,Medium,False,Yes
TX-104341,2025-02-13 06:56:29.062894,China,Canada,70455.9,CNY,ACH,81.69,High,True,Yes
TX-104342,2025-01-02 18:07:59.062894,USA,Italy,35860.99,USD,SWIFT,2.87,Low,False,Yes
TX-104343,2024-08-16 07:31:30.062894,China,Netherlands,88128.89,CNY,RTGS,7.81,Low,False,Yes
TX-104344,2024-08-08 17:30:16.062894,India,Russia,64437.92,INR,RTGS,6.97,Low,False,Yes
TX-104345,2024-08-05 12:24:56.062894,India,Germany,71332.62,INR,SWIFT,59.3,Medium,False,Yes
TX-104346,2024-12-26 15:37:37.062894,India,UK,27806.26,INR,SEPA,60.29,Medium,False,Yes
TX-104347,2024-08-06 20:31:10.062894,Italy,Russia,161.1,EUR,ACH,90.61,High,True,Yes
TX-104348,2024-04-18 18:58:02.062894,South Africa,Germany,86551.02,ZAR,Wire,46.76,Medium,False,Yes
TX-104349,2024-09-03 04:36:02.063910,Spain,France,82260.2,EUR,ACH,6.8,Low,False,Yes
TX-104350,2025-03-09 14:59:59.063910,South Africa,Italy,12406.87,ZAR,SEPA,20.95,Low,False,Yes
TX-104351,2024-04-08 23:42:38.063910,Italy,Russia,37473.1,EUR,SEPA,0.81,Low,False,Yes
TX-104352,2024-10-26 23:41:10.063910,Canada,Brazil,66167.8,CAD,Wire,77.67,High,True,Yes
TX-104353,2024-12-12 07:52:31.063910,USA,India,65245.87,USD,RTGS,81.56,High,True,Yes
TX-104354,2025-02-12 23:10:51.063910,Canada,Australia,86049.0,CAD,SEPA,99.79,High,True,Yes
TX-104355,2024-07-03 20:36:21.063910,France,UK,14112.79,EUR,SWIFT,41.22,Medium,False,Yes
TX-104356,2024-11-01 11:38:08.063910,Germany,China,43050.98,EUR,SWIFT,1.93,Low,False,Yes
TX-104357,2025-03-15 08:29:16.063910,Japan,China,9812.72,JPY,SWIFT,23.47,Low,False,Yes
TX-104358,2024-08-05 10:54:09.063910,Brazil,France,39020.57,BRL,RTGS,58.78,Medium,False,Yes
TX-104359,2025-02-25 07:43:05.063910,Japan,China,1609.23,JPY,SEPA,96.19,High,True,Yes
TX-104360,2024-05-03 15:38:53.063910,Japan,Germany,89837.48,JPY,RTGS,10.36,Low,False,Yes
TX-104361,2025-02-06 16:46:33.063910,China,Japan,52751.7,CNY,Wire,12.16,Low,False,Yes
TX-104362,2024-05-18 06:25:15.063910,Brazil,Brazil,84995.25,BRL,SWIFT,70.18,High,True,Yes
TX-104363,2024-07-14 05:07:36.063910,China,India,6084.48,CNY,SEPA,66.72,Medium,False,Yes
TX-104364,2024-06-11 00:41:08.063910,Germany,Australia,22823.07,EUR,RTGS,25.05,Low,False,Yes
TX-104365,2024-05-08 01:36:01.063910,Australia,France,26012.06,AUD,SEPA,81.31,High,True,Yes
TX-104366,2024-12-31 04:50:28.063910,Spain,Germany,38730.48,EUR,SEPA,12.88,Low,False,Yes
TX-104367,2025-02-17 05:38:24.063910,Italy,USA,80306.35,EUR,ACH,92.57,High,True,Yes
TX-104368,2024-10-06 23:30:28.063910,Australia,UK,38717.13,AUD,ACH,20.1,Low,False,Yes
TX-104369,2024-08-18 17:40:38.063910,South Africa,Australia,20544.89,ZAR,SWIFT,8.14,Low,False,Yes
TX-104370,2024-07-31 10:23:30.063910,India,Canada,6592.53,INR,Wire,33.95,Low,False,Yes
TX-104371,2025-03-13 22:24:35.063910,China,Russia,8041.23,CNY,Wire,18.78,Low,False,Yes
TX-104372,2024-05-20 15:30:11.063910,Brazil,Italy,76028.72,BRL,SEPA,52.69,Medium,False,Yes
TX-104373,2024-07-09 02:34:34.063910,Japan,China,44535.82,JPY,SWIFT,68.68,Medium,False,Yes
TX-104374,2024-04-02 02:19:35.063910,UK,South Africa,72645.49,GBP,Wire,49.09,Medium,False,Yes
TX-104375,2024-10-11 14:22:49.063910,Spain,Germany,68260.48,EUR,RTGS,66.06,Medium,False,Yes
TX-104376,2024-08-29 23:01:32.063910,USA,Japan,13622.71,USD,ACH,36.49,Low,False,Yes
TX-104377,2024-09-14 11:16:31.063910,Australia,Spain,14374.5,AUD,Wire,2.79,Low,False,Yes
TX-104378,2024-06-25 15:29:38.063910,Canada,Netherlands,75558.67,CAD,ACH,97.41,High,True,Yes
TX-104379,2025-02-11 21:35:25.063910,France,China,72154.7,EUR,ACH,81.94,High,True,Yes
TX-104380,2024-06-03 18:34:53.063910,Italy,Netherlands,37865.27,EUR,SEPA,7.34,Low,False,Yes
TX-104381,2024-09-09 04:47:59.063910,Netherlands,Australia,7834.48,EUR,Wire,44.92,Medium,False,Yes
TX-104382,2024-06-27 18:08:56.063910,Canada,Australia,1308.59,CAD,ACH,63.5,Medium,False,Yes
TX-104383,2024-10-27 02:08:44.063910,Canada,Australia,28886.88,CAD,SEPA,19.06,Low,False,Yes
TX-104384,2024-07-16 23:33:37.063910,Russia,China,1021.31,RUB,Wire,57.8,Medium,False,Yes
TX-104385,2024-07-11 04:02:17.063910,Brazil,USA,23084.25,BRL,SWIFT,53.36,Medium,False,Yes
TX-104386,2024-10-28 23:13:16.063910,UK,Brazil,42008.12,GBP,Wire,20.83,Low,False,Yes
TX-104387,2024-09-15 05:47:16.063910,Spain,Canada,12229.43,EUR,RTGS,14.12,Low,False,Yes
TX-104388,2024-10-13 01:53:58.063910,France,France,10517.35,EUR,RTGS,75.9,High,True,Yes
TX-104389,2025-02-25 00:19:18.063910,Spain,India,89654.1,EUR,RTGS,32.26,Low,False,Yes
TX-104390,2025-02-26 07:59:56.063910,Australia,Netherlands,58588.46,AUD,Wire,24.4,Low,False,Yes
TX-104391,2024-09-16 18:27:39.063910,South Africa,Netherlands,93452.12,ZAR,RTGS,73.79,High,True,Yes
TX-104392,2024-06-17 01:01:32.063910,Germany,Australia,34648.03,EUR,SWIFT,73.61,High,True,Yes
TX-104393,2024-07-28 06:12:13.063910,Japan,Spain,67746.78,JPY,SEPA,27.64,Low,False,Yes
TX-104394,2024-08-01 10:54:24.063910,Australia,Brazil,20548.7,AUD,SEPA,87.26,High,True,Yes
TX-104395,2024-09-19 17:45:56.063910,Spain,Russia,61872.2,EUR,RTGS,68.83,Medium,False,Yes
TX-104396,2024-12-20 04:02:46.063910,Australia,Brazil,13045.61,AUD,RTGS,34.58,Low,False,Yes
TX-104397,2024-03-25 10:45:14.063910,Canada,South Africa,307.86,CAD,ACH,42.75,Medium,False,Yes
TX-104398,2024-09-11 16:54:37.063910,Australia,France,93160.03,AUD,Wire,72.67,High,True,Yes
TX-104399,2025-01-04 02:45:44.063910,Brazil,Italy,55533.95,BRL,RTGS,21.16,Low,False,Yes
TX-104400,2024-08-25 20:07:13.063910,Brazil,China,92701.37,BRL,Wire,46.88,Medium,False,Yes
TX-104401,2024-06-29 13:59:35.063910,Australia,Russia,33449.77,AUD,ACH,65.36,Medium,False,Yes
TX-104402,2024-12-29 12:42:09.063910,Spain,South Africa,32845.83,EUR,SWIFT,53.95,Medium,False,Yes
TX-104403,2024-05-10 01:24:34.063910,Canada,Russia,40125.43,CAD,ACH,60.83,Medium,False,Yes
TX-104404,2024-04-19 18:40:24.063910,France,UK,70633.49,EUR,RTGS,54.62,Medium,False,Yes
TX-104405,2024-07-08 15:22:04.063910,USA,Italy,56624.28,USD,SEPA,19.92,Low,False,Yes
TX-104406,2025-01-28 23:35:48.063910,South Africa,Germany,92542.96,ZAR,ACH,41.02,Medium,False,Yes
TX-104407,2025-01-23 14:24:45.063910,Brazil,UK,2641.55,BRL,Wire,53.2,Medium,False,Yes
TX-104408,2024-07-13 05:24:15.063910,Canada,Netherlands,70848.77,CAD,Wire,78.01,High,True,Yes
TX-104409,2024-09-22 08:09:13.063910,USA,China,33099.74,USD,Wire,65.39,Medium,False,Yes
TX-104410,2024-10-14 16:03:30.063910,Russia,Brazil,18105.34,RUB,ACH,42.66,Medium,False,Yes
TX-104411,2024-07-23 08:52:20.063910,Spain,Italy,51088.52,EUR,SWIFT,97.44,High,True,Yes
TX-104412,2024-12-15 12:28:17.063910,India,Australia,50555.87,INR,ACH,10.78,Low,False,Yes
TX-104413,2025-03-06 19:58:50.063910,Canada,Italy,13787.4,CAD,SEPA,20.68,Low,False,Yes
TX-104414,2024-04-30 21:11:46.063910,India,Netherlands,20269.42,INR,SWIFT,34.13,Low,False,Yes
TX-104415,2024-10-22 08:46:28.063910,South Africa,India,40875.65,ZAR,ACH,22.86,Low,False,Yes
TX-104416,2025-01-25 20:55:51.063910,UK,UK,40940.26,GBP,ACH,62.54,Medium,False,Yes
TX-104417,2024-10-31 10:26:45.063910,Netherlands,Brazil,31824.06,EUR,SEPA,3.96,Low,False,Yes
TX-104418,2024-08-24 07:39:28.063910,Brazil,China,14939.66,BRL,Wire,17.74,Low,False,Yes
TX-104419,2024-12-08 20:32:44.063910,Germany,Canada,536.93,EUR,RTGS,29.33,Low,False,Yes
TX-104420,2024-09-23 14:42:29.063910,Japan,Italy,97026.48,JPY,ACH,68.33,Medium,False,Yes
TX-104421,2025-01-01 09:06:18.063910,UK,Brazil,94355.57,GBP,Wire,87.59,High,True,Yes
TX-104422,2025-03-09 03:22:54.063910,Japan,USA,48416.67,JPY,SEPA,79.85,High,True,Yes
TX-104423,2024-10-07 05:11:23.063910,UK,Germany,99505.67,GBP,ACH,18.21,Low,False,Yes
TX-104424,2024-04-26 15:44:41.063910,Spain,Netherlands,67398.07,EUR,ACH,56.54,Medium,False,Yes
TX-104425,2024-06-07 12:51:39.063910,Japan,Russia,6978.87,JPY,SEPA,3.0,Low,False,Yes
TX-104426,2025-01-30 23:44:57.063910,Italy,UK,11860.05,EUR,Wire,31.05,Low,False,Yes
TX-104427,2025-01-14 11:10:36.063910,Australia,France,91619.47,AUD,Wire,80.6,High,True,Yes
TX-104428,2024-12-14 05:11:50.063910,Germany,Netherlands,63042.21,EUR,ACH,45.67,Medium,False,Yes
TX-104429,2024-09-12 19:26:14.063910,South Africa,India,84334.04,ZAR,ACH,14.99,Low,False,Yes
TX-104430,2024-09-04 03:33:58.063910,Italy,Japan,89837.14,EUR,SWIFT,43.86,Medium,False,Yes
TX-104431,2024-09-10 00:49:27.063910,India,France,44849.41,INR,Wire,19.8,Low,False,Yes
TX-104432,2024-11-08 23:28:48.064912,UK,India,4947.74,GBP,SWIFT,39.32,Low,False,Yes
TX-104433,2025-02-07 14:45:40.064912,UK,Netherlands,18909.21,GBP,RTGS,48.78,Medium,False,Yes
TX-104434,2025-01-22 13:07:51.064912,India,Canada,6750.54,INR,RTGS,34.96,Low,False,Yes
TX-104435,2024-05-05 13:16:58.064912,India,Brazil,18955.11,INR,RTGS,93.7,High,True,Yes
TX-104436,2024-12-19 14:35:55.064912,Italy,Brazil,41112.24,EUR,Wire,56.25,Medium,False,Yes
TX-104437,2024-07-11 04:25:34.064912,Italy,Brazil,11907.86,EUR,ACH,84.29,High,True,Yes
TX-104438,2025-01-22 01:36:37.064912,USA,Netherlands,16756.65,USD,Wire,76.07,High,True,Yes
TX-104439,2024-11-06 09:10:15.064912,Brazil,Germany,44637.6,BRL,Wire,66.12,Medium,False,Yes
TX-104440,2024-06-17 19:46:12.064912,China,Netherlands,34083.08,CNY,ACH,49.69,Medium,False,Yes
TX-104441,2025-02-07 10:35:51.064912,Netherlands,Australia,46819.05,EUR,ACH,0.22,Low,False,Yes
TX-104442,2024-12-22 10:54:39.064912,Germany,Italy,42974.29,EUR,ACH,61.35,Medium,False,Yes
TX-104443,2024-03-29 07:42:01.064912,Australia,South Africa,64483.35,AUD,Wire,35.6,Low,False,Yes
TX-104444,2024-10-31 10:52:50.064912,China,Japan,93725.24,CNY,SWIFT,11.78,Low,False,Yes
TX-104445,2024-08-05 02:33:52.064912,Italy,Canada,10875.65,EUR,RTGS,44.46,Medium,False,Yes
TX-104446,2024-11-01 02:05:50.064912,Italy,Spain,10016.09,EUR,SWIFT,73.56,High,True,Yes
TX-104447,2024-06-04 17:15:52.064912,USA,Canada,85295.33,USD,RTGS,96.17,High,True,Yes
TX-104448,2025-02-10 17:56:52.064912,Brazil,South Africa,50689.03,BRL,Wire,37.41,Low,False,Yes
TX-104449,2024-04-16 22:58:21.064912,Germany,Canada,76663.86,EUR,SWIFT,54.27,Medium,False,Yes
TX-104450,2024-03-31 21:15:11.064912,Germany,Japan,21620.65,EUR,Wire,85.12,High,True,Yes
TX-104451,2024-05-30 23:01:28.064912,France,South Africa,82903.37,EUR,ACH,33.4,Low,False,Yes
TX-104452,2025-03-10 23:06:25.064912,South Africa,South Africa,92392.28,ZAR,ACH,14.23,Low,False,Yes
TX-104453,2024-04-14 22:52:19.064912,Brazil,Spain,63584.75,BRL,RTGS,28.19,Low,False,Yes
TX-104454,2024-04-02 03:32:29.064912,South Africa,Italy,10677.31,ZAR,RTGS,89.91,High,True,Yes
TX-104455,2024-06-01 22:14:35.064912,South Africa,Australia,89539.95,ZAR,Wire,15.94,Low,False,Yes
TX-104456,2024-06-05 20:08:27.064912,Canada,UK,79269.52,CAD,RTGS,32.92,Low,False,Yes
TX-104457,2024-07-19 01:51:53.064912,China,France,75112.69,CNY,RTGS,46.46,Medium,False,Yes
TX-104458,2024-06-26 17:46:27.064912,Canada,Germany,3769.15,CAD,RTGS,84.71,High,True,Yes
TX-104459,2024-11-01 15:30:44.064912,South Africa,Japan,79916.36,ZAR,ACH,93.77,High,True,Yes
TX-104460,2024-10-06 09:40:14.064912,Russia,USA,13881.31,RUB,RTGS,42.58,Medium,False,Yes
TX-104461,2024-05-17 03:00:16.064912,Japan,Australia,22316.38,JPY,ACH,93.2,High,True,Yes
TX-104462,2024-05-27 11:05:29.064912,UK,USA,57755.77,GBP,Wire,16.15,Low,False,Yes
TX-104463,2025-02-06 14:20:01.064912,Spain,Canada,26571.58,EUR,SEPA,15.69,Low,False,Yes
TX-104464,2024-08-20 19:59:13.064912,Spain,India,66168.69,EUR,Wire,94.93,High,True,Yes
TX-104465,2025-03-11 02:30:17.064912,Germany,Brazil,60846.24,EUR,ACH,50.97,Medium,False,Yes
TX-104466,2025-02-03 20:41:16.064912,Australia,India,10904.14,AUD,SEPA,18.59,Low,False,Yes
TX-104467,2024-07-08 06:35:55.064912,Canada,Brazil,65635.86,CAD,Wire,48.8,Medium,False,Yes
TX-104468,2024-05-17 08:08:34.064912,France,Australia,92403.1,EUR,ACH,78.32,High,True,Yes
TX-104469,2024-12-28 08:23:09.064912,India,Italy,16194.88,INR,ACH,82.69,High,True,Yes
TX-104470,2024-08-17 06:28:23.065913,Russia,Spain,59746.5,RUB,Wire,86.4,High,True,Yes
TX-104471,2024-07-22 03:11:35.065913,Australia,Brazil,34252.35,AUD,SWIFT,56.96,Medium,False,Yes
TX-104472,2024-07-10 15:35:08.065913,Japan,Italy,46015.21,JPY,Wire,86.69,High,True,Yes
TX-104473,2024-04-04 05:08:00.065913,India,Russia,28771.32,INR,Wire,51.0,Medium,False,Yes
TX-104474,2024-06-17 04:39:15.065913,Spain,Germany,35477.65,EUR,RTGS,60.71,Medium,False,Yes
TX-104475,2025-03-09 12:13:27.065913,China,Italy,2988.29,CNY,Wire,75.87,High,True,Yes
TX-104476,2024-05-08 00:46:33.065913,Italy,USA,98157.02,EUR,Wire,42.54,Medium,False,Yes
TX-104477,2024-10-09 08:57:37.065913,China,USA,62517.51,CNY,SEPA,7.36,Low,False,Yes
TX-104478,2024-06-18 10:47:38.065913,Italy,France,50120.49,EUR,Wire,35.02,Low,False,Yes
TX-104479,2025-01-20 01:01:48.065913,China,Canada,38433.16,CNY,SEPA,62.39,Medium,False,Yes
TX-104480,2024-08-17 07:50:00.065913,Canada,Brazil,53983.52,CAD,ACH,19.23,Low,False,Yes
TX-104481,2025-02-22 13:47:55.065913,Spain,Netherlands,38072.59,EUR,SEPA,14.84,Low,False,Yes
TX-104482,2024-06-14 10:09:04.065913,Spain,UK,36054.8,EUR,RTGS,29.31,Low,False,Yes
TX-104483,2024-08-30 22:08:58.065913,Russia,Spain,46448.26,RUB,Wire,3.21,Low,False,Yes
TX-104484,2024-08-25 14:01:24.065913,Australia,India,27670.71,AUD,ACH,74.34,High,True,Yes
TX-104485,2024-05-11 18:06:02.065913,China,Brazil,18086.99,CNY,SWIFT,25.87,Low,False,Yes
TX-104486,2025-02-17 01:09:40.065913,UK,Australia,55704.93,GBP,RTGS,12.42,Low,False,Yes
TX-104487,2024-08-08 05:20:20.065913,Russia,Australia,84292.27,RUB,RTGS,69.91,Medium,False,Yes
TX-104488,2024-12-14 04:27:10.065913,India,Australia,15367.53,INR,SWIFT,84.29,High,True,Yes
TX-104489,2025-02-20 02:06:59.065913,Brazil,Canada,3370.16,BRL,Wire,1.99,Low,False,Yes
TX-104490,2024-10-23 10:06:38.065913,South Africa,Canada,24756.49,ZAR,ACH,23.36,Low,False,Yes
TX-104491,2025-02-23 18:40:57.065913,France,Japan,97974.09,EUR,SWIFT,94.52,High,True,Yes
TX-104492,2025-03-04 17:46:16.065913,Netherlands,India,82892.93,EUR,SWIFT,38.53,Low,False,Yes
TX-104493,2024-06-04 10:07:56.065913,China,Germany,59627.02,CNY,RTGS,93.86,High,True,Yes
TX-104494,2024-07-19 15:25:36.065913,China,Brazil,92931.97,CNY,Wire,27.42,Low,False,Yes
TX-104495,2024-08-13 17:29:59.065913,Canada,Australia,44583.38,CAD,Wire,21.81,Low,False,Yes
TX-104496,2024-06-16 09:45:43.065913,India,UK,98329.73,INR,SEPA,21.41,Low,False,Yes
TX-104497,2024-10-21 03:18:11.065913,UK,Australia,29700.57,GBP,SWIFT,8.52,Low,False,Yes
TX-104498,2025-02-14 11:18:45.065913,Spain,Russia,24106.54,EUR,SWIFT,89.64,High,True,Yes
TX-104499,2024-07-09 23:02:28.065913,Canada,France,63841.02,CAD,SWIFT,97.98,High,True,Yes
TX-104500,2024-05-03 21:38:45.065913,Germany,Russia,37877.58,EUR,RTGS,95.45,High,True,Yes
TX-104501,2024-03-29 09:09:22.065913,France,UK,62673.92,EUR,SWIFT,85.2,High,True,Yes
TX-104502,2024-09-05 04:24:35.065913,Canada,UK,30569.05,CAD,SEPA,84.69,High,True,Yes
TX-104503,2025-01-06 18:39:19.065913,UK,Russia,61830.03,GBP,Wire,66.11,Medium,False,Yes
TX-104504,2025-02-21 14:31:59.065913,Spain,USA,27647.05,EUR,RTGS,82.62,High,True,Yes
TX-104505,2025-02-22 16:16:58.065913,Brazil,China,5192.11,BRL,ACH,20.83,Low,False,Yes
TX-104506,2024-10-05 17:21:35.065913,UK,Canada,91222.38,GBP,RTGS,38.79,Low,False,Yes
TX-104507,2024-10-29 13:26:08.065913,Japan,UK,88332.2,JPY,SWIFT,64.08,Medium,False,Yes
TX-104508,2025-02-09 23:15:29.065913,Italy,France,97082.74,EUR,SEPA,87.48,High,True,Yes
TX-104509,2025-03-08 11:09:50.065913,Italy,Canada,71681.06,EUR,RTGS,66.05,Medium,False,Yes
TX-104510,2024-04-29 10:46:53.065913,China,Japan,68303.85,CNY,SWIFT,83.9,High,True,Yes
TX-104511,2024-04-09 12:51:13.065913,UK,Brazil,55944.41,GBP,Wire,47.39,Medium,False,Yes
TX-104512,2024-09-18 23:13:35.065913,China,Italy,12681.65,CNY,SEPA,71.73,High,True,Yes
TX-104513,2024-11-08 21:32:23.065913,Italy,UK,19004.61,EUR,SWIFT,98.0,High,True,Yes
TX-104514,2024-04-07 21:41:35.065913,Italy,Canada,29018.02,EUR,RTGS,15.35,Low,False,Yes
TX-104515,2024-06-12 20:03:01.065913,UK,India,89026.62,GBP,SEPA,92.69,High,True,Yes
TX-104516,2025-02-26 04:15:42.065913,Australia,South Africa,17379.66,AUD,SWIFT,52.24,Medium,False,Yes
TX-104517,2024-05-07 00:46:54.066914,India,USA,92295.03,INR,RTGS,64.32,Medium,False,Yes
TX-104518,2024-09-09 06:49:16.066914,Japan,India,52326.29,JPY,ACH,87.79,High,True,Yes
TX-104519,2024-11-17 19:22:49.066914,Brazil,France,71585.41,BRL,ACH,40.97,Medium,False,Yes
TX-104520,2024-07-01 15:25:27.066914,Netherlands,UK,11113.42,EUR,SWIFT,41.87,Medium,False,Yes
TX-104521,2025-01-26 18:07:16.066914,India,Australia,26976.45,INR,SEPA,52.72,Medium,False,Yes
TX-104522,2024-04-22 08:14:24.066914,Netherlands,Spain,95856.01,EUR,RTGS,1.91,Low,False,Yes
TX-104523,2024-10-06 21:25:32.066914,UK,UK,26688.38,GBP,SEPA,49.67,Medium,False,Yes
TX-104524,2024-12-09 09:28:18.066914,Japan,Germany,29722.52,JPY,RTGS,29.11,Low,False,Yes
TX-104525,2024-09-03 01:42:48.066914,UK,Brazil,19839.98,GBP,ACH,92.8,High,True,Yes
TX-104526,2024-04-24 17:18:37.066914,Australia,USA,12994.46,AUD,ACH,8.77,Low,False,Yes
TX-104527,2024-08-03 02:22:02.066914,France,Netherlands,23402.44,EUR,SWIFT,45.93,Medium,False,Yes
TX-104528,2024-05-08 03:38:45.066914,UK,India,64268.46,GBP,RTGS,94.75,High,True,Yes
TX-104529,2024-12-31 06:52:35.066914,UK,Japan,45591.24,GBP,Wire,90.1,High,True,Yes
TX-104530,2024-08-10 13:12:47.066914,Spain,Germany,55420.21,EUR,SEPA,70.13,High,True,Yes
TX-104531,2025-01-25 11:34:22.066914,Russia,Australia,12324.25,RUB,ACH,58.94,Medium,False,Yes
TX-104532,2024-10-03 23:11:34.066914,Australia,Brazil,80231.43,AUD,RTGS,28.07,Low,False,Yes
TX-104533,2024-12-29 07:28:35.066914,China,USA,78431.06,CNY,SEPA,36.7,Low,False,Yes
TX-104534,2024-12-07 22:12:50.066914,USA,Russia,2256.83,USD,Wire,9.01,Low,False,Yes
TX-104535,2024-11-02 14:35:33.066914,Russia,India,38413.16,RUB,Wire,78.61,High,True,Yes
TX-104536,2024-11-30 18:58:49.066914,Spain,South Africa,6970.18,EUR,SEPA,32.39,Low,False,Yes
TX-104537,2024-05-11 17:14:25.066914,USA,Japan,79231.37,USD,RTGS,66.78,Medium,False,Yes
TX-104538,2024-12-13 13:50:11.066914,Australia,India,73753.24,AUD,SWIFT,35.76,Low,False,Yes
TX-104539,2024-07-11 11:25:36.066914,UK,India,90208.61,GBP,ACH,46.43,Medium,False,Yes
TX-104540,2025-01-13 18:28:40.066914,Germany,Brazil,23716.76,EUR,SWIFT,55.5,Medium,False,Yes
TX-104541,2024-05-26 21:42:13.066914,Russia,India,45683.96,RUB,RTGS,80.19,High,True,Yes
TX-104542,2024-06-06 18:25:30.066914,Italy,Netherlands,18530.34,EUR,SWIFT,21.12,Low,False,Yes
TX-104543,2024-06-30 12:24:30.066914,Japan,Canada,37186.37,JPY,RTGS,39.88,Low,False,Yes
TX-104544,2024-03-18 17:56:16.066914,Japan,Italy,52272.1,JPY,Wire,13.01,Low,False,Yes
TX-104545,2025-02-07 04:49:16.066914,India,Brazil,5427.75,INR,SWIFT,7.58,Low,False,Yes
TX-104546,2024-06-19 09:26:03.066914,Australia,France,71515.55,AUD,SWIFT,60.47,Medium,False,Yes
TX-104547,2024-05-21 13:27:36.066914,Italy,Australia,54375.01,EUR,Wire,18.91,Low,False,Yes
TX-104548,2024-11-29 01:33:45.066914,India,USA,82913.01,INR,SWIFT,5.98,Low,False,Yes
TX-104549,2024-10-15 22:27:47.066914,Australia,China,27250.87,AUD,SWIFT,89.71,High,True,Yes
TX-104550,2024-08-13 08:51:10.066914,Italy,USA,90341.78,EUR,Wire,53.43,Medium,False,Yes
TX-104551,2025-02-04 15:28:58.066914,Brazil,USA,99869.56,BRL,Wire,13.46,Low,False,Yes
TX-104552,2024-06-07 01:13:40.066914,Russia,South Africa,91937.91,RUB,SEPA,5.34,Low,False,Yes
TX-104553,2025-03-04 19:06:38.066914,Australia,Italy,77811.46,AUD,SWIFT,11.99,Low,False,Yes
TX-104554,2024-12-12 15:27:06.066914,Australia,South Africa,81255.64,AUD,SWIFT,47.13,Medium,False,Yes
TX-104555,2024-10-06 01:41:54.066914,UK,Germany,57417.05,GBP,ACH,66.85,Medium,False,Yes
TX-104556,2025-03-03 07:46:37.066914,Canada,Netherlands,19096.37,CAD,Wire,64.13,Medium,False,Yes
TX-104557,2024-10-10 23:55:20.066914,China,Germany,67736.36,CNY,RTGS,14.44,Low,False,Yes
TX-104558,2025-02-16 05:31:56.066914,USA,Spain,71304.02,USD,Wire,63.35,Medium,False,Yes
TX-104559,2024-11-09 19:01:43.066914,South Africa,Netherlands,98539.98,ZAR,SWIFT,40.49,Medium,False,Yes
TX-104560,2024-05-30 22:55:05.066914,South Africa,Germany,54176.0,ZAR,Wire,46.47,Medium,False,Yes
TX-104561,2025-01-10 01:17:55.066914,Germany,Germany,27209.76,EUR,Wire,80.14,High,True,Yes
TX-104562,2024-08-28 17:08:07.066914,France,Canada,68398.88,EUR,SEPA,33.25,Low,False,Yes
TX-104563,2024-09-18 19:37:00.066914,USA,USA,97939.64,USD,Wire,14.7,Low,False,Yes
TX-104564,2025-01-06 07:07:06.066914,France,Italy,17803.67,EUR,ACH,87.35,High,True,Yes
TX-104565,2024-08-01 16:40:01.066914,Germany,USA,32667.19,EUR,SWIFT,21.21,Low,False,Yes
TX-104566,2024-10-06 22:08:21.066914,Japan,USA,54233.91,JPY,SEPA,29.4,Low,False,Yes
TX-104567,2024-04-28 15:36:36.066914,France,Spain,17104.44,EUR,SWIFT,70.66,High,True,Yes
TX-104568,2024-12-30 01:15:50.066914,UK,Russia,2319.84,GBP,SWIFT,68.36,Medium,False,Yes
TX-104569,2024-04-12 06:39:35.066914,South Africa,Germany,33764.61,ZAR,Wire,80.04,High,True,Yes
TX-104570,2024-05-12 00:53:36.066914,Australia,India,86550.54,AUD,ACH,18.39,Low,False,Yes
TX-104571,2024-07-25 14:11:03.066914,China,India,4442.49,CNY,ACH,35.23,Low,False,Yes
TX-104572,2024-08-22 13:29:02.066914,Brazil,Canada,42950.01,BRL,SEPA,12.59,Low,False,Yes
TX-104573,2024-11-03 01:07:57.066914,South Africa,Germany,76243.86,ZAR,SEPA,54.1,Medium,False,Yes
TX-104574,2025-01-18 20:54:25.066914,South Africa,Netherlands,95322.94,ZAR,RTGS,29.26,Low,False,Yes
TX-104575,2024-04-07 20:20:36.066914,Australia,Canada,98548.99,AUD,ACH,68.89,Medium,False,Yes
TX-104576,2024-05-05 08:55:22.066914,Japan,South Africa,42254.74,JPY,SEPA,0.03,Low,False,Yes
TX-104577,2024-05-08 19:26:49.066914,Japan,Russia,95043.39,JPY,SWIFT,5.97,Low,False,Yes
TX-104578,2025-03-08 08:52:30.066914,Canada,Russia,3638.36,CAD,SWIFT,43.26,Medium,False,Yes
TX-104579,2024-04-30 22:25:46.066914,China,India,74617.1,CNY,SWIFT,95.82,High,True,Yes
TX-104580,2024-06-30 01:25:58.066914,Canada,UK,64310.33,CAD,SEPA,89.09,High,True,Yes
TX-104581,2024-08-14 05:27:20.066914,France,Brazil,25027.23,EUR,ACH,99.4,High,True,Yes
TX-104582,2024-10-07 14:45:36.066914,South Africa,UK,50781.12,ZAR,SWIFT,41.68,Medium,False,Yes
TX-104583,2025-01-09 21:12:45.067911,Japan,USA,13042.42,JPY,SWIFT,4.66,Low,False,Yes
TX-104584,2024-10-03 18:13:00.067911,Russia,Italy,87172.56,RUB,SEPA,30.6,Low,False,Yes
TX-104585,2024-10-13 20:02:30.067911,Spain,Japan,35854.02,EUR,SEPA,67.58,Medium,False,Yes
TX-104586,2024-07-21 11:44:21.067911,Japan,Canada,62641.84,JPY,ACH,13.52,Low,False,Yes
TX-104587,2024-03-23 21:00:38.067911,Russia,Russia,15961.75,RUB,SEPA,30.0,Low,False,Yes
TX-104588,2024-12-13 15:51:53.067911,South Africa,Spain,20695.87,ZAR,Wire,5.62,Low,False,Yes
TX-104589,2024-04-22 15:53:49.067911,USA,Spain,99196.44,USD,ACH,47.5,Medium,False,Yes
TX-104590,2024-10-13 23:09:16.067911,South Africa,Japan,75333.33,ZAR,Wire,20.89,Low,False,Yes
TX-104591,2024-08-28 16:38:59.067911,Brazil,India,96200.99,BRL,SEPA,9.12,Low,False,Yes
TX-104592,2025-02-17 12:58:12.067911,Australia,Germany,29655.53,AUD,SEPA,41.12,Medium,False,Yes
TX-104593,2025-02-08 03:24:19.067911,Japan,China,16539.83,JPY,SWIFT,35.12,Low,False,Yes
TX-104594,2024-08-24 23:36:08.067911,Germany,Germany,50356.54,EUR,Wire,53.75,Medium,False,Yes
TX-104595,2024-12-28 05:28:53.067911,Italy,Netherlands,49517.36,EUR,Wire,74.9,High,True,Yes
TX-104596,2024-04-06 11:52:02.067911,Canada,Japan,17577.16,CAD,SEPA,11.26,Low,False,Yes
TX-104597,2024-06-07 08:23:59.067911,Brazil,Italy,73348.64,BRL,RTGS,79.11,High,True,Yes
TX-104598,2024-10-05 03:33:50.067911,Russia,Italy,36241.58,RUB,ACH,2.63,Low,False,Yes
TX-104599,2024-07-27 13:15:43.067911,India,Canada,18717.89,INR,SWIFT,44.31,Medium,False,Yes
TX-104600,2024-11-25 07:38:38.067911,South Africa,Germany,33265.14,ZAR,SEPA,58.74,Medium,False,Yes
TX-104601,2024-09-26 21:01:59.067911,Germany,Germany,56409.5,EUR,Wire,95.7,High,True,Yes
TX-104602,2024-05-14 07:33:29.067911,France,Canada,72674.45,EUR,ACH,57.39,Medium,False,Yes
TX-104603,2024-07-20 00:24:16.067911,Russia,Spain,48240.9,RUB,SWIFT,15.87,Low,False,Yes
TX-104604,2025-01-31 20:02:24.067911,USA,Spain,52606.94,USD,ACH,51.75,Medium,False,Yes
TX-104605,2024-06-10 15:11:43.067911,Australia,UK,13980.7,AUD,ACH,39.58,Low,False,Yes
TX-104606,2024-09-21 01:19:17.067911,France,USA,91477.62,EUR,SWIFT,47.94,Medium,False,Yes
TX-104607,2024-12-13 11:37:15.067911,Spain,Italy,92879.55,EUR,SEPA,19.71,Low,False,Yes
TX-104608,2024-06-30 12:40:00.067911,Russia,India,68374.32,RUB,Wire,50.08,Medium,False,Yes
TX-104609,2025-01-31 11:49:35.067911,Russia,Spain,1861.38,RUB,SEPA,15.0,Low,False,Yes
TX-104610,2024-10-17 17:12:13.067911,Canada,USA,53753.71,CAD,RTGS,74.4,High,True,Yes
TX-104611,2024-05-11 16:57:54.067911,Australia,Italy,62958.98,AUD,Wire,59.39,Medium,False,Yes
TX-104612,2024-12-23 06:15:29.067911,Russia,Germany,99465.96,RUB,RTGS,7.85,Low,False,Yes
TX-104613,2024-06-29 23:41:32.067911,Canada,Australia,99607.09,CAD,SEPA,88.96,High,True,Yes
TX-104614,2024-08-25 16:40:05.067911,South Africa,Germany,85775.36,ZAR,ACH,61.64,Medium,False,Yes
TX-104615,2024-03-26 06:00:02.067911,South Africa,Canada,6476.72,ZAR,ACH,31.61,Low,False,Yes
TX-104616,2025-01-16 06:36:55.067911,Germany,India,95332.31,EUR,SWIFT,4.56,Low,False,Yes
TX-104617,2025-01-18 15:16:50.067911,Germany,Russia,61304.86,EUR,SEPA,63.22,Medium,False,Yes
TX-104618,2024-05-26 12:10:51.067911,South Africa,France,80108.59,ZAR,SWIFT,37.34,Low,False,Yes
TX-104619,2024-12-29 14:13:28.067911,Brazil,India,40778.57,BRL,ACH,90.76,High,True,Yes
TX-104620,2024-09-02 05:49:20.067911,China,China,32034.98,CNY,SEPA,3.49,Low,False,Yes
TX-104621,2024-03-30 20:55:38.067911,Brazil,Spain,46378.09,BRL,SEPA,3.91,Low,False,Yes
TX-104622,2024-11-17 04:47:49.067911,Spain,USA,14772.76,EUR,ACH,94.93,High,True,Yes
TX-104623,2024-03-25 01:20:00.067911,Russia,Canada,35770.91,RUB,SWIFT,96.49,High,True,Yes
TX-104624,2024-04-22 12:06:46.067911,Brazil,Netherlands,85775.99,BRL,SEPA,2.77,Low,False,Yes
TX-104625,2024-06-10 09:18:34.067911,China,Germany,3891.25,CNY,SWIFT,71.6,High,True,Yes
TX-104626,2024-10-11 04:28:34.067911,India,Italy,15172.72,INR,SEPA,22.15,Low,False,Yes
TX-104627,2025-01-18 02:07:12.067911,Italy,France,12599.1,EUR,SWIFT,70.14,High,True,Yes
TX-104628,2024-06-26 11:32:19.067911,UK,South Africa,40367.25,GBP,Wire,86.87,High,True,Yes
TX-104629,2024-07-22 02:25:52.067911,China,China,99698.99,CNY,SWIFT,10.08,Low,False,Yes
TX-104630,2024-07-01 01:20:13.067911,UK,Australia,17418.46,GBP,SEPA,23.88,Low,False,Yes
TX-104631,2024-11-29 08:54:19.067911,South Africa,Canada,14633.72,ZAR,SEPA,2.41,Low,False,Yes
TX-104632,2024-05-20 23:05:25.067911,Germany,Brazil,91514.07,EUR,SWIFT,4.38,Low,False,Yes
TX-104633,2024-09-20 21:59:22.067911,Russia,Japan,88216.85,RUB,RTGS,2.96,Low,False,Yes
TX-104634,2024-08-02 14:19:41.067911,Germany,South Africa,3320.81,EUR,RTGS,80.07,High,True,Yes
TX-104635,2024-06-30 02:40:34.067911,South Africa,Netherlands,75195.43,ZAR,SWIFT,29.83,Low,False,Yes
TX-104636,2024-07-05 07:50:31.067911,USA,Russia,65581.02,USD,Wire,49.32,Medium,False,Yes
TX-104637,2025-03-06 09:02:05.067911,China,China,76797.31,CNY,ACH,78.78,High,True,Yes
TX-104638,2025-01-28 03:29:52.067911,Spain,UK,49500.8,EUR,ACH,49.49,Medium,False,Yes
TX-104639,2024-09-15 12:45:46.067911,Japan,France,99138.78,JPY,RTGS,42.92,Medium,False,Yes
TX-104640,2024-05-21 08:55:15.067911,France,Canada,4480.32,EUR,ACH,1.16,Low,False,Yes
TX-104641,2024-03-17 19:29:47.067911,China,China,23513.72,CNY,Wire,56.8,Medium,False,Yes
TX-104642,2024-06-04 18:48:37.067911,Japan,Spain,39714.94,JPY,ACH,12.47,Low,False,Yes
TX-104643,2024-04-09 02:25:26.067911,UK,India,45032.82,GBP,RTGS,76.46,High,True,Yes
TX-104644,2024-07-04 14:24:55.067911,Spain,Brazil,92144.6,EUR,ACH,25.77,Low,False,Yes
TX-104645,2025-03-05 16:34:59.067911,Brazil,Italy,56044.44,BRL,SEPA,67.42,Medium,False,Yes
TX-104646,2024-08-03 07:12:35.067911,France,India,4606.59,EUR,Wire,64.62,Medium,False,Yes
TX-104647,2024-07-18 01:48:22.067911,France,Netherlands,40845.51,EUR,Wire,61.67,Medium,False,Yes
TX-104648,2024-12-29 14:57:59.067911,China,South Africa,41707.39,CNY,RTGS,26.7,Low,False,Yes
TX-104649,2024-03-27 14:05:34.068911,France,Brazil,96552.54,EUR,Wire,26.71,Low,False,Yes
TX-104650,2024-10-07 17:33:21.068911,Russia,UK,59959.79,RUB,SWIFT,86.3,High,True,Yes
TX-104651,2024-09-29 17:39:56.068911,Japan,Spain,63601.54,JPY,ACH,1.28,Low,False,Yes
TX-104652,2024-04-16 00:42:45.068911,Netherlands,UK,71353.98,EUR,ACH,18.15,Low,False,Yes
TX-104653,2024-04-06 04:25:58.068911,India,India,77026.93,INR,SWIFT,61.02,Medium,False,Yes
TX-104654,2024-07-24 16:39:06.068911,Russia,South Africa,63541.6,RUB,RTGS,81.7,High,True,Yes
TX-104655,2025-03-08 02:18:04.068911,Canada,Netherlands,23795.72,CAD,RTGS,35.83,Low,False,Yes
TX-104656,2024-12-23 13:12:09.068911,UK,Brazil,87417.19,GBP,RTGS,65.34,Medium,False,Yes
TX-104657,2024-12-07 03:24:44.068911,South Africa,Spain,73238.77,ZAR,RTGS,55.72,Medium,False,Yes
TX-104658,2024-10-18 06:23:46.068911,South Africa,Russia,74212.86,ZAR,SWIFT,6.45,Low,False,Yes
TX-104659,2025-01-01 05:05:08.068911,Italy,India,99656.02,EUR,SEPA,62.18,Medium,False,Yes
TX-104660,2024-12-19 18:31:52.068911,Netherlands,Australia,80272.4,EUR,RTGS,81.39,High,True,Yes
TX-104661,2024-07-25 14:36:52.068911,USA,Canada,82932.23,USD,Wire,99.24,High,True,Yes
TX-104662,2024-09-26 22:54:08.068911,France,Spain,95145.41,EUR,SWIFT,2.96,Low,False,Yes
TX-104663,2024-10-07 00:17:43.068911,Russia,USA,15198.29,RUB,Wire,66.01,Medium,False,Yes
TX-104664,2024-11-17 01:01:34.068911,India,China,49822.96,INR,ACH,41.45,Medium,False,Yes
TX-104665,2025-01-17 07:22:58.068911,UK,Netherlands,58098.65,GBP,RTGS,0.98,Low,False,Yes
TX-104666,2024-03-25 01:48:32.068911,Brazil,China,32994.65,BRL,SEPA,61.44,Medium,False,Yes
TX-104667,2024-05-02 04:39:07.068911,Russia,Australia,83956.39,RUB,RTGS,12.24,Low,False,Yes
TX-104668,2024-07-09 06:53:00.068911,UK,Italy,76265.72,GBP,ACH,37.86,Low,False,Yes
TX-104669,2024-08-02 17:38:35.068911,Germany,Japan,72116.22,EUR,Wire,26.14,Low,False,Yes
TX-104670,2025-01-09 21:14:34.068911,UK,India,99715.23,GBP,SEPA,36.12,Low,False,Yes
TX-104671,2024-12-19 06:47:20.068911,Brazil,Brazil,26012.2,BRL,SWIFT,49.27,Medium,False,Yes
TX-104672,2025-01-23 16:33:52.068911,Spain,Germany,73572.18,EUR,SWIFT,35.92,Low,False,Yes
TX-104673,2025-03-06 12:47:00.068911,Russia,Japan,55185.31,RUB,Wire,55.27,Medium,False,Yes
TX-104674,2024-10-04 13:16:53.068911,Germany,China,31367.62,EUR,ACH,23.86,Low,False,Yes
TX-104675,2024-04-27 17:52:35.068911,South Africa,Brazil,16142.63,ZAR,SEPA,63.54,Medium,False,Yes
TX-104676,2025-02-06 14:28:04.068911,Russia,USA,89598.8,RUB,ACH,85.38,High,True,Yes
TX-104677,2024-09-29 07:17:20.068911,India,Germany,59586.0,INR,ACH,22.41,Low,False,Yes
TX-104678,2024-07-05 18:33:58.068911,Italy,USA,82510.89,EUR,RTGS,50.79,Medium,False,Yes
TX-104679,2025-03-10 20:57:29.068911,Australia,China,54579.96,AUD,SWIFT,64.87,Medium,False,Yes
TX-104680,2024-09-12 01:22:52.068911,UK,South Africa,22075.71,GBP,SEPA,56.46,Medium,False,Yes
TX-104681,2025-01-29 21:26:14.068911,China,Netherlands,33821.13,CNY,RTGS,36.56,Low,False,Yes
TX-104682,2024-08-17 04:01:18.068911,India,Canada,38215.73,INR,RTGS,64.22,Medium,False,Yes
TX-104683,2024-05-31 02:19:18.068911,France,France,97296.19,EUR,RTGS,2.82,Low,False,Yes
TX-104684,2024-10-02 00:28:48.068911,India,Germany,662.76,INR,ACH,36.99,Low,False,Yes
TX-104685,2024-05-12 02:30:20.068911,Italy,Brazil,98568.04,EUR,Wire,53.26,Medium,False,Yes
TX-104686,2025-02-24 19:19:21.068911,Italy,Italy,98048.12,EUR,SEPA,2.06,Low,False,Yes
TX-104687,2024-08-23 09:15:44.068911,Australia,South Africa,99615.46,AUD,SEPA,50.76,Medium,False,Yes
TX-104688,2024-09-02 03:07:54.068911,Canada,Germany,47711.16,CAD,RTGS,65.43,Medium,False,Yes
TX-104689,2024-04-09 13:40:37.068911,India,China,96384.52,INR,SWIFT,75.92,High,True,Yes
TX-104690,2024-03-30 04:28:47.068911,South Africa,Canada,39620.36,ZAR,SWIFT,11.34,Low,False,Yes
TX-104691,2025-02-01 18:31:04.068911,Netherlands,USA,2726.81,EUR,ACH,99.06,High,True,Yes
TX-104692,2024-08-08 00:44:31.068911,South Africa,UK,22512.28,ZAR,Wire,60.62,Medium,False,Yes
TX-104693,2024-08-20 12:25:51.068911,Canada,Spain,94535.09,CAD,ACH,36.32,Low,False,Yes
TX-104694,2024-12-28 23:10:51.068911,Italy,Australia,1475.09,EUR,ACH,24.91,Low,False,Yes
TX-104695,2024-09-14 17:07:45.068911,Japan,France,54644.81,JPY,SEPA,57.29,Medium,False,Yes
TX-104696,2025-01-08 06:17:58.068911,Brazil,Germany,7652.6,BRL,SWIFT,88.17,High,True,Yes
TX-104697,2024-11-01 21:11:34.068911,France,UK,28711.02,EUR,RTGS,52.06,Medium,False,Yes
TX-104698,2024-09-01 07:13:36.068911,Brazil,Italy,8900.48,BRL,ACH,66.15,Medium,False,Yes
TX-104699,2024-08-19 22:08:11.068911,Netherlands,Germany,85966.91,EUR,SEPA,35.77,Low,False,Yes
TX-104700,2024-06-30 08:10:15.068911,Netherlands,India,59147.96,EUR,SWIFT,38.82,Low,False,Yes
TX-104701,2025-02-09 16:27:09.068911,Spain,USA,90220.44,EUR,SEPA,28.62,Low,False,Yes
TX-104702,2024-07-26 18:33:45.068911,Australia,Germany,68866.48,AUD,RTGS,70.56,High,True,Yes
TX-104703,2024-08-01 17:43:49.068911,Australia,Netherlands,97105.81,AUD,Wire,35.92,Low,False,Yes
TX-104704,2025-02-11 10:36:36.068911,Spain,Brazil,51036.78,EUR,Wire,19.07,Low,False,Yes
TX-104705,2024-04-24 11:12:50.068911,China,China,63907.19,CNY,Wire,36.94,Low,False,Yes
TX-104706,2024-04-30 19:59:51.068911,USA,Australia,57673.25,USD,RTGS,85.38,High,True,Yes
TX-104707,2024-08-26 22:42:48.068911,Russia,Brazil,48477.62,RUB,SWIFT,73.83,High,True,Yes
TX-104708,2025-02-11 05:12:03.068911,South Africa,Netherlands,84611.34,ZAR,SWIFT,33.46,Low,False,Yes
TX-104709,2024-09-01 19:43:37.068911,Russia,Spain,64488.06,RUB,SEPA,90.68,High,True,Yes
TX-104710,2024-12-27 06:54:48.068911,Brazil,UK,80151.1,BRL,Wire,7.48,Low,False,Yes
TX-104711,2024-04-06 01:32:56.068911,Canada,France,78657.76,CAD,SWIFT,4.98,Low,False,Yes
TX-104712,2025-01-20 18:53:57.068911,Brazil,Spain,19185.41,BRL,SEPA,12.75,Low,False,Yes
TX-104713,2025-01-25 10:50:54.068911,Australia,India,65051.34,AUD,SEPA,11.65,Low,False,Yes
TX-104714,2024-09-02 18:22:48.068911,India,South Africa,20044.84,INR,RTGS,8.78,Low,False,Yes
TX-104715,2024-12-23 04:15:33.068911,India,South Africa,58373.72,INR,Wire,66.13,Medium,False,Yes
TX-104716,2024-11-25 12:14:49.068911,Brazil,USA,67775.72,BRL,Wire,60.08,Medium,False,Yes
TX-104717,2024-10-02 20:13:54.068911,Spain,Japan,99723.78,EUR,RTGS,64.76,Medium,False,Yes
TX-104718,2024-07-30 15:45:45.068911,Russia,South Africa,3151.14,RUB,SEPA,68.84,Medium,False,Yes
TX-104719,2024-11-08 03:08:21.068911,Canada,Italy,9215.12,CAD,SWIFT,75.69,High,True,Yes
TX-104720,2025-02-21 21:30:50.068911,South Africa,India,7794.97,ZAR,SWIFT,20.72,Low,False,Yes
TX-104721,2024-08-06 13:31:05.068911,Japan,Russia,39896.29,JPY,SWIFT,62.23,Medium,False,Yes
TX-104722,2024-03-25 19:56:20.068911,Italy,France,82176.68,EUR,SWIFT,58.0,Medium,False,Yes
TX-104723,2025-03-02 14:30:10.068911,Germany,South Africa,84421.23,EUR,ACH,94.37,High,True,Yes
TX-104724,2024-08-28 19:29:53.068911,Italy,USA,73724.26,EUR,Wire,23.24,Low,False,Yes
TX-104725,2024-12-18 12:32:27.069907,Russia,Germany,89698.14,RUB,Wire,5.87,Low,False,Yes
TX-104726,2024-09-07 17:38:54.069907,Germany,Russia,32353.71,EUR,ACH,65.35,Medium,False,Yes
TX-104727,2024-03-20 23:37:37.069907,Australia,Brazil,8906.65,AUD,Wire,74.02,High,True,Yes
TX-104728,2024-09-05 09:59:32.069907,France,Spain,5909.49,EUR,RTGS,28.32,Low,False,Yes
TX-104729,2024-05-03 18:31:50.069907,Spain,Spain,85228.06,EUR,SEPA,57.08,Medium,False,Yes
TX-104730,2025-02-27 03:46:03.069907,Russia,Germany,73070.59,RUB,Wire,5.95,Low,False,Yes
TX-104731,2025-02-20 02:42:42.069907,France,Germany,69891.67,EUR,ACH,96.0,High,True,Yes
TX-104732,2025-02-03 23:46:59.069907,Spain,Japan,34033.67,EUR,RTGS,10.99,Low,False,Yes
TX-104733,2024-05-28 21:18:34.069907,Japan,USA,38052.53,JPY,SEPA,6.76,Low,False,Yes
TX-104734,2024-06-01 05:26:11.069907,China,Netherlands,95815.54,CNY,SWIFT,4.41,Low,False,Yes
TX-104735,2025-01-15 12:27:18.069907,UK,Netherlands,6474.09,GBP,Wire,42.73,Medium,False,Yes
TX-104736,2024-06-27 08:46:43.069907,China,India,77395.8,CNY,ACH,9.72,Low,False,Yes
TX-104737,2024-04-25 14:21:54.069907,Russia,Germany,31032.37,RUB,SWIFT,74.46,High,True,Yes
TX-104738,2025-01-24 16:41:29.069907,Australia,South Africa,4001.56,AUD,RTGS,89.89,High,True,Yes
TX-104739,2024-06-13 07:21:59.069907,South Africa,India,74282.75,ZAR,Wire,26.02,Low,False,Yes
TX-104740,2024-06-01 18:54:43.069907,Spain,Brazil,33158.1,EUR,Wire,62.88,Medium,False,Yes
TX-104741,2024-04-14 00:55:55.069907,Netherlands,Brazil,72242.54,EUR,ACH,4.23,Low,False,Yes
TX-104742,2024-05-22 12:37:56.069907,India,Germany,70794.67,INR,RTGS,38.66,Low,False,Yes
TX-104743,2024-10-08 12:06:56.069907,South Africa,China,53525.21,ZAR,RTGS,29.29,Low,False,Yes
TX-104744,2024-10-03 20:33:39.069907,USA,Russia,77759.58,USD,SWIFT,22.86,Low,False,Yes
TX-104745,2024-06-08 17:47:33.069907,USA,Italy,58145.73,USD,Wire,64.47,Medium,False,Yes
TX-104746,2025-03-04 15:20:23.069907,Canada,Japan,28735.02,CAD,SEPA,13.02,Low,False,Yes
TX-104747,2024-08-16 05:49:24.069907,India,Spain,73438.12,INR,ACH,86.07,High,True,Yes
TX-104748,2024-08-05 13:04:36.069907,South Africa,UK,58955.07,ZAR,RTGS,66.48,Medium,False,Yes
TX-104749,2024-11-23 01:48:05.069907,Russia,Australia,1371.46,RUB,SWIFT,71.07,High,True,Yes
TX-104750,2024-07-07 03:19:18.069907,Australia,India,90174.25,AUD,Wire,93.53,High,True,Yes
TX-104751,2024-10-12 13:43:34.069907,USA,USA,54609.8,USD,SEPA,94.24,High,True,Yes
TX-104752,2024-04-29 11:23:21.069907,Canada,Canada,86875.86,CAD,SWIFT,55.17,Medium,False,Yes
TX-104753,2024-07-19 17:15:30.069907,Netherlands,Russia,88285.41,EUR,SEPA,49.54,Medium,False,Yes
TX-104754,2024-06-09 02:52:17.069907,Russia,Australia,44552.17,RUB,ACH,33.54,Low,False,Yes
TX-104755,2024-09-10 01:07:48.069907,UK,Canada,50815.23,GBP,Wire,71.56,High,True,Yes
TX-104756,2024-05-05 07:28:28.069907,Australia,Germany,41633.86,AUD,Wire,53.82,Medium,False,Yes
TX-104757,2024-12-30 20:49:08.069907,Australia,USA,44998.73,AUD,RTGS,93.29,High,True,Yes
TX-104758,2025-02-11 21:41:12.069907,USA,India,89525.2,USD,RTGS,23.86,Low,False,Yes
TX-104759,2024-11-27 10:42:10.069907,Italy,UK,78835.59,EUR,SWIFT,31.03,Low,False,Yes
TX-104760,2024-12-21 01:39:48.069907,Germany,Germany,12739.92,EUR,RTGS,31.61,Low,False,Yes
TX-104761,2024-10-02 11:06:02.069907,Brazil,UK,61069.75,BRL,ACH,80.6,High,True,Yes
TX-104762,2024-11-05 18:11:32.069907,Netherlands,Canada,99591.07,EUR,Wire,9.9,Low,False,Yes
TX-104763,2024-05-20 08:36:28.069907,UK,UK,59595.52,GBP,SEPA,45.56,Medium,False,Yes
TX-104764,2024-11-21 09:10:52.069907,Netherlands,China,78608.58,EUR,ACH,42.76,Medium,False,Yes
TX-104765,2024-05-31 09:36:05.069907,India,Japan,76929.24,INR,ACH,7.31,Low,False,Yes
TX-104766,2024-09-23 07:57:51.069907,France,Russia,35096.72,EUR,SEPA,41.08,Medium,False,Yes
TX-104767,2024-05-07 19:09:16.069907,UK,South Africa,37247.75,GBP,RTGS,51.34,Medium,False,Yes
TX-104768,2024-06-13 04:47:53.069907,Russia,Netherlands,72435.23,RUB,SWIFT,6.51,Low,False,Yes
TX-104769,2024-05-22 11:57:46.069907,Netherlands,Germany,50048.35,EUR,Wire,50.99,Medium,False,Yes
TX-104770,2024-04-19 00:48:46.069907,Netherlands,Germany,57100.01,EUR,Wire,95.92,High,True,Yes
TX-104771,2024-12-23 13:58:07.069907,France,Japan,71319.29,EUR,RTGS,97.89,High,True,Yes
TX-104772,2025-03-06 05:04:31.069907,Canada,Canada,77779.75,CAD,Wire,53.17,Medium,False,Yes
TX-104773,2025-02-22 21:10:53.069907,India,Italy,27224.51,INR,ACH,51.51,Medium,False,Yes
TX-104774,2024-05-16 19:07:43.069907,Spain,Brazil,14764.7,EUR,SWIFT,28.55,Low,False,Yes
TX-104775,2024-03-24 17:13:58.069907,France,Australia,29250.29,EUR,SWIFT,99.71,High,True,Yes
TX-104776,2024-07-11 13:10:59.069907,Canada,France,50803.08,CAD,SWIFT,27.42,Low,False,Yes
TX-104777,2024-12-12 23:21:11.069907,Spain,UK,34279.92,EUR,SWIFT,45.29,Medium,False,Yes
TX-104778,2024-08-13 21:45:48.069907,India,Brazil,56879.44,INR,Wire,0.29,Low,False,Yes
TX-104779,2025-01-21 04:12:36.069907,Netherlands,Germany,5441.23,EUR,SWIFT,34.92,Low,False,Yes
TX-104780,2025-01-03 04:59:01.069907,India,Germany,51024.07,INR,SWIFT,7.14,Low,False,Yes
TX-104781,2025-03-13 11:50:01.069907,UK,Italy,36861.69,GBP,SWIFT,74.38,High,True,Yes
TX-104782,2024-03-27 02:00:55.069907,USA,UK,53513.21,USD,SWIFT,56.1,Medium,False,Yes
TX-104783,2024-07-06 09:12:07.069907,Italy,China,42311.08,EUR,SWIFT,57.22,Medium,False,Yes
TX-104784,2024-10-21 20:11:11.069907,India,Germany,28494.16,INR,ACH,28.65,Low,False,Yes
TX-104785,2024-12-25 01:19:19.069907,France,France,90420.38,EUR,SEPA,81.49,High,True,Yes
TX-104786,2024-07-28 08:42:21.069907,Brazil,France,18558.02,BRL,Wire,0.33,Low,False,Yes
TX-104787,2024-06-07 23:49:50.069907,Brazil,China,68168.42,BRL,SEPA,33.36,Low,False,Yes
TX-104788,2025-03-01 02:04:37.069907,South Africa,Australia,92472.01,ZAR,SWIFT,65.95,Medium,False,Yes
TX-104789,2024-07-06 14:11:41.070908,Germany,India,53913.13,EUR,RTGS,90.79,High,True,Yes
TX-104790,2024-06-01 15:24:52.070908,Italy,Germany,87653.21,EUR,SWIFT,23.46,Low,False,Yes
TX-104791,2024-04-06 00:16:11.070908,India,France,12572.66,INR,Wire,54.11,Medium,False,Yes
TX-104792,2024-07-26 11:06:55.070908,Canada,Russia,49429.5,CAD,Wire,53.8,Medium,False,Yes
TX-104793,2024-08-30 18:51:44.070908,Brazil,South Africa,45756.83,BRL,SWIFT,87.42,High,True,Yes
TX-104794,2024-07-24 16:32:33.070908,Canada,Australia,911.07,CAD,ACH,5.05,Low,False,Yes
TX-104795,2024-03-26 09:58:11.070908,USA,Canada,44381.41,USD,ACH,42.45,Medium,False,Yes
TX-104796,2025-01-18 12:11:18.070908,Germany,Spain,36966.07,EUR,SEPA,18.25,Low,False,Yes
TX-104797,2024-05-08 11:26:47.070908,Australia,Italy,67012.89,AUD,SWIFT,2.15,Low,False,Yes
TX-104798,2024-04-24 04:06:16.070908,Canada,Italy,93839.14,CAD,Wire,14.7,Low,False,Yes
TX-104799,2024-09-24 13:06:33.070908,UK,UK,8670.53,GBP,SWIFT,97.65,High,True,Yes
TX-104800,2024-08-05 07:01:34.070908,China,Australia,32814.89,CNY,SEPA,21.48,Low,False,Yes
TX-104801,2025-01-22 01:55:01.070908,Germany,Australia,44462.07,EUR,SEPA,93.5,High,True,Yes
TX-104802,2025-01-11 01:19:16.070908,Japan,Italy,45573.02,JPY,Wire,20.53,Low,False,Yes
TX-104803,2024-09-29 06:44:14.070908,India,Japan,77503.49,INR,SWIFT,93.13,High,True,Yes
TX-104804,2024-11-15 10:59:27.070908,Australia,China,44395.23,AUD,ACH,65.46,Medium,False,Yes
TX-104805,2024-03-26 16:08:42.070908,USA,Brazil,2813.41,USD,Wire,11.32,Low,False,Yes
TX-104806,2024-08-11 23:26:07.070908,USA,Italy,71039.4,USD,RTGS,58.19,Medium,False,Yes
TX-104807,2025-03-17 07:48:08.070908,Brazil,South Africa,88494.49,BRL,SWIFT,31.85,Low,False,Yes
TX-104808,2024-06-18 19:14:19.070908,Spain,UK,51439.08,EUR,SEPA,38.32,Low,False,Yes
TX-104809,2024-05-19 15:36:26.070908,Russia,Russia,58152.74,RUB,Wire,44.02,Medium,False,Yes
TX-104810,2024-04-10 22:39:46.070908,Canada,South Africa,16377.35,CAD,Wire,42.27,Medium,False,Yes
TX-104811,2024-12-22 21:44:17.070908,Russia,Australia,22142.53,RUB,SWIFT,66.41,Medium,False,Yes
TX-104812,2025-01-31 07:36:15.070908,Italy,USA,23593.51,EUR,SWIFT,76.84,High,True,Yes
TX-104813,2024-07-20 17:33:12.070908,Brazil,South Africa,43131.12,BRL,Wire,32.92,Low,False,Yes
TX-104814,2024-09-23 14:22:29.070908,UK,Italy,92821.71,GBP,SWIFT,92.44,High,True,Yes
TX-104815,2024-06-14 12:03:21.070908,Australia,Italy,52226.3,AUD,SEPA,93.85,High,True,Yes
TX-104816,2024-07-10 19:33:26.070908,Canada,Russia,19290.55,CAD,Wire,4.07,Low,False,Yes
TX-104817,2024-09-10 12:35:51.070908,Germany,Canada,26682.16,EUR,SEPA,1.49,Low,False,Yes
TX-104818,2024-10-12 12:45:34.070908,Italy,South Africa,38463.1,EUR,SWIFT,42.51,Medium,False,Yes
TX-104819,2025-02-04 19:16:59.070908,Canada,Netherlands,62363.57,CAD,SWIFT,59.06,Medium,False,Yes
TX-104820,2024-06-29 22:37:45.070908,Brazil,Netherlands,44059.31,BRL,ACH,27.79,Low,False,Yes
TX-104821,2024-12-20 17:04:28.070908,South Africa,France,39305.24,ZAR,RTGS,25.94,Low,False,Yes
TX-104822,2024-06-19 07:46:15.070908,Canada,China,56516.39,CAD,RTGS,67.83,Medium,False,Yes
TX-104823,2024-03-30 20:18:28.070908,Canada,Japan,24259.32,CAD,RTGS,60.17,Medium,False,Yes
TX-104824,2024-11-29 09:46:40.070908,Spain,UK,7982.44,EUR,RTGS,16.71,Low,False,Yes
TX-104825,2024-09-18 20:07:27.070908,Spain,Japan,2538.99,EUR,RTGS,88.45,High,True,Yes
TX-104826,2024-10-09 16:05:38.070908,Netherlands,Brazil,25200.79,EUR,ACH,68.0,Medium,False,Yes
TX-104827,2024-12-12 01:12:35.070908,France,UK,9250.04,EUR,SEPA,36.26,Low,False,Yes
TX-104828,2024-08-16 02:44:37.070908,UK,France,33700.43,GBP,SWIFT,68.36,Medium,False,Yes
TX-104829,2024-09-16 13:12:21.070908,Italy,Italy,77316.06,EUR,RTGS,11.27,Low,False,Yes
TX-104830,2025-02-18 23:44:46.070908,South Africa,Australia,71657.8,ZAR,RTGS,46.83,Medium,False,Yes
TX-104831,2024-12-24 16:25:45.070908,Russia,France,61131.67,RUB,RTGS,16.9,Low,False,Yes
TX-104832,2024-10-18 06:21:34.070908,South Africa,Australia,85264.77,ZAR,SWIFT,4.14,Low,False,Yes
TX-104833,2024-04-08 19:54:18.070908,Russia,France,28278.56,RUB,SEPA,33.83,Low,False,Yes
TX-104834,2025-03-13 22:02:43.070908,UK,Italy,88516.87,GBP,SEPA,15.07,Low,False,Yes
TX-104835,2025-02-01 12:19:54.070908,India,Japan,39983.99,INR,SWIFT,63.35,Medium,False,Yes
TX-104836,2024-05-19 09:01:58.070908,India,China,40149.24,INR,RTGS,67.41,Medium,False,Yes
TX-104837,2024-10-28 00:49:27.070908,UK,Australia,40594.63,GBP,SEPA,14.87,Low,False,Yes
TX-104838,2025-02-26 08:46:47.070908,Canada,Canada,9899.63,CAD,ACH,2.46,Low,False,Yes
TX-104839,2024-06-28 00:38:21.070908,Japan,Spain,97551.5,JPY,ACH,79.28,High,True,Yes
TX-104840,2024-09-24 16:13:58.070908,China,UK,13936.83,CNY,ACH,0.21,Low,False,Yes
TX-104841,2024-10-10 05:37:55.070908,USA,Brazil,34154.48,USD,RTGS,34.39,Low,False,Yes
TX-104842,2024-09-26 16:09:06.070908,China,Australia,31998.1,CNY,SWIFT,49.46,Medium,False,Yes
TX-104843,2024-08-16 02:29:39.070908,India,Germany,7560.48,INR,Wire,81.86,High,True,Yes
TX-104844,2024-06-13 09:58:09.070908,UK,UK,15310.79,GBP,SWIFT,83.86,High,True,Yes
TX-104845,2024-09-20 05:02:52.070908,Australia,Netherlands,4581.35,AUD,SEPA,72.49,High,True,Yes
TX-104846,2024-04-01 06:12:00.070908,Spain,Germany,29311.21,EUR,ACH,24.72,Low,False,Yes
TX-104847,2025-01-07 22:53:14.070908,Brazil,USA,86679.03,BRL,SEPA,72.02,High,True,Yes
TX-104848,2024-07-23 02:51:46.070908,Germany,USA,34010.28,EUR,RTGS,24.65,Low,False,Yes
TX-104849,2024-05-21 13:45:41.070908,India,Russia,12456.81,INR,SEPA,21.46,Low,False,Yes
TX-104850,2024-08-02 09:20:37.070908,Brazil,Japan,64604.82,BRL,Wire,54.71,Medium,False,Yes
TX-104851,2024-10-31 16:15:32.070908,UK,Brazil,99660.43,GBP,RTGS,67.89,Medium,False,Yes
TX-104852,2024-10-13 02:12:29.070908,Netherlands,Brazil,23309.15,EUR,Wire,5.31,Low,False,Yes
TX-104853,2024-11-13 04:01:18.071909,Italy,Spain,28029.14,EUR,SWIFT,6.0,Low,False,Yes
TX-104854,2024-10-07 07:59:23.071909,China,Australia,97187.52,CNY,Wire,78.42,High,True,Yes
TX-104855,2025-02-10 13:06:36.071909,India,Italy,17959.75,INR,SWIFT,85.95,High,True,Yes
TX-104856,2024-12-17 21:44:37.071909,Australia,Netherlands,51170.29,AUD,RTGS,60.44,Medium,False,Yes
TX-104857,2024-07-30 00:53:35.071909,Russia,Italy,24041.25,RUB,Wire,42.88,Medium,False,Yes
TX-104858,2024-12-07 17:53:52.071909,Germany,Italy,93241.95,EUR,RTGS,84.53,High,True,Yes
TX-104859,2024-11-25 15:44:13.071909,Canada,Brazil,98153.95,CAD,SEPA,72.88,High,True,Yes
TX-104860,2024-08-20 02:09:15.071909,Netherlands,Spain,81488.31,EUR,SEPA,57.96,Medium,False,Yes
TX-104861,2024-07-14 11:11:13.071909,Canada,Italy,31546.9,CAD,RTGS,31.98,Low,False,Yes
TX-104862,2024-10-16 13:24:27.071909,UK,Australia,40408.4,GBP,SWIFT,19.8,Low,False,Yes
TX-104863,2024-05-11 17:33:38.071909,South Africa,France,24306.34,ZAR,Wire,41.87,Medium,False,Yes
TX-104864,2025-02-04 15:00:37.071909,Canada,India,89086.72,CAD,RTGS,28.68,Low,False,Yes
TX-104865,2024-11-02 23:58:08.071909,China,China,91464.37,CNY,SWIFT,33.93,Low,False,Yes
TX-104866,2024-06-17 14:27:09.071909,Brazil,Canada,41945.18,BRL,RTGS,51.56,Medium,False,Yes
TX-104867,2024-07-04 08:54:59.071909,Italy,Italy,65687.65,EUR,SWIFT,16.91,Low,False,Yes
TX-104868,2024-09-01 02:30:42.071909,Spain,Netherlands,16638.76,EUR,SWIFT,80.62,High,True,Yes
TX-104869,2024-10-20 16:06:28.071909,Italy,USA,43550.1,EUR,SWIFT,14.55,Low,False,Yes
TX-104870,2024-08-24 22:39:56.071909,Spain,Netherlands,63186.76,EUR,Wire,48.1,Medium,False,Yes
TX-104871,2024-05-13 07:33:56.071909,South Africa,Canada,38601.77,ZAR,RTGS,74.6,High,True,Yes
TX-104872,2025-03-15 10:39:52.071909,UK,Italy,35824.19,GBP,RTGS,48.5,Medium,False,Yes
TX-104873,2025-02-06 16:32:24.071909,Germany,Netherlands,199.8,EUR,RTGS,36.1,Low,False,Yes
TX-104874,2024-06-15 13:49:34.071909,France,China,80448.92,EUR,Wire,47.49,Medium,False,Yes
TX-104875,2025-02-06 12:15:00.071909,India,UK,88944.83,INR,SWIFT,84.87,High,True,Yes
TX-104876,2025-03-11 11:38:37.071909,Canada,Germany,96949.41,CAD,RTGS,99.04,High,True,Yes
TX-104877,2024-12-30 07:08:44.071909,Germany,South Africa,71955.21,EUR,RTGS,63.11,Medium,False,Yes
TX-104878,2024-11-05 19:57:05.071909,Japan,Italy,54924.35,JPY,Wire,79.34,High,True,Yes
TX-104879,2025-01-23 15:51:47.071909,China,France,27001.52,CNY,ACH,1.45,Low,False,Yes
TX-104880,2024-12-07 13:53:09.071909,China,South Africa,99930.02,CNY,RTGS,88.04,High,True,Yes
TX-104881,2025-02-07 12:29:35.071909,Brazil,Netherlands,59016.31,BRL,RTGS,95.4,High,True,Yes
TX-104882,2024-12-10 23:11:37.071909,China,South Africa,68147.29,CNY,Wire,57.52,Medium,False,Yes
TX-104883,2025-01-01 22:34:47.071909,France,Brazil,68272.38,EUR,ACH,75.38,High,True,Yes
TX-104884,2024-12-19 09:20:38.071909,South Africa,Spain,84540.65,ZAR,ACH,51.27,Medium,False,Yes
TX-104885,2025-03-03 10:00:58.071909,Brazil,Japan,1066.29,BRL,ACH,28.62,Low,False,Yes
TX-104886,2025-01-01 14:50:49.071909,USA,Brazil,22102.67,USD,RTGS,85.22,High,True,Yes
TX-104887,2024-12-12 20:31:40.071909,Russia,Australia,66586.85,RUB,SWIFT,59.68,Medium,False,Yes
TX-104888,2025-03-17 10:03:51.071909,Russia,India,89525.06,RUB,SWIFT,57.94,Medium,False,Yes
TX-104889,2024-12-30 09:48:10.071909,India,Brazil,68565.34,INR,Wire,65.91,Medium,False,Yes
TX-104890,2024-06-08 11:27:03.071909,Netherlands,Spain,41407.78,EUR,SEPA,85.6,High,True,Yes
TX-104891,2024-10-26 03:58:51.071909,France,Brazil,36219.39,EUR,SEPA,73.19,High,True,Yes
TX-104892,2024-07-12 20:26:48.071909,Germany,USA,73821.01,EUR,SWIFT,21.11,Low,False,Yes
TX-104893,2024-09-24 23:19:16.071909,Japan,India,74149.65,JPY,SWIFT,46.68,Medium,False,Yes
TX-104894,2024-08-11 07:43:13.071909,China,Italy,60745.09,CNY,SWIFT,98.03,High,True,Yes
TX-104895,2024-12-12 17:34:36.071909,Japan,Netherlands,29217.56,JPY,Wire,55.46,Medium,False,Yes
TX-104896,2024-11-15 22:15:39.071909,Germany,Italy,92522.97,EUR,RTGS,93.82,High,True,Yes
TX-104897,2025-03-05 18:51:56.071909,Brazil,Brazil,55232.81,BRL,SWIFT,81.34,High,True,Yes
TX-104898,2024-04-12 02:20:40.071909,Italy,Germany,79070.19,EUR,RTGS,66.6,Medium,False,Yes
TX-104899,2024-06-16 18:53:17.071909,France,Germany,21509.4,EUR,SEPA,34.94,Low,False,Yes
TX-104900,2024-05-28 16:19:18.071909,India,Australia,34469.67,INR,Wire,30.43,Low,False,Yes
TX-104901,2024-07-18 10:54:19.071909,USA,USA,87470.49,USD,SEPA,64.34,Medium,False,Yes
TX-104902,2024-09-17 11:00:49.071909,South Africa,Netherlands,5105.69,ZAR,RTGS,43.26,Medium,False,Yes
TX-104903,2024-10-01 01:18:44.071909,Netherlands,Russia,51280.3,EUR,Wire,79.88,High,True,Yes
TX-104904,2025-02-28 14:17:04.071909,South Africa,Spain,48222.38,ZAR,ACH,76.05,High,True,Yes
TX-104905,2025-02-24 06:33:23.071909,Germany,India,75147.9,EUR,SEPA,31.21,Low,False,Yes
TX-104906,2025-01-10 07:59:21.071909,Australia,Brazil,28261.19,AUD,SWIFT,70.27,High,True,Yes
TX-104907,2024-12-16 15:48:11.071909,Italy,India,21984.78,EUR,ACH,49.46,Medium,False,Yes
TX-104908,2024-10-21 23:11:28.071909,Canada,USA,92620.67,CAD,ACH,32.33,Low,False,Yes
TX-104909,2024-10-14 07:16:16.071909,Germany,Brazil,57213.79,EUR,Wire,41.3,Medium,False,Yes
TX-104910,2024-09-06 12:34:10.072910,Australia,India,10558.49,AUD,Wire,89.54,High,True,Yes
TX-104911,2024-11-10 08:51:04.072910,India,India,19384.31,INR,Wire,35.95,Low,False,Yes
TX-104912,2025-03-08 00:17:20.072910,China,UK,99882.72,CNY,Wire,28.74,Low,False,Yes
TX-104913,2024-12-14 18:28:58.072910,Canada,France,19641.34,CAD,Wire,35.18,Low,False,Yes
TX-104914,2024-04-30 06:15:47.072910,Japan,China,61086.5,JPY,Wire,21.46,Low,False,Yes
TX-104915,2024-05-17 11:08:17.072910,Netherlands,Australia,42070.8,EUR,Wire,54.46,Medium,False,Yes
TX-104916,2025-03-01 06:04:32.072910,USA,India,88571.35,USD,ACH,14.74,Low,False,Yes
TX-104917,2025-02-03 01:44:53.072910,Spain,UK,75541.34,EUR,SWIFT,81.74,High,True,Yes
TX-104918,2024-11-30 04:50:39.072910,Netherlands,France,59735.44,EUR,RTGS,22.56,Low,False,Yes
TX-104919,2024-06-14 07:14:31.072910,Spain,Germany,1172.82,EUR,Wire,59.81,Medium,False,Yes
TX-104920,2024-09-30 22:47:10.072910,UK,China,87991.54,GBP,Wire,12.5,Low,False,Yes
TX-104921,2024-06-24 10:41:05.072910,Italy,China,44522.28,EUR,SWIFT,97.85,High,True,Yes
TX-104922,2024-06-14 02:53:44.072910,Russia,India,93164.61,RUB,SEPA,45.46,Medium,False,Yes
TX-104923,2024-09-15 04:20:55.072910,Russia,Russia,49604.35,RUB,Wire,82.22,High,True,Yes
TX-104924,2024-09-22 12:01:26.072910,China,UK,69453.03,CNY,SEPA,76.86,High,True,Yes
TX-104925,2025-03-11 14:11:53.072910,Italy,USA,7022.34,EUR,RTGS,71.37,High,True,Yes
TX-104926,2024-09-28 23:57:03.072910,Spain,Canada,74540.65,EUR,ACH,82.74,High,True,Yes
TX-104927,2024-08-29 07:38:01.072910,Japan,South Africa,33865.8,JPY,Wire,10.05,Low,False,Yes
TX-104928,2024-12-13 03:34:06.072910,India,Canada,35200.77,INR,RTGS,67.85,Medium,False,Yes
TX-104929,2024-04-24 04:35:36.072910,UK,India,11953.72,GBP,Wire,26.58,Low,False,Yes
TX-104930,2025-02-19 08:48:21.072910,South Africa,Brazil,14771.03,ZAR,SWIFT,78.59,High,True,Yes
TX-104931,2025-03-10 21:54:20.072910,Australia,Netherlands,18657.33,AUD,ACH,95.69,High,True,Yes
TX-104932,2025-02-14 08:09:59.072910,South Africa,Italy,32887.8,ZAR,ACH,90.15,High,True,Yes
TX-104933,2024-09-02 08:04:09.072910,Canada,Italy,89207.79,CAD,SEPA,11.5,Low,False,Yes
TX-104934,2024-12-27 18:23:39.072910,USA,Brazil,36889.2,USD,Wire,36.96,Low,False,Yes
TX-104935,2024-10-26 11:11:01.072910,China,China,72463.83,CNY,RTGS,36.43,Low,False,Yes
TX-104936,2024-09-13 10:27:44.072910,Canada,Netherlands,8366.48,CAD,ACH,12.23,Low,False,Yes
TX-104937,2024-11-03 13:13:34.072910,USA,Canada,59150.77,USD,ACH,9.81,Low,False,Yes
TX-104938,2024-04-09 14:35:58.072910,France,Japan,48240.93,EUR,ACH,38.49,Low,False,Yes
TX-104939,2024-03-23 14:42:23.072910,Germany,Netherlands,97798.0,EUR,SWIFT,99.21,High,True,Yes
TX-104940,2025-03-08 06:36:33.072910,USA,Germany,84636.16,USD,Wire,56.89,Medium,False,Yes
TX-104941,2025-02-05 05:04:31.072910,Netherlands,Netherlands,45537.49,EUR,RTGS,62.18,Medium,False,Yes
TX-104942,2024-12-15 04:22:05.072910,USA,Italy,77536.76,USD,SWIFT,47.1,Medium,False,Yes
TX-104943,2024-05-02 15:58:23.072910,South Africa,UK,19384.57,ZAR,RTGS,66.23,Medium,False,Yes
TX-104944,2024-06-03 20:33:53.072910,Italy,Russia,56277.4,EUR,RTGS,95.67,High,True,Yes
TX-104945,2025-03-17 07:34:24.072910,Japan,Italy,7554.44,JPY,RTGS,58.87,Medium,False,Yes
TX-104946,2025-02-22 00:47:58.072910,France,France,34874.09,EUR,SEPA,6.5,Low,False,Yes
TX-104947,2024-10-24 04:51:59.072910,India,Brazil,22663.63,INR,ACH,49.29,Medium,False,Yes
TX-104948,2024-11-05 17:58:02.072910,Brazil,France,71919.09,BRL,SEPA,99.28,High,True,Yes
TX-104949,2024-07-08 03:26:12.072910,Japan,Japan,49060.06,JPY,RTGS,38.74,Low,False,Yes
TX-104950,2024-12-15 18:39:50.072910,South Africa,Japan,75131.94,ZAR,Wire,59.39,Medium,False,Yes
TX-104951,2025-03-01 13:24:50.072910,Italy,India,51578.01,EUR,SWIFT,10.66,Low,False,Yes
TX-104952,2024-03-26 21:13:05.072910,Italy,Netherlands,8739.8,EUR,SWIFT,14.12,Low,False,Yes
TX-104953,2024-04-17 10:33:06.072910,Brazil,Italy,73563.23,BRL,ACH,87.47,High,True,Yes
TX-104954,2024-11-21 05:05:45.072910,Italy,China,83339.6,EUR,RTGS,30.03,Low,False,Yes
TX-104955,2024-12-11 22:42:40.072910,Canada,France,90362.77,CAD,RTGS,30.55,Low,False,Yes
TX-104956,2024-10-19 19:27:36.072910,India,Brazil,57242.0,INR,Wire,38.72,Low,False,Yes
TX-104957,2024-04-10 05:53:56.072910,Japan,Italy,75383.18,JPY,ACH,96.65,High,True,Yes
TX-104958,2025-01-31 14:13:42.072910,Japan,South Africa,75229.23,JPY,SEPA,8.44,Low,False,Yes
TX-104959,2024-10-01 17:51:06.072910,China,Netherlands,15659.4,CNY,SEPA,81.88,High,True,Yes
TX-104960,2024-07-08 23:39:42.072910,UK,Netherlands,16505.65,GBP,Wire,34.16,Low,False,Yes
TX-104961,2024-08-19 14:16:43.072910,France,Brazil,7181.46,EUR,RTGS,84.95,High,True,Yes
TX-104962,2024-10-24 22:03:57.072910,Canada,Russia,32059.37,CAD,SEPA,99.18,High,True,Yes
TX-104963,2024-10-09 21:58:54.072910,France,Canada,47403.51,EUR,SEPA,34.87,Low,False,Yes
TX-104964,2024-03-20 18:21:55.072910,Canada,Canada,99790.0,CAD,Wire,12.94,Low,False,Yes
TX-104965,2024-11-20 19:40:23.072910,Japan,India,43156.23,JPY,Wire,14.44,Low,False,Yes
TX-104966,2024-11-06 21:33:37.072910,Netherlands,China,72651.63,EUR,RTGS,75.87,High,True,Yes
TX-104967,2024-05-30 12:17:37.072910,Germany,South Africa,69370.36,EUR,Wire,14.49,Low,False,Yes
TX-104968,2024-05-17 18:59:03.072910,South Africa,South Africa,20527.75,ZAR,Wire,26.04,Low,False,Yes
TX-104969,2024-08-28 13:49:18.072910,UK,Spain,5944.86,GBP,ACH,20.44,Low,False,Yes
TX-104970,2024-07-06 13:34:56.072910,Japan,Russia,54646.07,JPY,SWIFT,35.57,Low,False,Yes
TX-104971,2024-11-12 15:14:03.072910,Spain,UK,70060.53,EUR,SEPA,7.44,Low,False,Yes
TX-104972,2024-08-04 22:37:37.072910,Italy,France,99825.35,EUR,ACH,85.67,High,True,Yes
TX-104973,2024-05-26 08:56:07.072910,China,Brazil,35925.24,CNY,ACH,86.01,High,True,Yes
TX-104974,2024-07-13 03:45:48.072910,India,Germany,89646.82,INR,Wire,41.29,Medium,False,Yes
TX-104975,2024-10-08 07:50:54.072910,South Africa,Netherlands,38255.05,ZAR,ACH,61.21,Medium,False,Yes
TX-104976,2024-12-28 19:23:55.072910,Russia,Brazil,68972.23,RUB,RTGS,64.2,Medium,False,Yes
TX-104977,2024-09-08 02:48:33.072910,India,Italy,59865.47,INR,ACH,74.93,High,True,Yes
TX-104978,2024-07-23 09:13:57.072910,India,Brazil,5392.58,INR,RTGS,52.07,Medium,False,Yes
TX-104979,2025-02-05 13:36:10.072910,India,France,7931.0,INR,SWIFT,51.03,Medium,False,Yes
TX-104980,2024-12-30 02:03:52.072910,Canada,USA,2174.33,CAD,SEPA,63.13,Medium,False,Yes
TX-104981,2024-05-20 06:14:40.072910,France,UK,37146.33,EUR,SEPA,70.3,High,True,Yes
TX-104982,2024-05-04 10:09:52.072910,Brazil,Russia,74605.52,BRL,RTGS,34.67,Low,False,Yes
TX-104983,2025-02-16 20:00:04.072910,Italy,Australia,17358.26,EUR,Wire,33.04,Low,False,Yes
TX-104984,2024-05-16 07:51:03.072910,Brazil,USA,60624.71,BRL,SWIFT,26.97,Low,False,Yes
TX-104985,2024-11-11 00:48:07.072910,Russia,Canada,28953.9,RUB,SEPA,54.88,Medium,False,Yes
TX-104986,2024-04-24 03:42:55.072910,Germany,Canada,79719.56,EUR,SWIFT,36.02,Low,False,Yes
TX-104987,2024-05-15 01:22:23.072910,USA,South Africa,79859.78,USD,ACH,54.03,Medium,False,Yes
TX-104988,2024-08-22 08:59:11.072910,Germany,Brazil,77563.91,EUR,RTGS,40.6,Medium,False,Yes
TX-104989,2024-05-03 15:52:55.072910,Canada,Italy,52530.87,CAD,SWIFT,83.67,High,True,Yes
TX-104990,2024-05-12 11:44:50.072910,Netherlands,Japan,28528.21,EUR,ACH,7.31,Low,False,Yes
TX-104991,2024-05-25 05:54:06.072910,Italy,Italy,80963.46,EUR,ACH,57.22,Medium,False,Yes
TX-104992,2024-06-14 07:31:51.072910,Canada,India,18691.45,CAD,Wire,57.56,Medium,False,Yes
TX-104993,2024-12-23 10:02:15.072910,Australia,France,29046.98,AUD,ACH,38.37,Low,False,Yes
TX-104994,2024-08-24 01:00:00.072910,China,Brazil,18476.38,CNY,ACH,42.1,Medium,False,Yes
TX-104995,2024-11-06 04:10:17.072910,China,Italy,67453.6,CNY,SWIFT,80.01,High,True,Yes
TX-104996,2024-05-05 14:59:05.072910,USA,UK,68654.98,USD,RTGS,28.07,Low,False,Yes
TX-104997,2025-01-27 10:38:59.072910,France,UK,65285.75,EUR,SEPA,87.14,High,True,Yes
TX-104998,2024-03-19 08:46:39.073908,India,Spain,41618.59,INR,Wire,89.63,High,True,Yes
TX-104999,2024-08-09 13:55:46.073908,Brazil,UK,10107.08,BRL,RTGS,65.06,Medium,False,Yes
TX-105000,2024-05-17 12:40:55.073908,India,Brazil,91125.84,INR,Wire,77.29,High,True,Yes
TX-105001,2025-02-11 16:35:06.073908,Brazil,UK,50822.32,BRL,SEPA,61.29,Medium,False,Yes
TX-105002,2024-07-25 19:36:49.073908,UK,Germany,40756.52,GBP,Wire,52.53,Medium,False,Yes
TX-105003,2024-05-13 00:44:08.073908,Canada,Australia,58923.61,CAD,SEPA,96.67,High,True,Yes
TX-105004,2024-09-11 00:52:36.073908,USA,UK,19359.76,USD,SWIFT,28.27,Low,False,Yes
TX-105005,2024-09-03 08:37:09.073908,Brazil,Japan,13341.62,BRL,SWIFT,15.42,Low,False,Yes
TX-105006,2025-02-15 22:03:29.073908,UK,Canada,40611.97,GBP,SEPA,28.75,Low,False,Yes
TX-105007,2024-11-19 12:27:42.073908,Brazil,Australia,22799.35,BRL,RTGS,61.46,Medium,False,Yes
TX-105008,2024-07-19 16:48:38.073908,USA,China,24504.6,USD,RTGS,18.52,Low,False,Yes
TX-105009,2024-06-05 13:35:04.073908,UK,Russia,89261.9,GBP,RTGS,90.88,High,True,Yes
TX-105010,2024-05-20 18:54:54.073908,Australia,Germany,53122.84,AUD,SEPA,41.1,Medium,False,Yes
TX-105011,2024-10-04 07:05:27.073908,Spain,UK,48398.56,EUR,RTGS,85.0,High,True,Yes
TX-105012,2024-06-14 10:58:43.073908,Japan,Germany,68979.01,JPY,ACH,24.92,Low,False,Yes
TX-105013,2024-12-13 12:07:32.073908,Japan,USA,95159.66,JPY,Wire,31.32,Low,False,Yes
TX-105014,2025-01-17 18:45:21.073908,South Africa,Brazil,11308.64,ZAR,RTGS,5.92,Low,False,Yes
TX-105015,2024-10-16 16:20:51.073908,Russia,UK,83370.1,RUB,RTGS,25.78,Low,False,Yes
TX-105016,2024-09-19 01:52:05.073908,Brazil,South Africa,58443.52,BRL,SWIFT,49.03,Medium,False,Yes
TX-105017,2024-10-22 12:48:50.073908,France,South Africa,14701.92,EUR,SWIFT,94.61,High,True,Yes
TX-105018,2025-01-13 13:12:37.073908,UK,Germany,29785.22,GBP,Wire,38.89,Low,False,Yes
TX-105019,2024-04-18 11:10:11.073908,Spain,France,48287.91,EUR,Wire,63.97,Medium,False,Yes
TX-105020,2024-10-30 15:36:03.073908,UK,Netherlands,69148.6,GBP,ACH,42.77,Medium,False,Yes
TX-105021,2024-05-01 20:07:23.073908,Brazil,Russia,24336.44,BRL,Wire,4.68,Low,False,Yes
TX-105022,2024-06-04 23:54:21.073908,South Africa,Italy,53534.39,ZAR,Wire,50.35,Medium,False,Yes
TX-105023,2024-12-01 23:25:53.073908,Russia,Australia,68498.7,RUB,SEPA,6.59,Low,False,Yes
TX-105024,2025-01-19 12:08:37.073908,France,India,44929.2,EUR,ACH,88.37,High,True,Yes
TX-105025,2024-10-06 04:18:30.073908,Brazil,Netherlands,86316.29,BRL,RTGS,75.3,High,True,Yes
TX-105026,2025-01-03 08:48:28.073908,Netherlands,China,86958.96,EUR,Wire,37.87,Low,False,Yes
TX-105027,2025-01-21 04:44:13.073908,Canada,Canada,47122.05,CAD,RTGS,64.02,Medium,False,Yes
TX-105028,2024-04-02 19:18:43.073908,South Africa,Russia,97295.28,ZAR,RTGS,11.2,Low,False,Yes
TX-105029,2025-02-11 07:22:44.073908,Netherlands,India,7650.95,EUR,Wire,70.26,High,True,Yes
TX-105030,2024-10-29 16:10:52.073908,USA,UK,435.9,USD,ACH,82.27,High,True,Yes
TX-105031,2024-07-12 01:18:09.073908,Spain,Canada,38128.76,EUR,ACH,82.17,High,True,Yes
TX-105032,2024-07-10 04:46:57.073908,South Africa,France,60149.6,ZAR,SWIFT,28.43,Low,False,Yes
TX-105033,2024-04-23 00:31:16.073908,Italy,Canada,62957.1,EUR,RTGS,26.37,Low,False,Yes
TX-105034,2024-07-08 13:33:30.073908,France,Italy,47696.93,EUR,SEPA,52.14,Medium,False,Yes
TX-105035,2025-02-16 08:30:56.073908,Japan,Canada,12575.84,JPY,SEPA,96.78,High,True,Yes
TX-105036,2024-10-31 11:08:41.073908,Canada,France,17132.7,CAD,SWIFT,92.05,High,True,Yes
TX-105037,2024-07-16 21:04:19.073908,France,Canada,85229.58,EUR,RTGS,35.96,Low,False,Yes
TX-105038,2024-08-18 00:18:45.073908,Brazil,Spain,86804.32,BRL,SWIFT,77.98,High,True,Yes
TX-105039,2024-08-20 15:12:39.073908,China,USA,67422.46,CNY,SEPA,92.13,High,True,Yes
TX-105040,2025-03-08 04:06:41.073908,India,China,66455.38,INR,SWIFT,26.09,Low,False,Yes
TX-105041,2025-02-01 18:00:23.073908,Canada,Germany,59808.44,CAD,RTGS,83.03,High,True,Yes
TX-105042,2024-09-01 01:11:40.073908,Australia,Australia,20372.3,AUD,Wire,26.79,Low,False,Yes
TX-105043,2024-06-10 13:30:30.073908,Australia,Australia,42882.24,AUD,SEPA,34.33,Low,False,Yes
TX-105044,2024-03-19 02:24:17.073908,Japan,India,69619.88,JPY,ACH,19.88,Low,False,Yes
TX-105045,2024-07-21 12:34:24.073908,Spain,South Africa,53771.5,EUR,SWIFT,50.71,Medium,False,Yes
TX-105046,2024-10-08 15:01:51.073908,USA,Canada,1956.18,USD,SWIFT,84.33,High,True,Yes
TX-105047,2025-02-16 20:09:34.073908,Australia,USA,95360.32,AUD,Wire,52.81,Medium,False,Yes
TX-105048,2024-09-27 21:21:08.073908,Russia,USA,84497.12,RUB,SWIFT,12.34,Low,False,Yes
TX-105049,2024-08-04 20:40:25.073908,China,France,26128.45,CNY,SEPA,25.18,Low,False,Yes
TX-105050,2024-03-24 14:46:07.073908,UK,South Africa,61684.25,GBP,RTGS,56.29,Medium,False,Yes
TX-105051,2024-05-10 06:43:26.073908,Spain,USA,92331.61,EUR,ACH,58.32,Medium,False,Yes
TX-105052,2025-02-22 02:31:20.073908,UK,India,9691.5,GBP,SWIFT,57.69,Medium,False,Yes
TX-105053,2024-05-17 01:30:00.073908,France,China,50352.65,EUR,RTGS,7.7,Low,False,Yes
TX-105054,2024-10-06 13:48:53.073908,South Africa,South Africa,45678.68,ZAR,RTGS,75.37,High,True,Yes
TX-105055,2024-12-30 18:27:00.073908,Canada,USA,41079.48,CAD,ACH,90.94,High,True,Yes
TX-105056,2024-06-04 22:26:57.073908,Netherlands,Canada,83575.3,EUR,SEPA,51.05,Medium,False,Yes
TX-105057,2024-11-26 04:23:02.074907,China,Germany,38126.55,CNY,ACH,71.88,High,True,Yes
TX-105058,2024-12-29 02:00:03.074907,India,Japan,6459.97,INR,SWIFT,91.4,High,True,Yes
TX-105059,2024-09-09 12:33:40.074907,Brazil,South Africa,6677.19,BRL,Wire,64.26,Medium,False,Yes
TX-105060,2024-05-03 14:21:54.074907,Canada,USA,4370.19,CAD,SWIFT,67.43,Medium,False,Yes
TX-105061,2024-07-02 02:31:19.074907,Germany,Italy,40973.63,EUR,SEPA,72.14,High,True,Yes
TX-105062,2024-07-18 02:59:12.074907,Brazil,China,71868.79,BRL,SWIFT,26.05,Low,False,Yes
TX-105063,2024-07-28 18:29:37.074907,Japan,Japan,20451.87,JPY,ACH,58.27,Medium,False,Yes
TX-105064,2025-01-15 15:59:43.074907,USA,South Africa,64682.21,USD,RTGS,84.22,High,True,Yes
TX-105065,2024-05-06 00:31:51.074907,USA,France,68740.14,USD,SEPA,29.62,Low,False,Yes
TX-105066,2024-06-19 17:24:02.074907,Russia,Netherlands,25594.69,RUB,SWIFT,89.72,High,True,Yes
TX-105067,2024-04-09 10:07:24.074907,Russia,Australia,60095.71,RUB,Wire,62.04,Medium,False,Yes
TX-105068,2024-11-26 12:31:06.074907,USA,Australia,68518.35,USD,ACH,42.32,Medium,False,Yes
TX-105069,2024-05-14 16:57:34.074907,Germany,South Africa,46714.7,EUR,ACH,62.32,Medium,False,Yes
TX-105070,2024-09-16 07:33:51.074907,USA,Spain,33737.99,USD,Wire,40.19,Medium,False,Yes
TX-105071,2024-08-09 06:14:37.074907,Australia,China,61953.24,AUD,SEPA,83.8,High,True,Yes
TX-105072,2024-06-14 17:27:06.074907,Spain,Italy,97786.92,EUR,Wire,48.23,Medium,False,Yes
TX-105073,2025-01-22 14:40:19.074907,Italy,Spain,42741.46,EUR,SEPA,90.12,High,True,Yes
TX-105074,2024-11-28 16:28:43.074907,Netherlands,Spain,39234.34,EUR,ACH,50.98,Medium,False,Yes
TX-105075,2024-04-07 07:42:18.074907,UK,India,46480.26,GBP,SEPA,66.04,Medium,False,Yes
TX-105076,2025-02-17 18:22:09.074907,UK,Netherlands,7714.22,GBP,SWIFT,99.77,High,True,Yes
TX-105077,2024-05-23 09:57:55.074907,Netherlands,Spain,55361.01,EUR,ACH,14.7,Low,False,Yes
TX-105078,2024-07-07 19:49:38.074907,Russia,Spain,32936.87,RUB,ACH,73.67,High,True,Yes
TX-105079,2024-08-24 01:04:48.074907,USA,Russia,12230.07,USD,ACH,13.89,Low,False,Yes
TX-105080,2025-01-30 23:13:18.074907,Japan,Germany,46679.05,JPY,Wire,83.89,High,True,Yes
TX-105081,2025-02-04 19:43:23.074907,South Africa,Spain,438.06,ZAR,SWIFT,59.65,Medium,False,Yes
TX-105082,2024-07-10 16:03:37.074907,Netherlands,India,40238.35,EUR,SEPA,93.82,High,True,Yes
TX-105083,2024-09-13 18:23:38.074907,Brazil,Italy,10662.95,BRL,SWIFT,86.6,High,True,Yes
TX-105084,2024-06-03 19:57:43.074907,Brazil,Italy,2526.84,BRL,ACH,7.49,Low,False,Yes
TX-105085,2024-07-02 16:18:49.074907,India,China,82465.06,INR,ACH,13.73,Low,False,Yes
TX-105086,2024-05-30 00:46:13.074907,Italy,USA,91633.26,EUR,RTGS,60.12,Medium,False,Yes
TX-105087,2024-09-17 14:48:29.074907,Germany,Spain,20846.7,EUR,SWIFT,51.83,Medium,False,Yes
TX-105088,2024-12-15 16:21:59.074907,Spain,Russia,53975.9,EUR,ACH,16.86,Low,False,Yes
TX-105089,2025-01-02 15:08:16.074907,Germany,Spain,27868.02,EUR,SWIFT,12.94,Low,False,Yes
TX-105090,2024-05-14 23:17:38.074907,Italy,South Africa,49408.39,EUR,Wire,56.4,Medium,False,Yes
TX-105091,2024-03-18 13:16:25.074907,Netherlands,Canada,43719.47,EUR,Wire,4.89,Low,False,Yes
TX-105092,2024-05-23 07:37:47.074907,Brazil,USA,26978.2,BRL,SEPA,87.37,High,True,Yes
TX-105093,2024-12-27 05:34:55.074907,Spain,Australia,70069.32,EUR,SEPA,80.71,High,True,Yes
TX-105094,2024-06-25 12:30:59.074907,France,Russia,12736.45,EUR,ACH,78.54,High,True,Yes
TX-105095,2025-02-26 02:06:34.074907,Russia,Brazil,5401.97,RUB,SEPA,1.6,Low,False,Yes
TX-105096,2024-11-13 11:36:20.074907,Canada,Italy,76790.78,CAD,ACH,4.76,Low,False,Yes
TX-105097,2024-10-22 06:05:59.074907,China,Brazil,66626.41,CNY,ACH,54.98,Medium,False,Yes
TX-105098,2024-09-08 17:00:25.074907,Spain,Russia,49902.76,EUR,RTGS,99.44,High,True,Yes
TX-105099,2025-02-21 12:01:19.074907,Canada,Netherlands,46832.2,CAD,RTGS,34.23,Low,False,Yes
TX-105100,2024-08-15 03:47:07.074907,Japan,Netherlands,49791.4,JPY,RTGS,34.44,Low,False,Yes
TX-105101,2024-10-31 17:48:01.074907,India,UK,43758.71,INR,RTGS,13.43,Low,False,Yes
TX-105102,2024-10-25 19:14:03.074907,Netherlands,USA,39349.94,EUR,Wire,67.43,Medium,False,Yes
TX-105103,2024-12-24 08:50:23.074907,USA,China,50019.09,USD,SWIFT,64.67,Medium,False,Yes
TX-105104,2024-07-16 22:06:04.074907,UK,Canada,52898.67,GBP,Wire,10.13,Low,False,Yes
TX-105105,2024-06-13 13:10:09.074907,Germany,Russia,69221.04,EUR,ACH,46.74,Medium,False,Yes
TX-105106,2024-04-14 19:44:21.074907,South Africa,Japan,71149.6,ZAR,SWIFT,66.71,Medium,False,Yes
TX-105107,2024-11-18 21:57:54.074907,Japan,France,37825.15,JPY,RTGS,49.35,Medium,False,Yes
TX-105108,2024-11-16 13:06:43.074907,USA,Brazil,41412.7,USD,RTGS,67.44,Medium,False,Yes
TX-105109,2024-08-11 15:33:40.074907,Italy,South Africa,37432.35,EUR,RTGS,81.63,High,True,Yes
TX-105110,2024-12-20 02:53:40.074907,Canada,Russia,53699.92,CAD,SWIFT,68.58,Medium,False,Yes
TX-105111,2024-04-29 16:56:22.074907,Netherlands,Germany,45390.02,EUR,ACH,61.61,Medium,False,Yes
TX-105112,2025-03-05 15:44:51.074907,Australia,Spain,88970.69,AUD,ACH,85.36,High,True,Yes
TX-105113,2024-05-10 18:50:52.074907,Russia,Australia,69666.49,RUB,SWIFT,90.06,High,True,Yes
TX-105114,2024-08-24 18:49:39.074907,France,China,89875.77,EUR,SEPA,38.89,Low,False,Yes
TX-105115,2025-02-04 19:39:24.074907,South Africa,India,70942.79,ZAR,RTGS,17.32,Low,False,Yes
TX-105116,2024-08-23 02:01:26.074907,Russia,India,97102.12,RUB,Wire,81.79,High,True,Yes
TX-105117,2024-04-17 14:15:50.075908,France,Russia,63610.1,EUR,ACH,21.38,Low,False,Yes
TX-105118,2024-05-02 05:39:19.075908,Spain,Australia,96358.66,EUR,Wire,92.9,High,True,Yes
TX-105119,2024-10-08 09:16:10.075908,Canada,Japan,15901.17,CAD,ACH,2.29,Low,False,Yes
TX-105120,2024-08-02 02:35:28.075908,Japan,Italy,5342.52,JPY,Wire,92.13,High,True,Yes
TX-105121,2024-04-26 16:10:45.075908,Australia,India,57954.61,AUD,ACH,58.92,Medium,False,Yes
TX-105122,2024-06-01 16:48:33.075908,USA,Germany,98350.97,USD,SWIFT,77.47,High,True,Yes
TX-105123,2024-05-07 16:52:24.075908,Spain,USA,41818.76,EUR,SWIFT,39.85,Low,False,Yes
TX-105124,2024-06-12 03:54:47.075908,Germany,India,21283.13,EUR,SWIFT,99.17,High,True,Yes
TX-105125,2024-11-19 22:20:14.075908,France,Russia,52201.99,EUR,SWIFT,22.76,Low,False,Yes
TX-105126,2024-05-22 19:54:11.075908,China,Spain,64914.98,CNY,ACH,26.43,Low,False,Yes
TX-105127,2025-02-07 05:23:10.075908,South Africa,USA,31586.35,ZAR,SWIFT,5.14,Low,False,Yes
TX-105128,2024-09-24 07:49:16.075908,France,India,71505.46,EUR,RTGS,94.05,High,True,Yes
TX-105129,2024-09-21 17:39:09.075908,Brazil,Spain,97513.94,BRL,ACH,45.6,Medium,False,Yes
TX-105130,2024-12-28 03:07:14.075908,China,Russia,89706.62,CNY,RTGS,67.49,Medium,False,Yes
TX-105131,2024-06-21 02:39:23.075908,Germany,USA,29229.38,EUR,ACH,68.74,Medium,False,Yes
TX-105132,2024-12-05 14:15:35.075908,Australia,South Africa,32739.7,AUD,Wire,87.45,High,True,Yes
TX-105133,2024-07-07 22:28:51.075908,Spain,Brazil,37216.97,EUR,SEPA,66.49,Medium,False,Yes
TX-105134,2024-07-27 01:07:20.075908,China,Spain,39515.82,CNY,SWIFT,56.2,Medium,False,Yes
TX-105135,2024-07-15 17:58:36.075908,Australia,India,10121.92,AUD,SWIFT,71.03,High,True,Yes
TX-105136,2024-07-16 18:51:19.075908,South Africa,Australia,76220.09,ZAR,Wire,75.1,High,True,Yes
TX-105137,2024-12-02 09:07:25.075908,South Africa,Germany,36597.39,ZAR,Wire,18.59,Low,False,Yes
TX-105138,2024-05-09 22:09:42.075908,Germany,China,87994.02,EUR,Wire,10.97,Low,False,Yes
TX-105139,2024-08-25 08:11:38.075908,Brazil,Australia,92701.37,BRL,RTGS,7.48,Low,False,Yes
TX-105140,2024-04-01 16:00:59.075908,Netherlands,Italy,2540.69,EUR,SEPA,37.41,Low,False,Yes
TX-105141,2024-09-06 10:57:33.075908,Japan,Brazil,98851.46,JPY,RTGS,49.8,Medium,False,Yes
TX-105142,2024-11-19 20:42:13.075908,South Africa,China,71031.27,ZAR,SEPA,61.56,Medium,False,Yes
TX-105143,2024-10-20 17:12:29.075908,South Africa,South Africa,52087.18,ZAR,Wire,95.8,High,True,Yes
TX-105144,2024-06-07 15:23:16.075908,Germany,Canada,39013.81,EUR,RTGS,33.08,Low,False,Yes
TX-105145,2024-12-29 07:25:04.075908,UK,Spain,51899.96,GBP,Wire,76.09,High,True,Yes
TX-105146,2024-03-29 02:13:59.075908,USA,Italy,32530.01,USD,RTGS,53.14,Medium,False,Yes
TX-105147,2024-11-06 10:42:49.075908,Netherlands,Netherlands,62306.51,EUR,SWIFT,22.01,Low,False,Yes
TX-105148,2024-07-10 04:44:31.075908,Italy,Netherlands,9388.73,EUR,SWIFT,61.53,Medium,False,Yes
TX-105149,2024-07-01 10:09:29.075908,USA,Australia,62150.15,USD,RTGS,96.72,High,True,Yes
TX-105150,2024-04-02 01:16:46.075908,Germany,India,27606.95,EUR,Wire,12.43,Low,False,Yes
TX-105151,2024-11-14 13:02:44.075908,Japan,Russia,1861.72,JPY,SWIFT,50.73,Medium,False,Yes
TX-105152,2024-10-29 12:56:39.075908,Spain,Brazil,55315.31,EUR,SEPA,5.16,Low,False,Yes
TX-105153,2024-11-14 02:06:54.075908,India,Netherlands,57886.93,INR,SWIFT,32.12,Low,False,Yes
TX-105154,2024-08-05 10:12:56.075908,Russia,Canada,42714.24,RUB,SWIFT,62.06,Medium,False,Yes
TX-105155,2024-10-01 22:18:35.075908,Brazil,Brazil,7321.39,BRL,SEPA,84.11,High,True,Yes
TX-105156,2024-08-10 19:58:13.075908,Netherlands,Italy,89344.96,EUR,ACH,73.03,High,True,Yes
TX-105157,2024-10-06 06:40:07.075908,USA,France,61181.94,USD,SWIFT,46.29,Medium,False,Yes
TX-105158,2024-06-10 02:02:53.075908,Spain,China,11659.76,EUR,Wire,90.92,High,True,Yes
TX-105159,2024-05-28 13:05:15.075908,USA,Germany,51141.96,USD,SEPA,30.27,Low,False,Yes
TX-105160,2024-03-26 02:42:07.075908,South Africa,Brazil,49775.71,ZAR,Wire,75.4,High,True,Yes
TX-105161,2024-11-29 20:48:20.075908,India,UK,6134.15,INR,Wire,47.4,Medium,False,Yes
TX-105162,2024-04-06 15:30:24.075908,Italy,Russia,60725.28,EUR,Wire,89.86,High,True,Yes
TX-105163,2024-11-04 16:14:59.075908,Russia,Japan,80851.81,RUB,RTGS,79.74,High,True,Yes
TX-105164,2025-02-06 10:40:55.075908,Brazil,Netherlands,74925.9,BRL,RTGS,90.15,High,True,Yes
TX-105165,2024-06-14 07:53:14.075908,Brazil,China,20376.64,BRL,SEPA,21.42,Low,False,Yes
TX-105166,2025-03-02 09:42:18.075908,France,South Africa,86243.02,EUR,ACH,66.82,Medium,False,Yes
TX-105167,2024-06-11 17:01:18.075908,Canada,Russia,34319.96,CAD,SEPA,73.85,High,True,Yes
TX-105168,2024-10-31 04:55:10.075908,Germany,Brazil,94656.19,EUR,Wire,74.24,High,True,Yes
TX-105169,2024-10-26 08:22:35.075908,Japan,Japan,7267.62,JPY,SEPA,50.4,Medium,False,Yes
TX-105170,2024-07-15 19:27:03.075908,Germany,USA,48672.25,EUR,RTGS,1.13,Low,False,Yes
TX-105171,2024-09-06 06:33:14.075908,Italy,UK,59752.73,EUR,SEPA,26.14,Low,False,Yes
TX-105172,2025-02-22 14:58:46.075908,Australia,Australia,24840.24,AUD,RTGS,32.33,Low,False,Yes
TX-105173,2024-07-04 20:16:09.075908,USA,South Africa,77160.88,USD,RTGS,85.2,High,True,Yes
TX-105174,2024-04-23 08:49:10.075908,UK,Canada,62726.88,GBP,Wire,84.09,High,True,Yes
TX-105175,2024-05-26 21:23:19.075908,Brazil,France,1909.13,BRL,Wire,10.47,Low,False,Yes
TX-105176,2024-04-17 03:14:43.075908,France,Russia,60876.02,EUR,SWIFT,94.98,High,True,Yes
TX-105177,2024-12-10 06:16:17.075908,Canada,India,49198.68,CAD,SWIFT,18.25,Low,False,Yes
TX-105178,2025-02-24 05:16:54.075908,USA,Japan,19683.32,USD,Wire,41.44,Medium,False,Yes
TX-105179,2024-05-13 01:31:40.075908,Netherlands,Russia,99575.25,EUR,Wire,21.52,Low,False,Yes
TX-105180,2024-04-05 04:44:10.075908,Germany,Australia,89726.5,EUR,RTGS,86.03,High,True,Yes
TX-105181,2024-09-16 23:26:40.075908,Netherlands,UK,29321.52,EUR,Wire,74.94,High,True,Yes
TX-105182,2024-06-05 12:53:58.075908,Russia,Netherlands,54152.98,RUB,ACH,35.35,Low,False,Yes
TX-105183,2024-09-23 11:48:17.075908,Japan,Australia,31718.56,JPY,SEPA,68.19,Medium,False,Yes
TX-105184,2025-02-27 17:38:43.075908,Italy,Canada,77572.03,EUR,Wire,18.44,Low,False,Yes
TX-105185,2025-02-16 10:50:09.075908,Brazil,Australia,93040.11,BRL,RTGS,38.23,Low,False,Yes
TX-105186,2024-06-22 06:29:13.075908,Netherlands,India,35946.98,EUR,SWIFT,37.71,Low,False,Yes
TX-105187,2024-08-13 02:21:48.075908,Spain,Japan,80577.87,EUR,RTGS,23.79,Low,False,Yes
TX-105188,2024-12-07 05:32:31.075908,Australia,Germany,49890.91,AUD,RTGS,87.63,High,True,Yes
TX-105189,2024-12-25 02:04:39.075908,Brazil,Germany,39718.2,BRL,Wire,67.88,Medium,False,Yes
TX-105190,2025-01-11 22:38:46.075908,Canada,Germany,93848.34,CAD,SWIFT,27.99,Low,False,Yes
TX-105191,2024-07-20 05:44:01.075908,China,UK,51089.43,CNY,SEPA,24.21,Low,False,Yes
TX-105192,2024-04-19 13:48:23.075908,Canada,South Africa,46794.31,CAD,ACH,1.8,Low,False,Yes
TX-105193,2024-10-06 18:01:01.075908,Japan,India,67276.2,JPY,SEPA,34.66,Low,False,Yes
TX-105194,2024-03-22 07:34:14.075908,UK,Brazil,26197.3,GBP,SEPA,52.68,Medium,False,Yes
TX-105195,2024-12-15 19:58:48.076910,India,Canada,32546.81,INR,ACH,27.77,Low,False,Yes
TX-105196,2025-02-01 14:02:33.076910,Russia,Canada,93211.38,RUB,ACH,70.05,High,True,Yes
TX-105197,2024-07-30 15:52:09.076910,Italy,Italy,67885.13,EUR,RTGS,41.17,Medium,False,Yes
TX-105198,2024-04-11 12:57:04.076910,Canada,Brazil,82681.05,CAD,Wire,31.63,Low,False,Yes
TX-105199,2025-02-05 03:37:01.076910,China,USA,27184.07,CNY,SEPA,93.91,High,True,Yes
TX-105200,2024-09-01 08:48:57.076910,China,UK,54424.64,CNY,Wire,26.28,Low,False,Yes
TX-105201,2025-02-18 07:25:57.076910,USA,Netherlands,97142.49,USD,RTGS,39.83,Low,False,Yes
TX-105202,2024-04-19 07:17:41.076910,Italy,Netherlands,31938.52,EUR,SWIFT,38.23,Low,False,Yes
TX-105203,2024-08-10 09:10:37.076910,India,Spain,16131.6,INR,SEPA,24.12,Low,False,Yes
TX-105204,2024-12-14 02:31:18.076910,UK,Netherlands,51137.51,GBP,ACH,21.75,Low,False,Yes
TX-105205,2024-04-23 19:07:32.076910,Germany,Italy,38843.33,EUR,RTGS,30.24,Low,False,Yes
TX-105206,2024-11-07 10:39:23.076910,France,South Africa,16041.77,EUR,ACH,86.42,High,True,Yes
TX-105207,2025-01-29 16:29:00.076910,France,France,88866.28,EUR,SWIFT,76.71,High,True,Yes
TX-105208,2024-08-14 03:08:17.076910,Russia,Germany,99073.32,RUB,Wire,68.1,Medium,False,Yes
TX-105209,2025-01-19 03:44:54.076910,Spain,Brazil,56901.36,EUR,Wire,45.71,Medium,False,Yes
TX-105210,2024-05-31 20:29:43.076910,Netherlands,France,77490.21,EUR,ACH,50.78,Medium,False,Yes
TX-105211,2024-11-01 09:29:35.076910,South Africa,India,85917.93,ZAR,RTGS,26.71,Low,False,Yes
TX-105212,2024-12-11 04:13:34.076910,Italy,Australia,70128.1,EUR,Wire,7.43,Low,False,Yes
TX-105213,2024-09-16 23:05:15.076910,Brazil,Netherlands,4511.19,BRL,Wire,33.1,Low,False,Yes
TX-105214,2024-12-10 02:37:03.076910,Russia,India,15847.66,RUB,RTGS,49.56,Medium,False,Yes
TX-105215,2024-12-01 03:37:45.076910,Brazil,Canada,7191.82,BRL,RTGS,5.73,Low,False,Yes
TX-105216,2024-04-18 23:49:51.076910,Spain,India,1086.97,EUR,ACH,8.82,Low,False,Yes
TX-105217,2024-10-16 18:28:40.076910,Spain,UK,30669.04,EUR,Wire,26.3,Low,False,Yes
TX-105218,2024-10-12 18:53:55.076910,Australia,Netherlands,39296.36,AUD,RTGS,36.71,Low,False,Yes
TX-105219,2024-04-25 03:05:37.076910,France,Japan,24178.87,EUR,ACH,39.33,Low,False,Yes
TX-105220,2024-06-25 05:42:15.076910,Germany,India,6554.0,EUR,SWIFT,11.79,Low,False,Yes
TX-105221,2024-05-12 15:08:56.076910,Canada,Brazil,53033.32,CAD,SWIFT,22.58,Low,False,Yes
TX-105222,2024-05-02 10:33:13.076910,Germany,Australia,27404.6,EUR,SEPA,26.16,Low,False,Yes
TX-105223,2024-09-29 21:56:40.076910,UK,Canada,79624.11,GBP,RTGS,6.76,Low,False,Yes
TX-105224,2024-11-09 14:57:32.076910,South Africa,South Africa,904.46,ZAR,SEPA,32.61,Low,False,Yes
TX-105225,2024-08-02 06:06:55.076910,South Africa,Brazil,84268.45,ZAR,ACH,7.22,Low,False,Yes
TX-105226,2025-02-13 13:18:46.076910,China,Spain,95479.89,CNY,Wire,70.35,High,True,Yes
TX-105227,2024-04-26 21:54:16.076910,Canada,Russia,71641.89,CAD,RTGS,38.6,Low,False,Yes
TX-105228,2024-09-15 20:05:31.076910,UK,Germany,73391.04,GBP,SWIFT,32.68,Low,False,Yes
TX-105229,2025-01-28 09:33:48.076910,Canada,Netherlands,93362.87,CAD,SEPA,12.65,Low,False,Yes
TX-105230,2024-11-28 08:44:45.076910,UK,China,20986.22,GBP,SWIFT,22.65,Low,False,Yes
TX-105231,2024-06-24 17:37:27.076910,Australia,South Africa,99457.1,AUD,SWIFT,23.27,Low,False,Yes
TX-105232,2024-10-04 10:30:50.076910,Australia,Netherlands,77370.77,AUD,SWIFT,98.52,High,True,Yes
TX-105233,2024-11-30 08:06:30.076910,Spain,China,72684.41,EUR,SWIFT,83.53,High,True,Yes
TX-105234,2024-09-10 19:50:20.076910,Italy,Canada,36172.95,EUR,RTGS,1.53,Low,False,Yes
TX-105235,2024-09-03 16:16:51.076910,Canada,India,54623.17,CAD,RTGS,61.68,Medium,False,Yes
TX-105236,2024-07-31 10:26:47.076910,Japan,Spain,65426.39,JPY,RTGS,25.59,Low,False,Yes
TX-105237,2024-12-10 11:44:42.076910,Spain,Italy,62072.25,EUR,SWIFT,10.44,Low,False,Yes
TX-105238,2024-06-19 18:21:23.076910,South Africa,Netherlands,70527.97,ZAR,Wire,70.56,High,True,Yes
TX-105239,2024-04-26 21:58:57.076910,Germany,Brazil,8329.94,EUR,SWIFT,13.16,Low,False,Yes
TX-105240,2024-11-25 16:54:05.076910,Australia,Brazil,35629.28,AUD,SEPA,44.37,Medium,False,Yes
TX-105241,2024-10-19 09:50:35.076910,France,Brazil,43456.6,EUR,ACH,63.22,Medium,False,Yes
TX-105242,2024-05-25 02:09:08.076910,Australia,Brazil,26136.87,AUD,ACH,55.45,Medium,False,Yes
TX-105243,2024-05-29 13:10:04.076910,France,Italy,17345.46,EUR,ACH,97.76,High,True,Yes
TX-105244,2024-06-14 07:05:29.076910,Russia,India,13978.86,RUB,SEPA,78.57,High,True,Yes
TX-105245,2024-10-10 18:41:15.076910,Canada,India,36701.7,CAD,Wire,77.42,High,True,Yes
TX-105246,2024-10-10 11:45:55.076910,Canada,South Africa,49394.83,CAD,Wire,35.56,Low,False,Yes
TX-105247,2024-06-02 15:27:02.076910,UK,Japan,6391.35,GBP,ACH,0.84,Low,False,Yes
TX-105248,2024-05-02 16:40:14.076910,South Africa,Russia,94651.16,ZAR,Wire,73.44,High,True,Yes
TX-105249,2024-10-12 17:18:02.076910,India,Italy,76547.81,INR,ACH,99.97,High,True,Yes
TX-105250,2024-08-17 21:18:40.076910,France,South Africa,73112.09,EUR,SWIFT,40.59,Medium,False,Yes
TX-105251,2025-03-05 10:50:27.076910,Russia,Germany,17368.77,RUB,RTGS,98.55,High,True,Yes
TX-105252,2024-11-28 17:19:10.076910,Brazil,Germany,60419.7,BRL,RTGS,14.17,Low,False,Yes
TX-105253,2024-07-26 06:11:22.076910,Brazil,France,53019.52,BRL,SEPA,29.65,Low,False,Yes
TX-105254,2024-08-27 07:58:45.076910,China,Canada,98248.64,CNY,Wire,17.07,Low,False,Yes
TX-105255,2024-11-03 22:44:20.076910,USA,France,74792.41,USD,ACH,47.52,Medium,False,Yes
TX-105256,2025-03-11 01:06:00.076910,Germany,Canada,57618.61,EUR,Wire,79.7,High,True,Yes
TX-105257,2025-02-11 05:49:27.076910,Russia,Canada,85096.19,RUB,ACH,34.07,Low,False,Yes
TX-105258,2025-02-10 02:29:22.076910,Russia,Canada,15593.92,RUB,SWIFT,90.62,High,True,Yes
TX-105259,2024-08-11 15:41:41.076910,Spain,Spain,1620.13,EUR,SEPA,54.48,Medium,False,Yes
TX-105260,2024-11-06 17:04:25.076910,UK,Brazil,69054.31,GBP,SEPA,46.54,Medium,False,Yes
TX-105261,2025-03-17 15:40:48.076910,Canada,China,9921.31,CAD,SEPA,78.7,High,True,Yes
TX-105262,2024-10-11 10:51:54.076910,Brazil,Netherlands,11631.82,BRL,SEPA,10.14,Low,False,Yes
TX-105263,2024-06-09 03:19:35.076910,Germany,Germany,74493.6,EUR,Wire,77.38,High,True,Yes
TX-105264,2024-03-22 00:10:28.076910,Spain,Brazil,27126.43,EUR,RTGS,24.3,Low,False,Yes
TX-105265,2024-06-15 21:19:57.076910,Italy,Canada,62900.26,EUR,Wire,28.08,Low,False,Yes
TX-105266,2024-12-11 19:46:22.076910,Japan,China,91748.95,JPY,Wire,59.95,Medium,False,Yes
TX-105267,2025-02-19 06:44:37.076910,USA,Spain,31715.81,USD,SWIFT,90.19,High,True,Yes
TX-105268,2024-05-10 02:15:06.076910,India,UK,21792.7,INR,SEPA,57.84,Medium,False,Yes
TX-105269,2024-10-14 09:33:57.076910,France,Russia,10745.63,EUR,Wire,64.89,Medium,False,Yes
TX-105270,2024-10-25 21:10:07.076910,France,Spain,13133.19,EUR,Wire,77.66,High,True,Yes
TX-105271,2024-05-09 01:00:13.076910,Russia,Italy,6316.05,RUB,SWIFT,25.93,Low,False,Yes
TX-105272,2025-01-27 15:35:48.076910,UK,China,8855.47,GBP,Wire,82.72,High,True,Yes
TX-105273,2025-01-21 12:11:28.076910,USA,Brazil,43257.26,USD,RTGS,41.8,Medium,False,Yes
TX-105274,2024-07-07 13:10:21.076910,Italy,USA,32154.42,EUR,SWIFT,17.57,Low,False,Yes
TX-105275,2024-04-13 00:01:48.076910,Russia,France,70685.43,RUB,ACH,35.01,Low,False,Yes
TX-105276,2024-10-20 21:21:39.076910,Australia,USA,87037.14,AUD,SEPA,24.61,Low,False,Yes
TX-105277,2025-02-13 05:47:04.076910,Japan,China,78498.84,JPY,SEPA,22.87,Low,False,Yes
TX-105278,2024-07-19 11:06:33.076910,Brazil,Japan,53110.66,BRL,RTGS,28.26,Low,False,Yes
TX-105279,2024-11-29 01:47:58.076910,Japan,Germany,10333.97,JPY,Wire,18.09,Low,False,Yes
TX-105280,2024-04-08 11:03:50.076910,Germany,Russia,71005.75,EUR,Wire,66.77,Medium,False,Yes
TX-105281,2024-04-26 01:18:04.076910,Canada,Italy,36346.59,CAD,SEPA,58.0,Medium,False,Yes
TX-105282,2024-05-04 09:35:25.076910,Australia,Italy,8656.47,AUD,SWIFT,64.84,Medium,False,Yes
TX-105283,2024-05-31 10:44:07.076910,Canada,Spain,84262.39,CAD,SEPA,34.37,Low,False,Yes
TX-105284,2024-09-16 04:40:57.076910,South Africa,South Africa,33887.83,ZAR,Wire,76.97,High,True,Yes
TX-105285,2024-07-02 01:12:02.076910,South Africa,Spain,21903.06,ZAR,ACH,12.96,Low,False,Yes
TX-105286,2024-12-06 14:15:24.076910,UK,South Africa,87158.06,GBP,SWIFT,57.11,Medium,False,Yes
TX-105287,2025-02-03 16:05:03.076910,Canada,India,90223.17,CAD,Wire,27.55,Low,False,Yes
TX-105288,2025-02-26 11:55:20.076910,USA,Netherlands,33963.19,USD,SWIFT,52.76,Medium,False,Yes
TX-105289,2025-02-15 18:46:29.076910,USA,South Africa,35544.66,USD,SWIFT,32.36,Low,False,Yes
TX-105290,2025-02-05 21:17:47.076910,Russia,UK,58004.89,RUB,ACH,79.05,High,True,Yes
TX-105291,2024-06-14 19:37:05.076910,South Africa,Japan,73370.81,ZAR,ACH,89.13,High,True,Yes
TX-105292,2024-04-13 16:03:58.076910,Germany,India,6408.61,EUR,ACH,74.26,High,True,Yes
TX-105293,2024-12-12 03:08:46.076910,UK,China,59375.03,GBP,Wire,17.56,Low,False,Yes
TX-105294,2024-07-06 19:41:06.076910,Germany,China,95286.72,EUR,SEPA,27.49,Low,False,Yes
TX-105295,2024-05-12 04:20:21.076910,Russia,Germany,26283.18,RUB,RTGS,91.94,High,True,Yes
TX-105296,2024-07-15 06:12:22.076910,Italy,Canada,90891.84,EUR,RTGS,43.72,Medium,False,Yes
TX-105297,2024-12-23 11:20:58.076910,Spain,Italy,95021.82,EUR,SWIFT,94.12,High,True,Yes
TX-105298,2024-09-21 18:15:44.076910,India,USA,26988.45,INR,SEPA,39.25,Low,False,Yes
TX-105299,2024-11-21 01:52:50.076910,India,Japan,75444.77,INR,RTGS,95.18,High,True,Yes
TX-105300,2024-08-01 11:26:02.076910,India,Russia,23953.62,INR,Wire,92.57,High,True,Yes
TX-105301,2024-11-04 22:56:37.076910,Canada,Australia,73787.36,CAD,SEPA,66.05,Medium,False,Yes
TX-105302,2025-01-05 08:05:27.076910,China,Spain,79762.26,CNY,SEPA,0.88,Low,False,Yes
TX-105303,2024-09-02 23:12:20.076910,China,UK,24795.85,CNY,SEPA,40.03,Medium,False,Yes
TX-105304,2025-02-24 19:52:03.076910,France,Russia,71615.37,EUR,RTGS,91.12,High,True,Yes
TX-105305,2024-04-03 21:45:16.076910,Netherlands,France,81229.24,EUR,SWIFT,88.51,High,True,Yes
TX-105306,2025-02-18 01:01:42.076910,Russia,Russia,35922.03,RUB,RTGS,18.74,Low,False,Yes
TX-105307,2024-04-01 12:08:54.076910,Canada,Germany,16853.51,CAD,SWIFT,39.92,Low,False,Yes
TX-105308,2024-12-10 20:21:54.076910,USA,Australia,9287.26,USD,RTGS,83.55,High,True,Yes
TX-105309,2024-05-12 21:04:45.076910,Canada,India,57580.63,CAD,ACH,57.79,Medium,False,Yes
TX-105310,2024-04-02 18:09:28.076910,Germany,Australia,97812.0,EUR,ACH,84.73,High,True,Yes
TX-105311,2024-12-29 20:11:09.076910,Netherlands,UK,82312.74,EUR,Wire,82.66,High,True,Yes
TX-105312,2024-12-10 21:28:29.077909,India,China,43640.38,INR,Wire,90.75,High,True,Yes
TX-105313,2025-01-29 00:59:08.077909,Australia,France,53708.43,AUD,SWIFT,11.72,Low,False,Yes
TX-105314,2024-04-15 00:01:00.077909,South Africa,UK,28024.84,ZAR,ACH,14.52,Low,False,Yes
TX-105315,2025-01-31 22:44:38.077909,UK,Brazil,16390.28,GBP,RTGS,8.28,Low,False,Yes
TX-105316,2024-03-22 12:27:12.077909,Canada,India,48259.91,CAD,Wire,93.53,High,True,Yes
TX-105317,2024-08-27 10:57:33.077909,Netherlands,Russia,46403.81,EUR,RTGS,47.52,Medium,False,Yes
TX-105318,2024-10-05 08:23:21.077909,Russia,South Africa,52240.8,RUB,SEPA,6.43,Low,False,Yes
TX-105319,2024-06-25 15:57:07.077909,Russia,Russia,95285.18,RUB,SWIFT,32.15,Low,False,Yes
TX-105320,2024-08-04 17:59:10.077909,South Africa,Brazil,60429.14,ZAR,ACH,35.14,Low,False,Yes
TX-105321,2024-10-31 03:22:10.077909,Spain,USA,60616.61,EUR,ACH,80.96,High,True,Yes
TX-105322,2024-04-26 14:59:32.077909,Canada,China,12889.67,CAD,SWIFT,73.55,High,True,Yes
TX-105323,2024-08-15 10:18:33.077909,USA,Spain,99649.24,USD,SEPA,68.94,Medium,False,Yes
TX-105324,2025-01-13 00:38:59.077909,Australia,France,77307.21,AUD,RTGS,2.19,Low,False,Yes
TX-105325,2024-04-06 20:31:35.077909,USA,Japan,87732.61,USD,RTGS,91.07,High,True,Yes
TX-105326,2024-04-18 21:13:52.077909,UK,Brazil,41488.61,GBP,SWIFT,21.56,Low,False,Yes
TX-105327,2024-03-20 14:53:14.077909,Netherlands,Canada,50262.6,EUR,SEPA,62.91,Medium,False,Yes
TX-105328,2024-10-30 07:20:34.077909,China,France,52256.17,CNY,Wire,6.18,Low,False,Yes
TX-105329,2024-05-26 13:47:24.077909,Italy,Russia,19490.04,EUR,SWIFT,8.15,Low,False,Yes
TX-105330,2025-01-24 09:53:40.077909,Russia,Brazil,68979.97,RUB,SWIFT,0.96,Low,False,Yes
TX-105331,2024-08-07 21:27:01.077909,Brazil,China,90307.37,BRL,ACH,56.59,Medium,False,Yes
TX-105332,2024-04-10 05:06:51.077909,Italy,Australia,16454.21,EUR,RTGS,62.94,Medium,False,Yes
TX-105333,2024-11-05 16:33:55.077909,Australia,India,8723.2,AUD,Wire,5.05,Low,False,Yes
TX-105334,2024-09-07 22:32:18.077909,USA,Russia,73848.07,USD,Wire,29.05,Low,False,Yes
TX-105335,2025-02-05 01:23:14.077909,Italy,Germany,27392.86,EUR,Wire,85.15,High,True,Yes
TX-105336,2025-02-28 10:11:16.077909,India,Australia,62423.87,INR,ACH,10.13,Low,False,Yes
TX-105337,2024-04-04 05:27:29.077909,Italy,France,69606.26,EUR,SEPA,21.65,Low,False,Yes
TX-105338,2025-03-06 23:32:47.077909,UK,Brazil,32258.89,GBP,Wire,42.44,Medium,False,Yes
TX-105339,2024-11-03 03:06:01.077909,Spain,Italy,81532.95,EUR,RTGS,84.23,High,True,Yes
TX-105340,2025-01-27 12:38:16.077909,Germany,USA,55043.9,EUR,Wire,25.48,Low,False,Yes
TX-105341,2024-10-28 10:29:31.077909,Netherlands,South Africa,86913.04,EUR,RTGS,99.71,High,True,Yes
TX-105342,2024-05-15 09:21:38.077909,UK,Spain,76353.03,GBP,ACH,35.53,Low,False,Yes
TX-105343,2025-03-04 19:29:21.077909,France,UK,86870.71,EUR,RTGS,38.64,Low,False,Yes
TX-105344,2024-09-24 07:05:27.077909,France,Russia,2114.12,EUR,RTGS,12.21,Low,False,Yes
TX-105345,2024-10-29 12:42:53.077909,Australia,Brazil,24426.28,AUD,Wire,68.02,Medium,False,Yes
TX-105346,2024-05-27 03:22:56.077909,Netherlands,Germany,9091.79,EUR,ACH,24.35,Low,False,Yes
TX-105347,2024-05-10 02:55:23.077909,UK,Russia,44264.09,GBP,ACH,62.89,Medium,False,Yes
TX-105348,2025-03-02 12:49:54.077909,USA,Brazil,89007.02,USD,RTGS,22.32,Low,False,Yes
TX-105349,2024-04-21 10:36:33.077909,China,Netherlands,46807.27,CNY,SWIFT,38.79,Low,False,Yes
TX-105350,2025-01-27 16:50:26.077909,China,South Africa,84986.33,CNY,Wire,85.67,High,True,Yes
TX-105351,2024-07-16 12:45:30.077909,China,Germany,32785.11,CNY,SEPA,73.89,High,True,Yes
TX-105352,2024-04-10 19:00:38.077909,Germany,Brazil,34023.05,EUR,ACH,15.46,Low,False,Yes
TX-105353,2024-08-23 22:11:06.077909,India,Brazil,89566.62,INR,RTGS,60.77,Medium,False,Yes
TX-105354,2024-07-09 12:09:41.077909,France,USA,42639.13,EUR,SWIFT,62.86,Medium,False,Yes
TX-105355,2024-08-30 07:27:17.077909,Australia,Netherlands,78997.57,AUD,SEPA,9.06,Low,False,Yes
TX-105356,2024-03-18 04:48:41.077909,Italy,Russia,23740.69,EUR,RTGS,46.58,Medium,False,Yes
TX-105357,2024-11-01 12:53:58.077909,Netherlands,South Africa,94885.2,EUR,RTGS,26.07,Low,False,Yes
TX-105358,2024-10-09 10:59:27.077909,Japan,UK,57500.37,JPY,RTGS,46.71,Medium,False,Yes
TX-105359,2025-01-29 06:58:59.077909,Australia,Russia,75956.42,AUD,SEPA,77.71,High,True,Yes
TX-105360,2024-08-26 16:52:46.077909,USA,Australia,9042.62,USD,RTGS,15.83,Low,False,Yes
TX-105361,2024-07-06 14:42:59.077909,Canada,Brazil,49317.16,CAD,RTGS,12.33,Low,False,Yes
TX-105362,2024-11-28 02:39:21.077909,France,Italy,90113.75,EUR,SEPA,26.93,Low,False,Yes
TX-105363,2024-08-07 23:40:03.077909,Italy,France,87716.16,EUR,ACH,95.23,High,True,Yes
TX-105364,2024-08-28 09:43:43.077909,UK,Russia,4776.71,GBP,RTGS,74.78,High,True,Yes
TX-105365,2025-01-09 00:22:13.077909,Italy,India,30439.48,EUR,RTGS,1.95,Low,False,Yes
TX-105366,2024-05-16 00:05:34.077909,Germany,Netherlands,44387.67,EUR,RTGS,40.1,Medium,False,Yes
TX-105367,2024-11-07 12:59:55.077909,India,Russia,17309.25,INR,SEPA,25.74,Low,False,Yes
TX-105368,2024-09-27 00:55:44.077909,Netherlands,UK,73026.83,EUR,Wire,63.81,Medium,False,Yes
TX-105369,2024-09-16 03:29:18.077909,South Africa,USA,18532.75,ZAR,RTGS,45.93,Medium,False,Yes
TX-105370,2025-03-12 23:17:37.077909,Japan,Japan,34729.31,JPY,ACH,96.45,High,True,Yes
TX-105371,2024-07-01 20:33:36.077909,Germany,Italy,66361.74,EUR,SWIFT,21.9,Low,False,Yes
TX-105372,2024-10-26 04:26:30.077909,India,Spain,48260.73,INR,RTGS,58.79,Medium,False,Yes
TX-105373,2024-11-06 09:47:15.077909,South Africa,Italy,73883.25,ZAR,ACH,70.02,High,True,Yes
TX-105374,2024-09-16 15:52:50.077909,Japan,India,96124.67,JPY,RTGS,82.56,High,True,Yes
TX-105375,2024-09-18 10:10:10.077909,South Africa,Australia,11743.01,ZAR,SEPA,40.7,Medium,False,Yes
TX-105376,2024-12-30 07:13:22.077909,USA,Spain,70985.81,USD,RTGS,68.69,Medium,False,Yes
TX-105377,2024-10-04 17:42:48.077909,Italy,South Africa,23111.38,EUR,SWIFT,30.32,Low,False,Yes
TX-105378,2024-08-09 22:49:14.077909,South Africa,Italy,41506.23,ZAR,SWIFT,43.55,Medium,False,Yes
TX-105379,2024-07-21 19:55:04.077909,Brazil,Italy,3382.99,BRL,ACH,89.56,High,True,Yes
TX-105380,2024-12-06 06:07:13.077909,Spain,Canada,13677.15,EUR,RTGS,94.99,High,True,Yes
TX-105381,2024-07-30 01:47:58.077909,Australia,Japan,32045.75,AUD,Wire,71.88,High,True,Yes
TX-105382,2024-03-20 13:39:01.077909,Japan,Brazil,34264.38,JPY,ACH,37.44,Low,False,Yes
TX-105383,2024-07-04 22:21:55.077909,South Africa,France,89968.56,ZAR,Wire,82.01,High,True,Yes
TX-105384,2024-03-20 21:07:56.077909,Australia,France,74207.11,AUD,RTGS,2.59,Low,False,Yes
TX-105385,2024-08-30 10:55:45.077909,Spain,Brazil,97221.08,EUR,ACH,10.27,Low,False,Yes
TX-105386,2024-04-03 04:28:46.077909,Netherlands,Netherlands,59947.24,EUR,RTGS,66.14,Medium,False,Yes
TX-105387,2024-06-17 11:14:17.077909,China,Germany,24247.2,CNY,RTGS,29.12,Low,False,Yes
TX-105388,2024-04-17 12:00:51.077909,Japan,Brazil,32832.74,JPY,SWIFT,95.14,High,True,Yes
TX-105389,2024-10-10 03:52:49.077909,Spain,Russia,32051.61,EUR,SWIFT,43.61,Medium,False,Yes
TX-105390,2024-08-10 07:21:57.077909,Italy,Japan,32716.78,EUR,SWIFT,42.94,Medium,False,Yes
TX-105391,2024-06-26 02:14:46.077909,France,Italy,67329.12,EUR,Wire,67.81,Medium,False,Yes
TX-105392,2025-01-29 07:39:02.077909,UK,Canada,53127.71,GBP,SWIFT,76.76,High,True,Yes
TX-105393,2024-11-12 23:56:13.077909,USA,UK,38603.88,USD,SWIFT,47.56,Medium,False,Yes
TX-105394,2024-08-26 22:32:58.077909,Spain,Spain,14994.07,EUR,ACH,21.4,Low,False,Yes
TX-105395,2024-09-06 07:15:40.077909,China,South Africa,2311.7,CNY,SWIFT,77.33,High,True,Yes
TX-105396,2024-04-21 06:54:58.077909,Germany,South Africa,21961.58,EUR,SEPA,32.04,Low,False,Yes
TX-105397,2025-03-10 19:50:59.077909,USA,China,10836.39,USD,SEPA,17.51,Low,False,Yes
TX-105398,2025-03-09 23:24:31.077909,Netherlands,Russia,78565.96,EUR,RTGS,63.16,Medium,False,Yes
TX-105399,2024-04-07 01:56:42.077909,South Africa,South Africa,11338.55,ZAR,RTGS,9.05,Low,False,Yes
TX-105400,2024-08-27 12:19:37.077909,South Africa,USA,72450.4,ZAR,Wire,97.14,High,True,Yes
TX-105401,2025-02-19 10:33:01.077909,France,Russia,38627.3,EUR,SEPA,63.24,Medium,False,Yes
TX-105402,2025-02-13 00:19:49.077909,USA,Netherlands,7430.5,USD,RTGS,98.59,High,True,Yes
TX-105403,2024-09-26 15:02:27.077909,South Africa,Brazil,81291.73,ZAR,Wire,33.89,Low,False,Yes
TX-105404,2024-06-12 22:32:22.077909,Australia,France,58005.09,AUD,RTGS,97.12,High,True,Yes
TX-105405,2024-10-18 05:15:34.077909,Japan,Australia,23652.58,JPY,SEPA,14.56,Low,False,Yes
TX-105406,2024-11-07 01:43:40.077909,Spain,India,89478.65,EUR,SWIFT,4.07,Low,False,Yes
TX-105407,2024-08-03 13:26:01.077909,South Africa,UK,4621.31,ZAR,SEPA,3.3,Low,False,Yes
TX-105408,2024-04-01 08:11:19.077909,China,China,20261.78,CNY,Wire,46.49,Medium,False,Yes
TX-105409,2024-07-30 13:41:26.077909,Germany,UK,75229.49,EUR,SEPA,8.3,Low,False,Yes
TX-105410,2024-10-04 04:23:31.077909,UK,Australia,70966.86,GBP,SEPA,51.22,Medium,False,Yes
TX-105411,2024-04-12 13:54:05.077909,Canada,Brazil,28998.24,CAD,Wire,32.75,Low,False,Yes
TX-105412,2024-11-07 04:46:18.077909,Germany,Australia,6296.29,EUR,SEPA,33.56,Low,False,Yes
TX-105413,2025-03-10 03:33:27.077909,India,France,85822.0,INR,SWIFT,63.56,Medium,False,Yes
TX-105414,2025-02-06 22:07:46.077909,Germany,Netherlands,31438.39,EUR,SWIFT,16.31,Low,False,Yes
TX-105415,2025-03-03 08:56:38.077909,France,UK,19651.77,EUR,ACH,76.66,High,True,Yes
TX-105416,2024-05-07 10:32:42.077909,Japan,Germany,51654.58,JPY,RTGS,58.2,Medium,False,Yes
TX-105417,2024-05-23 08:26:15.077909,Russia,Germany,91031.7,RUB,SWIFT,91.49,High,True,Yes
TX-105418,2024-08-18 20:31:23.077909,South Africa,South Africa,4450.3,ZAR,RTGS,36.48,Low,False,Yes
TX-105419,2024-07-06 01:54:22.077909,Netherlands,Brazil,76603.83,EUR,RTGS,98.27,High,True,Yes
TX-105420,2024-08-05 19:50:34.077909,Brazil,Germany,57290.08,BRL,SWIFT,57.58,Medium,False,Yes
TX-105421,2024-09-30 01:16:45.077909,USA,Brazil,42602.37,USD,ACH,97.34,High,True,Yes
TX-105422,2024-07-03 22:52:18.077909,South Africa,India,74433.64,ZAR,RTGS,2.71,Low,False,Yes
TX-105423,2024-06-04 01:03:03.077909,Germany,USA,96585.86,EUR,ACH,72.8,High,True,Yes
TX-105424,2024-04-05 13:17:41.077909,China,Spain,22997.7,CNY,SWIFT,81.66,High,True,Yes
TX-105425,2024-12-22 15:07:41.078910,Russia,Brazil,14450.37,RUB,RTGS,5.32,Low,False,Yes
TX-105426,2024-11-12 09:28:16.078910,South Africa,Russia,91296.89,ZAR,SWIFT,57.9,Medium,False,Yes
TX-105427,2024-09-15 08:34:23.078910,Italy,China,66928.41,EUR,RTGS,80.19,High,True,Yes
TX-105428,2024-11-07 22:12:35.078910,Spain,Canada,43854.8,EUR,Wire,56.1,Medium,False,Yes
TX-105429,2024-08-22 04:19:30.078910,Netherlands,India,57368.63,EUR,ACH,6.38,Low,False,Yes
TX-105430,2025-01-22 14:54:49.078910,Russia,South Africa,74586.83,RUB,Wire,69.34,Medium,False,Yes
TX-105431,2024-08-21 10:43:22.078910,Russia,Russia,77325.89,RUB,ACH,6.06,Low,False,Yes
TX-105432,2024-08-10 17:05:04.078910,UK,UK,91997.43,GBP,SEPA,81.75,High,True,Yes
TX-105433,2024-04-23 22:46:01.078910,UK,Italy,42741.59,GBP,Wire,4.3,Low,False,Yes
TX-105434,2025-03-10 00:55:18.078910,Germany,Italy,29411.75,EUR,SWIFT,13.74,Low,False,Yes
TX-105435,2024-06-19 16:17:06.078910,China,India,64002.46,CNY,RTGS,27.51,Low,False,Yes
TX-105436,2025-02-07 05:32:52.078910,Spain,Russia,41631.22,EUR,RTGS,63.34,Medium,False,Yes
TX-105437,2024-09-04 12:27:12.078910,South Africa,UK,59500.39,ZAR,SEPA,97.64,High,True,Yes
TX-105438,2024-09-22 22:13:01.078910,Brazil,Netherlands,42056.58,BRL,ACH,11.78,Low,False,Yes
TX-105439,2024-10-24 09:15:42.078910,Brazil,USA,15384.28,BRL,Wire,14.27,Low,False,Yes
TX-105440,2024-11-15 18:26:21.078910,Spain,Canada,46995.73,EUR,RTGS,36.89,Low,False,Yes
TX-105441,2025-02-04 03:36:06.078910,Netherlands,Spain,69122.69,EUR,SWIFT,83.62,High,True,Yes
TX-105442,2024-06-17 23:05:54.078910,China,Australia,79948.45,CNY,SEPA,46.72,Medium,False,Yes
TX-105443,2024-07-27 21:27:57.078910,USA,UK,49383.3,USD,RTGS,32.16,Low,False,Yes
TX-105444,2024-08-21 21:18:59.078910,Brazil,USA,16607.27,BRL,ACH,56.12,Medium,False,Yes
TX-105445,2024-10-14 14:59:12.078910,Brazil,Canada,41527.3,BRL,RTGS,26.05,Low,False,Yes
TX-105446,2025-01-04 11:56:49.078910,Spain,Japan,78650.76,EUR,SWIFT,40.12,Medium,False,Yes
TX-105447,2024-10-25 11:34:28.078910,China,India,41344.64,CNY,SEPA,33.26,Low,False,Yes
TX-105448,2024-11-30 20:37:52.078910,China,Spain,69683.43,CNY,ACH,80.41,High,True,Yes
TX-105449,2025-01-09 17:58:05.078910,UK,China,50770.65,GBP,Wire,92.43,High,True,Yes
TX-105450,2024-05-04 20:50:39.078910,China,Italy,24198.19,CNY,RTGS,75.96,High,True,Yes
TX-105451,2025-02-08 15:50:39.078910,Germany,UK,79635.44,EUR,SEPA,43.91,Medium,False,Yes
TX-105452,2025-03-14 08:25:23.078910,Russia,India,8512.92,RUB,RTGS,50.43,Medium,False,Yes
TX-105453,2024-07-22 06:36:27.078910,South Africa,Brazil,52536.54,ZAR,SEPA,12.51,Low,False,Yes
TX-105454,2024-10-24 02:41:05.078910,Netherlands,Italy,20968.21,EUR,ACH,74.69,High,True,Yes
TX-105455,2024-03-24 23:18:30.078910,Australia,Germany,6799.86,AUD,SEPA,59.65,Medium,False,Yes
TX-105456,2025-01-31 14:54:40.078910,Japan,USA,50343.1,JPY,Wire,90.24,High,True,Yes
TX-105457,2024-12-11 12:00:37.078910,France,Canada,50006.26,EUR,SWIFT,20.06,Low,False,Yes
TX-105458,2025-03-01 09:18:01.078910,UK,Germany,70719.4,GBP,Wire,75.97,High,True,Yes
TX-105459,2024-05-17 09:14:04.078910,Australia,Italy,74500.59,AUD,RTGS,68.47,Medium,False,Yes
TX-105460,2024-12-06 14:49:41.078910,USA,Australia,72806.37,USD,SEPA,26.58,Low,False,Yes
TX-105461,2024-04-27 00:33:08.078910,Canada,France,41014.92,CAD,SEPA,66.74,Medium,False,Yes
TX-105462,2024-08-12 17:41:05.078910,USA,Brazil,63205.81,USD,Wire,92.44,High,True,Yes
TX-105463,2024-03-19 04:11:04.078910,Germany,China,57736.83,EUR,SWIFT,91.84,High,True,Yes
TX-105464,2024-09-27 11:04:09.079912,China,UK,42214.02,CNY,SWIFT,71.96,High,True,Yes
TX-105465,2025-02-15 23:29:46.079912,Germany,India,59761.55,EUR,RTGS,4.81,Low,False,Yes
TX-105466,2025-02-23 09:32:08.079912,USA,Brazil,94730.06,USD,ACH,87.23,High,True,Yes
TX-105467,2024-10-15 00:11:29.079912,Japan,Italy,19370.08,JPY,RTGS,65.78,Medium,False,Yes
TX-105468,2024-10-24 06:37:49.079912,Australia,South Africa,90586.63,AUD,ACH,31.04,Low,False,Yes
TX-105469,2025-01-14 19:15:06.079912,USA,Brazil,5440.21,USD,Wire,18.73,Low,False,Yes
TX-105470,2024-03-19 01:07:13.079912,Spain,South Africa,30908.08,EUR,ACH,11.62,Low,False,Yes
TX-105471,2024-07-24 19:54:28.079912,Netherlands,India,28885.71,EUR,SWIFT,5.02,Low,False,Yes
TX-105472,2024-12-02 14:52:07.079912,China,India,62673.87,CNY,ACH,75.41,High,True,Yes
TX-105473,2024-08-05 13:00:58.079912,Germany,Canada,13209.37,EUR,SEPA,23.58,Low,False,Yes
TX-105474,2024-08-26 17:14:58.079912,South Africa,South Africa,88246.53,ZAR,RTGS,2.43,Low,False,Yes
TX-105475,2024-07-23 06:53:34.079912,UK,Australia,82872.29,GBP,SWIFT,39.73,Low,False,Yes
TX-105476,2024-04-17 06:41:22.079912,Spain,Russia,65241.38,EUR,SWIFT,48.26,Medium,False,Yes
TX-105477,2024-04-06 22:13:04.079912,Brazil,Russia,45895.54,BRL,RTGS,16.92,Low,False,Yes
TX-105478,2024-12-21 05:52:41.079912,UK,India,93302.31,GBP,ACH,4.4,Low,False,Yes
TX-105479,2024-08-12 09:05:52.079912,Netherlands,Italy,83091.58,EUR,RTGS,18.91,Low,False,Yes
TX-105480,2024-04-15 10:21:03.079912,South Africa,France,49981.58,ZAR,ACH,67.91,Medium,False,Yes
TX-105481,2025-01-19 09:56:36.079912,Russia,India,70217.15,RUB,Wire,8.22,Low,False,Yes
TX-105482,2024-08-26 09:38:19.079912,Russia,India,56736.3,RUB,Wire,55.5,Medium,False,Yes
TX-105483,2025-02-19 18:03:15.079912,Spain,Australia,58835.43,EUR,SWIFT,14.64,Low,False,Yes
TX-105484,2024-07-19 22:15:08.079912,USA,Spain,33164.51,USD,SEPA,19.57,Low,False,Yes
TX-105485,2025-03-15 18:40:25.079912,USA,USA,46262.25,USD,SWIFT,39.31,Low,False,Yes
TX-105486,2024-11-21 05:40:53.079912,UK,Canada,7904.33,GBP,Wire,10.08,Low,False,Yes
TX-105487,2024-04-06 15:53:56.079912,China,Canada,35799.13,CNY,Wire,17.32,Low,False,Yes
TX-105488,2024-06-07 02:48:30.079912,Brazil,Canada,69613.27,BRL,RTGS,34.9,Low,False,Yes
TX-105489,2024-03-26 16:35:13.079912,Netherlands,Canada,95326.28,EUR,SEPA,32.97,Low,False,Yes
TX-105490,2024-03-29 14:43:44.079912,UK,Australia,96310.1,GBP,RTGS,74.93,High,True,Yes
TX-105491,2024-07-09 05:25:20.079912,South Africa,India,55616.71,ZAR,SEPA,7.48,Low,False,Yes
TX-105492,2024-12-13 11:32:23.079912,Canada,India,60701.56,CAD,SEPA,86.05,High,True,Yes
TX-105493,2024-05-17 23:47:23.079912,Russia,Netherlands,18653.55,RUB,Wire,81.62,High,True,Yes
TX-105494,2025-01-14 11:23:53.079912,Japan,Japan,69561.28,JPY,Wire,76.6,High,True,Yes
TX-105495,2024-09-26 13:47:26.079912,Russia,Germany,7158.81,RUB,Wire,30.94,Low,False,Yes
TX-105496,2024-06-01 05:05:37.079912,Spain,USA,28540.1,EUR,SEPA,82.29,High,True,Yes
TX-105497,2024-11-20 20:28:41.079912,Canada,China,66869.5,CAD,RTGS,18.28,Low,False,Yes
TX-105498,2024-04-11 04:43:11.079912,Spain,China,31099.98,EUR,SWIFT,12.44,Low,False,Yes
TX-105499,2024-04-18 12:45:25.079912,Brazil,China,5079.7,BRL,Wire,4.5,Low,False,Yes
TX-105500,2024-03-29 14:19:17.079912,India,Australia,83203.85,INR,Wire,93.93,High,True,Yes
TX-105501,2025-02-13 02:31:08.079912,Italy,France,31101.97,EUR,SWIFT,30.8,Low,False,Yes
TX-105502,2024-07-31 12:34:50.079912,China,Brazil,6404.21,CNY,RTGS,91.76,High,True,Yes
TX-105503,2024-07-28 06:34:36.079912,Canada,Brazil,7571.34,CAD,ACH,27.26,Low,False,Yes
TX-105504,2025-01-06 01:48:26.079912,Spain,Canada,25250.7,EUR,Wire,90.76,High,True,Yes
TX-105505,2024-09-13 09:51:32.079912,France,South Africa,17883.79,EUR,Wire,90.39,High,True,Yes
TX-105506,2024-09-08 15:17:53.079912,Spain,China,77452.58,EUR,Wire,92.37,High,True,Yes
TX-105507,2024-04-07 10:48:43.079912,UK,UK,32236.24,GBP,SEPA,49.62,Medium,False,Yes
TX-105508,2024-06-30 10:56:33.079912,UK,Italy,80489.11,GBP,RTGS,86.59,High,True,Yes
TX-105509,2024-12-04 17:50:50.079912,Brazil,Australia,17467.22,BRL,Wire,95.08,High,True,Yes
TX-105510,2024-11-21 19:07:41.079912,Italy,India,49338.63,EUR,RTGS,32.46,Low,False,Yes
TX-105511,2025-03-06 10:50:25.079912,South Africa,Brazil,68834.91,ZAR,ACH,41.89,Medium,False,Yes
TX-105512,2025-01-01 06:48:39.079912,India,Italy,65233.89,INR,Wire,71.92,High,True,Yes
TX-105513,2024-12-23 16:59:17.079912,Australia,France,60152.83,AUD,ACH,30.04,Low,False,Yes
TX-105514,2024-06-12 15:38:36.079912,India,China,92489.68,INR,RTGS,75.38,High,True,Yes
TX-105515,2024-09-18 16:51:20.079912,Spain,UK,22929.66,EUR,Wire,7.39,Low,False,Yes
TX-105516,2025-02-15 02:30:08.079912,UK,Canada,49422.55,GBP,ACH,52.35,Medium,False,Yes
TX-105517,2024-12-12 20:37:23.079912,Brazil,Spain,88410.86,BRL,Wire,12.23,Low,False,Yes
TX-105518,2024-09-17 16:14:53.079912,Japan,Canada,7881.59,JPY,SEPA,29.33,Low,False,Yes
TX-105519,2024-04-02 16:52:50.079912,Brazil,Brazil,5683.24,BRL,SEPA,25.86,Low,False,Yes
TX-105520,2024-12-06 17:21:28.080911,Netherlands,Netherlands,23406.9,EUR,SWIFT,83.89,High,True,Yes
TX-105521,2025-01-02 23:39:54.080911,Netherlands,Russia,63338.82,EUR,RTGS,19.35,Low,False,Yes
TX-105522,2024-05-04 11:36:57.080911,China,South Africa,26061.97,CNY,SWIFT,80.84,High,True,Yes
TX-105523,2024-06-21 19:08:13.080911,South Africa,Japan,19104.96,ZAR,RTGS,79.4,High,True,Yes
TX-105524,2024-06-19 21:15:24.080911,Spain,UK,45934.35,EUR,SEPA,49.89,Medium,False,Yes
TX-105525,2024-05-29 20:51:08.080911,Germany,Italy,61398.45,EUR,SEPA,23.38,Low,False,Yes
TX-105526,2024-06-02 12:10:12.080911,India,Russia,24930.91,INR,SWIFT,22.69,Low,False,Yes
TX-105527,2024-10-23 20:40:12.080911,China,Brazil,30139.05,CNY,Wire,46.49,Medium,False,Yes
TX-105528,2025-02-11 13:05:07.080911,Russia,USA,61394.57,RUB,ACH,0.88,Low,False,Yes
TX-105529,2024-11-30 16:16:26.080911,UK,Italy,94579.27,GBP,SWIFT,53.14,Medium,False,Yes
TX-105530,2024-05-30 05:52:35.080911,Italy,Japan,67506.7,EUR,ACH,95.28,High,True,Yes
TX-105531,2024-09-21 15:43:32.080911,France,Russia,78312.12,EUR,ACH,15.47,Low,False,Yes
TX-105532,2025-01-31 22:48:58.080911,Brazil,Japan,36744.33,BRL,Wire,57.33,Medium,False,Yes
TX-105533,2024-11-06 19:26:56.080911,Brazil,South Africa,27298.21,BRL,SEPA,96.18,High,True,Yes
TX-105534,2024-11-22 12:03:11.080911,France,South Africa,45481.35,EUR,SEPA,86.05,High,True,Yes
TX-105535,2024-05-28 04:24:13.080911,UK,Japan,80732.57,GBP,SEPA,85.04,High,True,Yes
TX-105536,2024-07-10 11:23:12.080911,UK,Australia,45684.33,GBP,RTGS,82.18,High,True,Yes
TX-105537,2024-10-30 16:33:44.080911,Brazil,Canada,84687.87,BRL,ACH,30.9,Low,False,Yes
TX-105538,2025-02-26 15:18:48.080911,USA,Japan,98878.32,USD,SEPA,89.06,High,True,Yes
TX-105539,2024-03-31 09:06:40.080911,Brazil,Russia,7295.46,BRL,SWIFT,94.13,High,True,Yes
TX-105540,2024-04-02 09:05:32.080911,China,China,4636.47,CNY,Wire,49.58,Medium,False,Yes
TX-105541,2024-04-27 18:09:59.080911,Italy,Japan,15044.01,EUR,SEPA,35.46,Low,False,Yes
TX-105542,2024-07-04 20:23:24.080911,Russia,Brazil,38498.53,RUB,SWIFT,41.42,Medium,False,Yes
TX-105543,2025-02-03 23:43:53.080911,South Africa,Russia,13191.12,ZAR,SEPA,33.42,Low,False,Yes
TX-105544,2024-05-22 11:33:03.080911,China,South Africa,87079.38,CNY,SEPA,21.24,Low,False,Yes
TX-105545,2025-01-21 13:29:35.080911,USA,India,2412.31,USD,SWIFT,61.84,Medium,False,Yes
TX-105546,2024-07-07 02:55:52.080911,UK,Canada,31647.69,GBP,RTGS,56.26,Medium,False,Yes
TX-105547,2024-06-10 14:07:45.080911,China,South Africa,18550.99,CNY,SWIFT,46.26,Medium,False,Yes
TX-105548,2024-04-24 19:46:23.080911,Spain,South Africa,93160.78,EUR,ACH,9.58,Low,False,Yes
TX-105549,2025-02-03 17:58:23.080911,Netherlands,Germany,66981.15,EUR,Wire,79.69,High,True,Yes
TX-105550,2024-07-18 09:07:47.080911,South Africa,India,91211.82,ZAR,RTGS,17.49,Low,False,Yes
TX-105551,2024-06-25 04:39:36.080911,China,Netherlands,97235.64,CNY,Wire,11.46,Low,False,Yes
TX-105552,2024-10-07 13:48:27.080911,Germany,Canada,49760.11,EUR,SEPA,62.31,Medium,False,Yes
TX-105553,2024-09-30 09:09:46.080911,India,UK,23508.48,INR,SEPA,39.86,Low,False,Yes
TX-105554,2025-02-22 00:14:34.080911,China,Russia,19453.51,CNY,SEPA,5.98,Low,False,Yes
TX-105555,2024-11-25 05:29:19.080911,Canada,China,22369.59,CAD,Wire,35.56,Low,False,Yes
TX-105556,2024-06-18 03:36:28.080911,Netherlands,Brazil,70888.47,EUR,SWIFT,77.18,High,True,Yes
TX-105557,2024-08-01 21:47:34.080911,Australia,UK,4140.53,AUD,RTGS,61.52,Medium,False,Yes
TX-105558,2024-07-19 23:38:56.080911,UK,USA,5230.97,GBP,RTGS,36.28,Low,False,Yes
TX-105559,2024-05-17 15:10:17.080911,Spain,Japan,60853.48,EUR,Wire,19.18,Low,False,Yes
TX-105560,2024-12-07 23:54:20.080911,Brazil,Australia,64241.51,BRL,ACH,63.18,Medium,False,Yes
TX-105561,2025-01-29 08:00:23.080911,Canada,South Africa,66559.77,CAD,Wire,88.76,High,True,Yes
TX-105562,2024-09-24 07:05:05.080911,Germany,Spain,37250.86,EUR,SEPA,64.63,Medium,False,Yes
TX-105563,2024-09-20 06:47:01.080911,Spain,Canada,80613.89,EUR,RTGS,81.29,High,True,Yes
TX-105564,2024-06-14 03:56:09.080911,Spain,USA,53409.1,EUR,RTGS,52.15,Medium,False,Yes
TX-105565,2024-07-27 00:48:06.080911,UK,UK,10636.02,GBP,ACH,71.8,High,True,Yes
TX-105566,2024-09-11 23:20:58.080911,India,China,79730.22,INR,Wire,89.62,High,True,Yes
TX-105567,2024-06-23 18:33:20.080911,Netherlands,Germany,95311.47,EUR,SWIFT,77.32,High,True,Yes
TX-105568,2024-04-20 03:40:58.080911,Canada,India,6097.63,CAD,SWIFT,90.99,High,True,Yes
TX-105569,2024-05-26 06:01:53.080911,Russia,UK,39196.0,RUB,SWIFT,43.11,Medium,False,Yes
TX-105570,2024-12-13 18:54:25.080911,Brazil,Canada,48802.85,BRL,SEPA,90.42,High,True,Yes
TX-105571,2024-09-14 13:23:05.080911,India,Japan,14732.43,INR,SWIFT,62.16,Medium,False,Yes
TX-105572,2024-10-29 07:32:15.080911,India,France,86784.12,INR,Wire,87.0,High,True,Yes
TX-105573,2024-06-20 09:45:51.080911,Brazil,Russia,28486.55,BRL,SWIFT,3.94,Low,False,Yes
TX-105574,2024-06-05 20:39:32.080911,Netherlands,South Africa,78322.55,EUR,ACH,65.79,Medium,False,Yes
TX-105575,2024-06-27 18:03:08.080911,Spain,USA,67132.35,EUR,ACH,84.8,High,True,Yes
TX-105576,2024-09-16 03:56:53.080911,Australia,Canada,59844.78,AUD,SWIFT,17.42,Low,False,Yes
TX-105577,2025-01-28 18:42:11.080911,USA,Canada,19295.07,USD,SWIFT,66.18,Medium,False,Yes
TX-105578,2025-02-01 13:14:42.080911,France,Japan,22148.28,EUR,ACH,82.5,High,True,Yes
TX-105579,2024-12-16 02:04:48.080911,Germany,France,4830.11,EUR,SEPA,28.79,Low,False,Yes
TX-105580,2025-03-12 11:55:37.080911,Germany,Spain,24147.17,EUR,Wire,40.52,Medium,False,Yes
TX-105581,2025-01-22 13:16:13.080911,Brazil,Japan,34609.82,BRL,SEPA,56.95,Medium,False,Yes
TX-105582,2024-07-29 10:15:10.080911,Canada,UK,83331.22,CAD,RTGS,51.92,Medium,False,Yes
TX-105583,2024-05-07 05:30:35.080911,Spain,Italy,36702.63,EUR,Wire,3.92,Low,False,Yes
TX-105584,2024-12-23 04:45:09.080911,France,India,75486.72,EUR,SEPA,9.87,Low,False,Yes
TX-105585,2024-09-15 23:38:14.080911,South Africa,USA,44000.28,ZAR,Wire,10.05,Low,False,Yes
TX-105586,2024-11-21 05:28:49.080911,Canada,Germany,78508.34,CAD,SWIFT,26.23,Low,False,Yes
TX-105587,2024-06-07 18:20:51.080911,Brazil,France,97629.53,BRL,SWIFT,24.59,Low,False,Yes
TX-105588,2025-01-23 14:52:34.080911,USA,USA,24060.17,USD,Wire,74.22,High,True,Yes
TX-105589,2024-07-14 18:11:03.080911,USA,Japan,86247.93,USD,Wire,57.27,Medium,False,Yes
TX-105590,2024-11-25 03:41:23.080911,Italy,Netherlands,62220.23,EUR,RTGS,76.4,High,True,Yes
TX-105591,2024-07-17 10:46:58.081912,Australia,South Africa,81747.7,AUD,SWIFT,6.99,Low,False,Yes
TX-105592,2024-03-27 05:21:09.081912,Brazil,France,65193.43,BRL,Wire,48.52,Medium,False,Yes
TX-105593,2025-01-26 17:15:35.081912,Italy,India,42452.56,EUR,SEPA,32.38,Low,False,Yes
TX-105594,2025-01-17 12:10:51.081912,UK,Japan,22884.69,GBP,Wire,84.99,High,True,Yes
TX-105595,2024-10-13 00:16:36.081912,Netherlands,Australia,7096.52,EUR,SWIFT,70.78,High,True,Yes
TX-105596,2024-10-21 15:17:43.081912,Italy,UK,53598.28,EUR,SEPA,86.93,High,True,Yes
TX-105597,2024-10-02 19:56:35.081912,Australia,China,99033.58,AUD,SWIFT,4.64,Low,False,Yes
TX-105598,2024-10-18 21:22:57.081912,Netherlands,Australia,73830.38,EUR,RTGS,72.08,High,True,Yes
TX-105599,2024-04-21 14:50:51.081912,Italy,Brazil,32801.82,EUR,ACH,54.0,Medium,False,Yes
TX-105600,2024-03-30 05:37:15.081912,Spain,Spain,82737.76,EUR,SWIFT,82.5,High,True,Yes
TX-105601,2025-02-26 15:04:23.081912,Japan,Japan,76921.5,JPY,SEPA,50.72,Medium,False,Yes
TX-105602,2024-03-17 20:24:05.081912,Italy,Netherlands,28235.42,EUR,SEPA,54.02,Medium,False,Yes
TX-105603,2024-10-19 16:17:17.081912,Canada,Spain,1529.32,CAD,RTGS,5.18,Low,False,Yes
TX-105604,2024-12-07 23:37:10.081912,Russia,China,11904.45,RUB,RTGS,66.85,Medium,False,Yes
TX-105605,2024-10-15 12:11:10.081912,Australia,Japan,87742.89,AUD,ACH,27.31,Low,False,Yes
TX-105606,2024-06-05 03:29:38.081912,South Africa,Japan,83672.65,ZAR,SEPA,1.97,Low,False,Yes
TX-105607,2024-03-28 22:41:59.081912,Russia,Germany,29591.38,RUB,Wire,6.64,Low,False,Yes
TX-105608,2025-01-15 14:43:06.081912,China,Brazil,28591.02,CNY,SWIFT,95.73,High,True,Yes
TX-105609,2024-12-24 10:44:09.081912,India,Canada,79307.21,INR,SWIFT,34.61,Low,False,Yes
TX-105610,2024-11-10 20:23:14.081912,South Africa,India,93779.97,ZAR,SEPA,86.81,High,True,Yes
TX-105611,2025-01-09 13:45:07.081912,India,Russia,77935.81,INR,Wire,95.97,High,True,Yes
TX-105612,2024-05-14 08:24:03.081912,Germany,USA,60597.31,EUR,RTGS,94.33,High,True,Yes
TX-105613,2024-04-20 00:56:21.081912,UK,Germany,24342.87,GBP,ACH,88.17,High,True,Yes
TX-105614,2024-10-30 11:49:19.081912,Australia,USA,52622.22,AUD,ACH,89.48,High,True,Yes
TX-105615,2024-11-06 12:15:29.081912,Canada,Germany,23427.83,CAD,ACH,28.9,Low,False,Yes
TX-105616,2024-11-23 09:20:53.081912,South Africa,UK,80820.34,ZAR,RTGS,15.15,Low,False,Yes
TX-105617,2024-06-11 11:18:57.081912,Russia,France,38757.41,RUB,Wire,63.93,Medium,False,Yes
TX-105618,2024-09-13 07:21:34.081912,USA,Russia,83386.35,USD,SWIFT,48.81,Medium,False,Yes
TX-105619,2024-08-13 05:26:55.081912,France,Russia,38222.76,EUR,RTGS,9.87,Low,False,Yes
TX-105620,2024-11-24 18:46:27.081912,USA,Germany,82432.53,USD,ACH,67.75,Medium,False,Yes
TX-105621,2024-11-28 10:46:30.081912,Spain,UK,33398.45,EUR,Wire,56.29,Medium,False,Yes
TX-105622,2024-12-30 13:10:51.081912,France,China,44069.26,EUR,SWIFT,86.31,High,True,Yes
TX-105623,2024-05-15 02:52:27.081912,Canada,Japan,61587.29,CAD,SEPA,60.92,Medium,False,Yes
TX-105624,2024-06-11 02:47:20.081912,Canada,Germany,7121.73,CAD,ACH,57.39,Medium,False,Yes
TX-105625,2024-10-29 22:35:04.081912,Spain,China,94825.89,EUR,RTGS,44.08,Medium,False,Yes
TX-105626,2024-07-09 12:00:30.081912,UK,Spain,57403.22,GBP,Wire,46.28,Medium,False,Yes
TX-105627,2024-12-21 22:57:44.081912,Netherlands,France,50831.22,EUR,Wire,95.44,High,True,Yes
TX-105628,2025-01-28 19:54:04.081912,Italy,UK,83955.46,EUR,SEPA,13.84,Low,False,Yes
TX-105629,2024-09-30 04:04:27.081912,UK,Brazil,86589.7,GBP,ACH,44.62,Medium,False,Yes
TX-105630,2025-01-04 00:49:45.081912,Brazil,China,52273.81,BRL,ACH,65.58,Medium,False,Yes
TX-105631,2025-01-02 05:53:30.081912,Canada,Italy,92733.51,CAD,Wire,43.3,Medium,False,Yes
TX-105632,2024-10-25 15:01:12.081912,Japan,Canada,6567.3,JPY,SWIFT,28.32,Low,False,Yes
TX-105633,2024-11-16 06:57:14.081912,Netherlands,Japan,11411.26,EUR,SEPA,28.74,Low,False,Yes
TX-105634,2024-08-18 09:37:26.081912,Canada,France,59719.14,CAD,SWIFT,23.37,Low,False,Yes
TX-105635,2024-12-15 05:23:26.081912,Spain,France,35471.18,EUR,ACH,34.39,Low,False,Yes
TX-105636,2024-07-30 13:31:26.081912,China,Italy,46476.09,CNY,Wire,87.17,High,True,Yes
TX-105637,2024-07-22 17:17:15.081912,China,India,32875.11,CNY,SEPA,50.52,Medium,False,Yes
TX-105638,2024-05-12 00:28:20.081912,Netherlands,Netherlands,40532.06,EUR,SEPA,24.02,Low,False,Yes
TX-105639,2024-08-23 00:44:17.081912,Australia,UK,82282.37,AUD,RTGS,38.45,Low,False,Yes
TX-105640,2024-05-14 11:17:06.081912,Brazil,Italy,59388.27,BRL,Wire,10.58,Low,False,Yes
TX-105641,2024-09-09 04:49:09.081912,USA,Australia,99734.72,USD,SWIFT,90.4,High,True,Yes
TX-105642,2024-07-02 18:43:49.081912,Italy,Canada,78709.23,EUR,SEPA,40.82,Medium,False,Yes
TX-105643,2024-05-30 08:52:29.081912,India,France,27439.26,INR,SEPA,98.04,High,True,Yes
TX-105644,2025-03-09 08:37:42.081912,UK,India,26508.08,GBP,RTGS,34.75,Low,False,Yes
TX-105645,2024-11-05 12:02:53.081912,China,Italy,33656.24,CNY,SWIFT,83.64,High,True,Yes
TX-105646,2024-09-14 19:39:29.081912,Netherlands,Brazil,84341.62,EUR,SWIFT,25.64,Low,False,Yes
TX-105647,2024-04-15 01:03:44.081912,Italy,UK,2826.04,EUR,Wire,7.62,Low,False,Yes
TX-105648,2024-06-18 07:52:54.081912,UK,Japan,23095.11,GBP,Wire,3.17,Low,False,Yes
TX-105649,2025-02-09 16:14:49.081912,USA,Germany,90501.35,USD,SWIFT,60.62,Medium,False,Yes
TX-105650,2024-09-17 10:42:55.081912,Canada,Canada,64025.65,CAD,Wire,31.16,Low,False,Yes
TX-105651,2024-11-09 14:02:47.081912,Spain,India,22762.02,EUR,SEPA,44.35,Medium,False,Yes
TX-105652,2024-12-06 17:57:33.081912,Germany,Brazil,21992.58,EUR,RTGS,81.86,High,True,Yes
TX-105653,2024-07-28 20:10:01.081912,Germany,France,86275.55,EUR,RTGS,24.81,Low,False,Yes
TX-105654,2024-08-02 21:20:35.081912,Italy,India,89386.38,EUR,SWIFT,30.87,Low,False,Yes
TX-105655,2024-10-07 05:17:23.081912,Brazil,Brazil,25687.5,BRL,Wire,84.53,High,True,Yes
TX-105656,2024-11-22 00:14:08.081912,Japan,India,42108.98,JPY,SWIFT,49.28,Medium,False,Yes
TX-105657,2024-03-29 23:41:38.081912,Brazil,Germany,83476.11,BRL,ACH,82.77,High,True,Yes
TX-105658,2024-11-27 11:58:51.081912,Netherlands,Brazil,77123.64,EUR,RTGS,37.45,Low,False,Yes
TX-105659,2024-04-05 19:02:48.081912,Brazil,Spain,81410.22,BRL,SEPA,39.84,Low,False,Yes
TX-105660,2024-08-27 22:28:14.081912,Japan,China,51887.98,JPY,SWIFT,16.71,Low,False,Yes
TX-105661,2024-05-24 15:46:19.081912,France,India,91163.75,EUR,RTGS,91.63,High,True,Yes
TX-105662,2024-11-25 15:00:50.081912,India,India,32662.56,INR,RTGS,89.68,High,True,Yes
TX-105663,2024-08-04 14:11:21.081912,France,Russia,15751.55,EUR,ACH,98.42,High,True,Yes
TX-105664,2024-09-01 12:12:24.081912,France,Japan,70902.36,EUR,SEPA,40.24,Medium,False,Yes
TX-105665,2024-09-11 01:56:31.081912,Germany,China,53981.51,EUR,RTGS,81.86,High,True,Yes
TX-105666,2025-01-11 23:06:53.081912,Canada,UK,85473.12,CAD,SEPA,41.5,Medium,False,Yes
TX-105667,2024-06-30 18:04:31.081912,USA,Italy,8207.81,USD,SWIFT,45.43,Medium,False,Yes
TX-105668,2024-09-23 04:43:01.081912,Italy,Russia,84384.87,EUR,SEPA,83.0,High,True,Yes
TX-105669,2024-03-22 11:22:26.081912,China,UK,29400.14,CNY,SWIFT,17.74,Low,False,Yes
TX-105670,2024-11-28 20:29:48.081912,Japan,Spain,65520.08,JPY,RTGS,22.03,Low,False,Yes
TX-105671,2025-01-05 03:38:33.081912,Russia,South Africa,4108.87,RUB,SWIFT,31.47,Low,False,Yes
TX-105672,2024-10-10 22:41:01.081912,Australia,Italy,60997.17,AUD,Wire,78.82,High,True,Yes
TX-105673,2024-09-03 08:42:32.081912,UK,Italy,71755.44,GBP,RTGS,37.27,Low,False,Yes
TX-105674,2024-08-18 08:55:05.081912,USA,USA,36938.15,USD,SWIFT,35.82,Low,False,Yes
TX-105675,2024-07-17 13:44:02.081912,Spain,China,21619.53,EUR,RTGS,99.88,High,True,Yes
TX-105676,2025-02-22 23:41:29.081912,USA,Germany,53809.3,USD,ACH,38.38,Low,False,Yes
TX-105677,2025-01-22 13:32:47.081912,Italy,Canada,83335.76,EUR,SEPA,24.78,Low,False,Yes
TX-105678,2024-05-14 01:17:06.081912,Canada,France,32422.38,CAD,Wire,62.32,Medium,False,Yes
TX-105679,2024-05-19 13:28:33.081912,France,Canada,25321.68,EUR,ACH,80.19,High,True,Yes
TX-105680,2025-01-19 04:41:49.081912,Russia,Japan,27965.64,RUB,SWIFT,6.96,Low,False,Yes
TX-105681,2024-12-22 14:32:14.082908,India,Canada,94918.3,INR,RTGS,61.89,Medium,False,Yes
TX-105682,2024-03-25 23:32:36.082908,India,India,35991.76,INR,SEPA,3.57,Low,False,Yes
TX-105683,2024-06-18 23:33:47.082908,China,Japan,460.06,CNY,Wire,52.63,Medium,False,Yes
TX-105684,2025-02-15 21:38:06.082908,Australia,Italy,78189.95,AUD,SEPA,25.7,Low,False,Yes
TX-105685,2025-03-08 08:04:29.082908,Germany,Canada,69957.55,EUR,RTGS,30.66,Low,False,Yes
TX-105686,2024-05-18 09:33:31.082908,Canada,Spain,12943.97,CAD,RTGS,46.71,Medium,False,Yes
TX-105687,2024-11-17 05:56:35.082908,USA,India,98491.93,USD,SEPA,92.71,High,True,Yes
TX-105688,2024-09-03 05:19:20.082908,Germany,Canada,60845.42,EUR,SEPA,71.07,High,True,Yes
TX-105689,2024-09-22 14:52:26.082908,UK,Spain,50127.87,GBP,Wire,93.68,High,True,Yes
TX-105690,2024-05-27 23:59:58.082908,India,Netherlands,38283.7,INR,SEPA,66.0,Medium,False,Yes
TX-105691,2024-04-02 19:42:16.082908,France,Spain,89877.41,EUR,SEPA,0.71,Low,False,Yes
TX-105692,2025-02-21 00:18:39.082908,Canada,South Africa,24471.95,CAD,Wire,26.56,Low,False,Yes
TX-105693,2024-10-21 08:25:53.082908,Australia,France,28648.31,AUD,SEPA,90.58,High,True,Yes
TX-105694,2025-01-15 09:56:34.082908,Russia,UK,12328.84,RUB,SEPA,64.34,Medium,False,Yes
TX-105695,2024-09-06 14:09:05.082908,Canada,Russia,75936.0,CAD,SWIFT,98.16,High,True,Yes
TX-105696,2024-11-18 21:39:12.082908,France,South Africa,59595.37,EUR,SEPA,15.6,Low,False,Yes
TX-105697,2024-04-17 08:55:50.082908,South Africa,Germany,60945.71,ZAR,RTGS,29.67,Low,False,Yes
TX-105698,2024-05-03 15:33:00.082908,Italy,France,21925.2,EUR,SWIFT,36.24,Low,False,Yes
TX-105699,2024-07-02 23:19:10.082908,Australia,USA,65151.72,AUD,Wire,32.66,Low,False,Yes
TX-105700,2025-02-06 21:34:00.082908,Australia,Canada,76569.3,AUD,ACH,25.2,Low,False,Yes
TX-105701,2024-07-03 10:21:40.082908,Netherlands,Italy,35853.06,EUR,Wire,44.35,Medium,False,Yes
TX-105702,2024-12-14 13:34:09.082908,India,Germany,80154.58,INR,SEPA,64.23,Medium,False,Yes
TX-105703,2024-07-11 14:23:44.082908,France,Italy,34944.18,EUR,RTGS,31.13,Low,False,Yes
TX-105704,2024-11-28 13:01:38.082908,Canada,Canada,75838.03,CAD,SWIFT,7.97,Low,False,Yes
TX-105705,2024-07-22 21:08:09.082908,India,South Africa,3469.64,INR,Wire,70.85,High,True,Yes
TX-105706,2024-11-06 18:11:27.082908,Japan,Netherlands,55161.34,JPY,SWIFT,45.9,Medium,False,Yes
TX-105707,2024-09-14 08:52:19.082908,Italy,Canada,96955.7,EUR,SWIFT,55.65,Medium,False,Yes
TX-105708,2024-05-15 07:02:55.082908,UK,UK,98126.34,GBP,SWIFT,45.54,Medium,False,Yes
TX-105709,2024-09-25 04:34:06.082908,Spain,Japan,28247.08,EUR,ACH,89.04,High,True,Yes
TX-105710,2024-06-04 17:30:20.082908,Netherlands,Brazil,44195.77,EUR,ACH,55.87,Medium,False,Yes
TX-105711,2024-10-16 10:03:46.082908,Italy,Netherlands,6391.49,EUR,SWIFT,92.33,High,True,Yes
TX-105712,2024-08-30 02:05:54.082908,Spain,France,87346.8,EUR,Wire,51.06,Medium,False,Yes
TX-105713,2025-02-17 03:18:05.082908,UK,China,56900.36,GBP,SEPA,29.26,Low,False,Yes
TX-105714,2024-10-17 09:44:35.082908,Australia,Russia,38571.56,AUD,ACH,35.54,Low,False,Yes
TX-105715,2025-01-18 21:09:25.082908,USA,South Africa,11365.78,USD,Wire,52.21,Medium,False,Yes
TX-105716,2024-12-28 07:35:59.082908,France,Australia,94682.05,EUR,ACH,53.0,Medium,False,Yes
TX-105717,2024-10-10 13:24:25.082908,Australia,Canada,53068.88,AUD,RTGS,68.73,Medium,False,Yes
TX-105718,2024-11-14 04:19:16.082908,Australia,Japan,28364.5,AUD,SEPA,22.45,Low,False,Yes
TX-105719,2024-06-23 08:58:56.082908,France,Spain,35086.49,EUR,Wire,65.88,Medium,False,Yes
TX-105720,2024-08-03 13:03:58.082908,Germany,Brazil,27142.65,EUR,ACH,77.86,High,True,Yes
TX-105721,2024-10-30 15:12:13.082908,Russia,China,60220.8,RUB,SEPA,67.66,Medium,False,Yes
TX-105722,2024-05-28 12:52:41.082908,France,Russia,93003.36,EUR,RTGS,48.18,Medium,False,Yes
TX-105723,2024-04-03 21:19:47.082908,China,France,85683.71,CNY,SWIFT,99.17,High,True,Yes
TX-105724,2024-04-30 21:51:58.082908,USA,Japan,46092.05,USD,Wire,40.48,Medium,False,Yes
TX-105725,2025-02-23 13:00:07.082908,UK,France,82667.29,GBP,RTGS,10.66,Low,False,Yes
TX-105726,2024-10-24 16:18:13.082908,South Africa,China,42368.24,ZAR,SWIFT,82.15,High,True,Yes
TX-105727,2024-06-17 15:22:36.082908,Brazil,Canada,25305.48,BRL,Wire,21.22,Low,False,Yes
TX-105728,2024-09-05 04:34:59.082908,India,Netherlands,98343.17,INR,RTGS,71.33,High,True,Yes
TX-105729,2024-12-22 20:41:54.082908,Canada,USA,30458.37,CAD,SWIFT,17.9,Low,False,Yes
TX-105730,2024-09-12 01:29:56.082908,Canada,UK,32440.05,CAD,ACH,1.69,Low,False,Yes
TX-105731,2024-07-30 06:13:39.082908,India,Spain,98970.32,INR,RTGS,15.98,Low,False,Yes
TX-105732,2024-12-22 00:00:57.082908,Spain,South Africa,13479.36,EUR,SEPA,37.7,Low,False,Yes
TX-105733,2024-06-07 18:08:25.082908,South Africa,Italy,76077.35,ZAR,SEPA,10.66,Low,False,Yes
TX-105734,2024-12-06 19:06:09.082908,Japan,UK,93587.69,JPY,RTGS,19.77,Low,False,Yes
TX-105735,2024-08-28 00:32:12.082908,Italy,Spain,51228.32,EUR,Wire,76.46,High,True,Yes
TX-105736,2024-08-31 23:13:07.082908,South Africa,South Africa,351.92,ZAR,RTGS,76.99,High,True,Yes
TX-105737,2025-01-15 13:17:25.082908,China,Brazil,37568.39,CNY,RTGS,81.75,High,True,Yes
TX-105738,2025-02-05 06:57:31.082908,Germany,India,11245.74,EUR,RTGS,84.12,High,True,Yes
TX-105739,2024-09-03 06:05:17.082908,Japan,South Africa,41677.15,JPY,ACH,42.04,Medium,False,Yes
TX-105740,2024-04-30 20:59:15.082908,USA,Japan,79023.67,USD,SWIFT,86.75,High,True,Yes
TX-105741,2024-03-31 09:36:13.082908,Russia,Japan,43927.28,RUB,SEPA,52.59,Medium,False,Yes
TX-105742,2024-08-21 03:02:04.082908,Italy,China,43249.32,EUR,RTGS,47.06,Medium,False,Yes
TX-105743,2024-04-22 22:44:08.082908,Russia,Netherlands,55723.27,RUB,RTGS,71.85,High,True,Yes
TX-105744,2024-04-24 00:46:25.082908,Japan,Russia,58210.89,JPY,RTGS,21.38,Low,False,Yes
TX-105745,2024-09-28 16:24:50.082908,Italy,Italy,85644.0,EUR,ACH,78.95,High,True,Yes
TX-105746,2025-01-14 04:59:53.082908,Japan,Australia,30904.71,JPY,RTGS,42.95,Medium,False,Yes
TX-105747,2024-10-18 09:01:53.082908,India,China,82184.96,INR,Wire,12.73,Low,False,Yes
TX-105748,2025-01-27 06:09:04.082908,Russia,UK,56636.78,RUB,SWIFT,11.93,Low,False,Yes
TX-105749,2025-01-19 14:18:10.082908,Netherlands,France,30122.9,EUR,SWIFT,16.49,Low,False,Yes
TX-105750,2024-03-24 21:05:42.082908,Australia,USA,29583.09,AUD,Wire,89.06,High,True,Yes
TX-105751,2025-03-15 06:14:39.082908,China,India,36177.64,CNY,ACH,99.09,High,True,Yes
TX-105752,2024-07-26 01:55:18.082908,Netherlands,Japan,62307.05,EUR,Wire,35.7,Low,False,Yes
TX-105753,2024-09-30 04:44:36.082908,Germany,Brazil,23158.09,EUR,RTGS,29.21,Low,False,Yes
TX-105754,2024-11-23 20:28:54.082908,Australia,UK,92041.32,AUD,SWIFT,21.88,Low,False,Yes
TX-105755,2024-04-11 15:56:17.082908,France,India,57533.77,EUR,RTGS,82.38,High,True,Yes
TX-105756,2024-09-18 19:18:34.082908,Canada,UK,92009.58,CAD,SEPA,20.92,Low,False,Yes
TX-105757,2024-08-31 20:50:41.082908,Italy,UK,4735.8,EUR,RTGS,92.41,High,True,Yes
TX-105758,2024-03-22 01:45:42.082908,Netherlands,Italy,34326.88,EUR,ACH,66.74,Medium,False,Yes
TX-105759,2024-10-11 08:19:51.082908,Russia,China,2378.49,RUB,RTGS,89.71,High,True,Yes
TX-105760,2024-10-08 11:01:57.082908,Brazil,Brazil,27297.96,BRL,ACH,55.4,Medium,False,Yes
TX-105761,2024-03-28 12:48:46.082908,USA,France,86214.45,USD,SWIFT,69.07,Medium,False,Yes
TX-105762,2024-04-18 07:06:38.082908,Japan,USA,3757.31,JPY,ACH,61.95,Medium,False,Yes
TX-105763,2024-04-14 07:02:12.082908,China,Netherlands,43671.1,CNY,RTGS,83.12,High,True,Yes
TX-105764,2024-10-31 02:44:54.082908,Netherlands,Brazil,11844.95,EUR,ACH,83.59,High,True,Yes
TX-105765,2024-11-26 23:38:34.082908,Japan,India,41742.38,JPY,RTGS,58.98,Medium,False,Yes
TX-105766,2024-11-10 23:47:01.082908,South Africa,Spain,83901.27,ZAR,RTGS,63.25,Medium,False,Yes
TX-105767,2025-01-28 17:24:17.082908,China,Brazil,62344.8,CNY,RTGS,92.19,High,True,Yes
TX-105768,2024-11-16 23:18:43.082908,India,South Africa,73701.96,INR,Wire,92.99,High,True,Yes
TX-105769,2024-06-30 14:02:42.082908,China,Germany,34975.5,CNY,Wire,66.42,Medium,False,Yes
TX-105770,2024-12-22 18:30:59.082908,UK,India,94445.33,GBP,ACH,0.78,Low,False,Yes
TX-105771,2024-04-29 23:21:43.082908,Canada,China,70955.28,CAD,ACH,10.44,Low,False,Yes
TX-105772,2024-08-05 22:04:06.082908,South Africa,Italy,42237.7,ZAR,SEPA,85.79,High,True,Yes
TX-105773,2024-08-06 12:21:59.082908,Australia,Brazil,42703.83,AUD,RTGS,8.47,Low,False,Yes
TX-105774,2024-06-05 14:25:57.082908,UK,Australia,91876.55,GBP,RTGS,21.35,Low,False,Yes
TX-105775,2025-02-24 14:16:55.082908,UK,UK,57682.83,GBP,SEPA,23.05,Low,False,Yes
TX-105776,2024-11-15 14:23:25.082908,Germany,Australia,70667.28,EUR,Wire,60.02,Medium,False,Yes
TX-105777,2024-08-05 01:16:31.082908,South Africa,Spain,41761.82,ZAR,SEPA,57.66,Medium,False,Yes
TX-105778,2024-05-12 05:02:23.082908,Germany,South Africa,22446.91,EUR,Wire,28.94,Low,False,Yes
TX-105779,2025-01-25 15:40:46.082908,UK,Australia,72383.57,GBP,ACH,20.76,Low,False,Yes
TX-105780,2024-06-22 03:53:26.082908,USA,Japan,60821.59,USD,SWIFT,76.45,High,True,Yes
TX-105781,2024-03-25 02:59:15.082908,Italy,France,50184.15,EUR,SWIFT,93.55,High,True,Yes
TX-105782,2024-10-18 01:35:10.082908,Canada,France,62439.69,CAD,RTGS,5.28,Low,False,Yes
TX-105783,2024-09-15 08:23:57.082908,India,Italy,20907.73,INR,SEPA,13.32,Low,False,Yes
TX-105784,2024-12-12 06:03:07.082908,Italy,Japan,79414.48,EUR,SEPA,64.22,Medium,False,Yes
TX-105785,2025-01-20 03:12:13.082908,Germany,Brazil,94821.46,EUR,SEPA,80.44,High,True,Yes
TX-105786,2024-08-19 02:48:22.082908,Russia,Netherlands,89121.2,RUB,SEPA,79.12,High,True,Yes
TX-105787,2024-07-09 22:58:52.082908,India,Netherlands,32211.43,INR,SWIFT,71.97,High,True,Yes
TX-105788,2025-01-21 22:51:51.082908,UK,Russia,40659.98,GBP,RTGS,88.74,High,True,Yes
TX-105789,2025-01-11 10:15:20.082908,Russia,Germany,80859.39,RUB,SWIFT,21.73,Low,False,Yes
TX-105790,2024-12-14 00:07:22.082908,China,France,59552.2,CNY,Wire,10.73,Low,False,Yes
TX-105791,2025-01-12 03:03:02.082908,France,India,54836.65,EUR,RTGS,61.54,Medium,False,Yes
TX-105792,2024-11-03 22:17:05.082908,Spain,Russia,92671.53,EUR,SEPA,82.23,High,True,Yes
TX-105793,2024-06-18 07:06:44.082908,Netherlands,Canada,53648.89,EUR,ACH,58.2,Medium,False,Yes
TX-105794,2024-10-21 00:06:31.082908,Brazil,France,51542.37,BRL,SEPA,96.3,High,True,Yes
TX-105795,2025-01-13 20:27:47.082908,Netherlands,Italy,4297.66,EUR,Wire,79.56,High,True,Yes
TX-105796,2025-01-12 00:53:07.082908,South Africa,South Africa,7034.75,ZAR,RTGS,70.08,High,True,Yes
TX-105797,2024-03-26 14:31:26.082908,Canada,Spain,841.29,CAD,Wire,6.03,Low,False,Yes
TX-105798,2024-03-31 20:30:02.082908,Canada,Russia,91333.1,CAD,SEPA,10.77,Low,False,Yes
TX-105799,2024-03-30 11:09:06.083904,Italy,Canada,40897.83,EUR,SEPA,78.48,High,True,Yes
TX-105800,2025-03-08 18:10:23.083904,Japan,India,46909.28,JPY,RTGS,19.82,Low,False,Yes
TX-105801,2024-05-31 16:26:02.083904,Italy,Canada,84554.16,EUR,RTGS,2.88,Low,False,Yes
TX-105802,2024-05-16 20:31:23.083904,Japan,Canada,60963.71,JPY,SEPA,91.08,High,True,Yes
TX-105803,2024-08-19 07:45:43.083904,Spain,Brazil,60989.21,EUR,SEPA,89.08,High,True,Yes
TX-105804,2024-11-16 13:34:00.083904,Russia,Germany,29723.79,RUB,RTGS,21.85,Low,False,Yes
TX-105805,2024-05-23 17:33:50.083904,France,Canada,83407.45,EUR,SWIFT,78.02,High,True,Yes
TX-105806,2024-12-19 09:00:55.083904,Japan,UK,16666.41,JPY,RTGS,4.8,Low,False,Yes
TX-105807,2024-12-01 14:49:41.083904,Australia,China,5409.64,AUD,RTGS,28.51,Low,False,Yes
TX-105808,2024-11-18 08:27:47.083904,Netherlands,USA,19241.18,EUR,SEPA,62.37,Medium,False,Yes
TX-105809,2024-07-18 05:54:52.083904,Russia,Canada,26846.95,RUB,RTGS,76.32,High,True,Yes
TX-105810,2024-12-15 14:20:44.083904,USA,Brazil,28302.87,USD,SEPA,1.04,Low,False,Yes
TX-105811,2024-07-20 12:37:11.083904,South Africa,France,67084.31,ZAR,SWIFT,32.62,Low,False,Yes
TX-105812,2025-02-21 05:34:17.083904,Brazil,Japan,21860.68,BRL,SWIFT,21.43,Low,False,Yes
TX-105813,2024-09-10 17:04:49.083904,China,Netherlands,67698.16,CNY,ACH,99.88,High,True,Yes
TX-105814,2025-02-07 05:44:48.083904,China,Australia,9204.1,CNY,RTGS,67.1,Medium,False,Yes
TX-105815,2024-04-25 05:26:03.083904,Japan,South Africa,14805.53,JPY,RTGS,40.57,Medium,False,Yes
TX-105816,2024-11-07 21:53:26.083904,South Africa,Russia,50931.26,ZAR,SWIFT,7.57,Low,False,Yes
TX-105817,2024-05-13 13:41:29.083904,Italy,USA,92197.39,EUR,SEPA,59.87,Medium,False,Yes
TX-105818,2024-03-31 18:41:47.083904,Canada,Italy,85970.8,CAD,Wire,64.17,Medium,False,Yes
TX-105819,2024-09-12 05:34:28.083904,Italy,India,96878.47,EUR,RTGS,81.64,High,True,Yes
TX-105820,2024-07-14 08:24:43.083904,UK,Japan,65082.86,GBP,ACH,28.86,Low,False,Yes
TX-105821,2024-07-28 20:43:25.083904,UK,Netherlands,67613.91,GBP,RTGS,98.14,High,True,Yes
TX-105822,2024-04-11 18:27:28.083904,China,Brazil,62539.8,CNY,Wire,43.95,Medium,False,Yes
TX-105823,2024-03-25 13:56:17.083904,China,UK,62319.61,CNY,SEPA,29.59,Low,False,Yes
TX-105824,2024-03-21 07:16:11.083904,China,Australia,14797.32,CNY,SWIFT,34.84,Low,False,Yes
TX-105825,2024-08-13 04:34:07.083904,South Africa,Australia,54419.52,ZAR,SWIFT,51.96,Medium,False,Yes
TX-105826,2024-08-06 17:26:33.083904,Canada,Japan,38668.19,CAD,ACH,93.67,High,True,Yes
TX-105827,2024-04-28 18:07:07.083904,Netherlands,India,44309.47,EUR,Wire,73.52,High,True,Yes
TX-105828,2024-09-18 08:24:48.083904,Canada,India,52407.7,CAD,ACH,57.71,Medium,False,Yes
TX-105829,2024-06-17 15:44:35.083904,China,Netherlands,12926.78,CNY,Wire,16.28,Low,False,Yes
TX-105830,2025-02-04 01:35:04.083904,South Africa,Japan,36012.82,ZAR,ACH,14.94,Low,False,Yes
TX-105831,2024-06-01 05:05:11.083904,Canada,Brazil,6438.61,CAD,SEPA,50.22,Medium,False,Yes
TX-105832,2024-09-30 07:15:24.083904,South Africa,Canada,97968.85,ZAR,SEPA,72.87,High,True,Yes
TX-105833,2024-12-28 14:15:26.083904,France,Italy,11940.95,EUR,RTGS,75.1,High,True,Yes
TX-105834,2024-11-07 09:10:38.083904,Russia,USA,25926.62,RUB,ACH,22.59,Low,False,Yes
TX-105835,2024-03-23 17:58:34.083904,Japan,China,89140.16,JPY,SEPA,10.01,Low,False,Yes
TX-105836,2024-04-23 22:53:14.083904,Netherlands,Germany,48322.73,EUR,RTGS,38.45,Low,False,Yes
TX-105837,2024-08-06 22:16:29.083904,Spain,Netherlands,13650.16,EUR,Wire,91.82,High,True,Yes
TX-105838,2024-10-24 12:38:42.083904,Netherlands,Russia,38484.63,EUR,Wire,54.54,Medium,False,Yes
TX-105839,2024-11-11 19:29:57.083904,Italy,Brazil,11675.21,EUR,Wire,32.01,Low,False,Yes
TX-105840,2025-02-28 18:36:03.083904,France,USA,20101.58,EUR,SWIFT,32.36,Low,False,Yes
TX-105841,2025-03-15 10:38:28.083904,Italy,Brazil,5297.78,EUR,ACH,13.21,Low,False,Yes
TX-105842,2024-05-05 12:02:03.083904,India,Italy,43878.93,INR,RTGS,47.32,Medium,False,Yes
TX-105843,2024-12-13 03:59:48.083904,Australia,Brazil,80682.95,AUD,SWIFT,79.14,High,True,Yes
TX-105844,2025-01-09 11:57:06.083904,China,Japan,58638.32,CNY,ACH,96.86,High,True,Yes
TX-105845,2024-04-01 11:49:57.083904,China,Brazil,60673.9,CNY,ACH,50.16,Medium,False,Yes
TX-105846,2024-09-28 19:35:25.083904,Australia,Spain,20138.34,AUD,ACH,16.72,Low,False,Yes
TX-105847,2024-06-18 09:58:50.083904,USA,Germany,34454.99,USD,ACH,68.3,Medium,False,Yes
TX-105848,2025-01-30 12:47:43.083904,UK,Brazil,84539.69,GBP,SWIFT,75.68,High,True,Yes
TX-105849,2024-09-13 21:53:35.083904,France,India,8876.83,EUR,RTGS,7.17,Low,False,Yes
TX-105850,2024-07-15 11:58:09.083904,Italy,Netherlands,85807.27,EUR,SEPA,85.01,High,True,Yes
TX-105851,2024-07-29 17:26:40.083904,UK,Russia,48420.63,GBP,SEPA,82.93,High,True,Yes
TX-105852,2024-12-02 00:20:59.083904,China,Netherlands,83731.03,CNY,RTGS,47.25,Medium,False,Yes
TX-105853,2024-07-28 03:58:41.083904,China,Japan,31868.84,CNY,SEPA,56.04,Medium,False,Yes
TX-105854,2024-11-26 22:13:22.083904,India,India,33950.41,INR,SWIFT,71.34,High,True,Yes
TX-105855,2025-02-16 13:49:03.083904,Brazil,China,75185.33,BRL,SWIFT,67.67,Medium,False,Yes
TX-105856,2024-11-27 02:33:56.083904,Italy,USA,78521.12,EUR,ACH,1.65,Low,False,Yes
TX-105857,2024-09-28 13:26:48.083904,USA,China,23041.5,USD,RTGS,12.24,Low,False,Yes
TX-105858,2024-08-12 23:04:12.083904,Italy,Australia,97289.85,EUR,ACH,16.26,Low,False,Yes
TX-105859,2025-01-09 22:13:47.083904,Netherlands,UK,8540.56,EUR,SWIFT,75.57,High,True,Yes
TX-105860,2025-02-18 10:55:43.083904,Netherlands,India,6943.45,EUR,SWIFT,44.01,Medium,False,Yes
TX-105861,2024-10-15 09:00:50.083904,Spain,Netherlands,59590.87,EUR,SWIFT,54.55,Medium,False,Yes
TX-105862,2024-04-11 23:53:28.083904,Brazil,Netherlands,72301.8,BRL,RTGS,77.27,High,True,Yes
TX-105863,2024-06-07 22:23:43.083904,Germany,South Africa,96092.52,EUR,RTGS,34.1,Low,False,Yes
TX-105864,2024-06-24 15:49:58.083904,USA,Japan,40554.08,USD,ACH,74.89,High,True,Yes
TX-105865,2024-05-05 09:56:07.083904,Brazil,Netherlands,2626.61,BRL,SEPA,44.23,Medium,False,Yes
TX-105866,2024-05-19 11:28:29.083904,Australia,Germany,60329.34,AUD,SWIFT,37.72,Low,False,Yes
TX-105867,2025-01-01 06:17:51.083904,Netherlands,UK,29040.63,EUR,SWIFT,33.3,Low,False,Yes
TX-105868,2024-06-30 10:28:59.083904,France,Canada,43351.42,EUR,RTGS,96.49,High,True,Yes
TX-105869,2024-03-31 17:22:29.083904,Netherlands,Spain,48898.1,EUR,RTGS,77.2,High,True,Yes
TX-105870,2024-11-30 20:30:49.083904,Spain,Russia,6544.81,EUR,Wire,2.02,Low,False,Yes
TX-105871,2024-12-01 14:41:16.083904,USA,UK,48649.58,USD,ACH,95.74,High,True,Yes
TX-105872,2024-12-02 00:49:02.083904,Spain,Japan,42689.33,EUR,SEPA,77.54,High,True,Yes
TX-105873,2024-08-23 12:47:29.083904,Russia,Spain,71283.17,RUB,SWIFT,14.92,Low,False,Yes
TX-105874,2025-01-12 06:01:47.083904,South Africa,USA,64602.02,ZAR,ACH,7.63,Low,False,Yes
TX-105875,2024-09-26 09:47:35.083904,France,Italy,18603.05,EUR,Wire,30.82,Low,False,Yes
TX-105876,2024-05-21 13:29:13.083904,France,Australia,20693.28,EUR,ACH,62.42,Medium,False,Yes
TX-105877,2024-12-24 14:25:31.083904,France,Italy,25175.52,EUR,SWIFT,61.65,Medium,False,Yes
TX-105878,2024-12-23 18:41:50.083904,Russia,UK,17977.15,RUB,RTGS,27.59,Low,False,Yes
TX-105879,2024-10-19 15:51:02.083904,Australia,Spain,65755.6,AUD,ACH,44.57,Medium,False,Yes
TX-105880,2024-06-29 17:05:34.083904,Russia,Canada,99443.57,RUB,SEPA,21.19,Low,False,Yes
TX-105881,2025-02-10 12:25:30.083904,Brazil,Spain,65245.62,BRL,SWIFT,5.06,Low,False,Yes
TX-105882,2024-06-30 04:00:21.083904,India,Netherlands,60707.49,INR,ACH,51.7,Medium,False,Yes
TX-105883,2024-06-11 21:40:43.083904,Canada,India,41051.8,CAD,SEPA,34.7,Low,False,Yes
TX-105884,2024-07-24 05:54:48.083904,Russia,Germany,31326.77,RUB,SWIFT,54.29,Medium,False,Yes
TX-105885,2025-01-25 08:35:05.083904,Germany,Russia,91116.27,EUR,RTGS,94.65,High,True,Yes
TX-105886,2024-05-28 09:17:38.083904,UK,Japan,96903.29,GBP,SWIFT,14.34,Low,False,Yes
TX-105887,2024-04-12 23:26:59.083904,France,Russia,49727.94,EUR,SEPA,0.2,Low,False,Yes
TX-105888,2024-12-13 08:27:00.083904,Brazil,South Africa,29091.03,BRL,RTGS,7.69,Low,False,Yes
TX-105889,2024-11-25 04:23:03.083904,Australia,Russia,77035.21,AUD,SWIFT,46.27,Medium,False,Yes
TX-105890,2024-05-16 00:02:25.083904,South Africa,Canada,13332.43,ZAR,SWIFT,70.69,High,True,Yes
TX-105891,2024-10-23 09:14:07.083904,Russia,France,76582.26,RUB,ACH,58.08,Medium,False,Yes
TX-105892,2024-12-01 09:51:52.083904,Spain,France,81912.94,EUR,RTGS,49.49,Medium,False,Yes
TX-105893,2024-05-07 21:53:38.083904,France,Australia,12577.9,EUR,RTGS,35.4,Low,False,Yes
TX-105894,2024-04-20 14:32:38.083904,Brazil,France,97688.46,BRL,ACH,31.0,Low,False,Yes
TX-105895,2024-06-14 08:19:25.083904,Italy,France,98552.68,EUR,Wire,37.63,Low,False,Yes
TX-105896,2024-12-17 12:18:36.083904,China,Germany,93678.28,CNY,SWIFT,61.16,Medium,False,Yes
TX-105897,2024-07-05 19:14:24.083904,India,USA,49653.88,INR,RTGS,16.78,Low,False,Yes
TX-105898,2024-12-19 22:26:11.083904,Canada,Brazil,24682.81,CAD,Wire,77.14,High,True,Yes
TX-105899,2024-08-30 02:19:18.083904,Germany,India,58242.73,EUR,RTGS,57.53,Medium,False,Yes
TX-105900,2024-11-09 01:59:48.083904,Australia,China,42051.39,AUD,SEPA,26.92,Low,False,Yes
TX-105901,2025-01-02 12:58:57.083904,Germany,Italy,20674.27,EUR,ACH,50.12,Medium,False,Yes
TX-105902,2024-07-23 03:54:17.083904,Netherlands,Germany,42425.27,EUR,ACH,96.28,High,True,Yes
TX-105903,2025-02-18 22:46:13.083904,Russia,Netherlands,66422.59,RUB,Wire,2.05,Low,False,Yes
TX-105904,2024-07-06 03:21:05.083904,Italy,France,7184.24,EUR,SEPA,19.95,Low,False,Yes
TX-105905,2024-12-22 09:12:19.083904,Brazil,Netherlands,33408.46,BRL,RTGS,44.84,Medium,False,Yes
TX-105906,2024-10-26 17:13:02.083904,Australia,Netherlands,1877.71,AUD,ACH,63.84,Medium,False,Yes
TX-105907,2025-01-04 05:53:49.083904,South Africa,India,74974.6,ZAR,SEPA,21.22,Low,False,Yes
TX-105908,2024-03-17 23:18:58.083904,Japan,Japan,64105.06,JPY,RTGS,93.14,High,True,Yes
TX-105909,2024-11-22 01:23:37.083904,Russia,Russia,6360.95,RUB,ACH,64.26,Medium,False,Yes
TX-105910,2024-09-19 00:01:22.083904,Spain,Netherlands,96477.28,EUR,Wire,87.74,High,True,Yes
TX-105911,2024-06-03 00:38:32.083904,Russia,USA,2359.89,RUB,RTGS,32.93,Low,False,Yes
TX-105912,2024-08-25 16:15:59.083904,USA,Netherlands,59037.07,USD,ACH,82.9,High,True,Yes
TX-105913,2024-11-25 08:13:17.083904,Japan,Australia,77659.11,JPY,SEPA,37.82,Low,False,Yes
TX-105914,2024-08-08 11:02:08.083904,South Africa,Netherlands,78810.84,ZAR,ACH,25.28,Low,False,Yes
TX-105915,2024-07-04 01:09:29.083904,UK,China,3525.09,GBP,ACH,91.17,High,True,Yes
TX-105916,2024-12-17 05:40:43.083904,Canada,Russia,90650.87,CAD,SWIFT,9.22,Low,False,Yes
TX-105917,2024-11-14 16:58:22.084905,France,Australia,91853.32,EUR,Wire,94.29,High,True,Yes
TX-105918,2024-03-27 09:39:53.084905,Brazil,USA,56182.9,BRL,SWIFT,45.85,Medium,False,Yes
TX-105919,2024-08-30 02:26:11.084905,Japan,Spain,48260.11,JPY,ACH,99.26,High,True,Yes
TX-105920,2024-12-13 11:58:53.084905,Italy,USA,4582.26,EUR,RTGS,53.96,Medium,False,Yes
TX-105921,2024-04-08 16:20:36.084905,UK,China,56239.22,GBP,Wire,75.75,High,True,Yes
TX-105922,2024-04-14 03:08:48.084905,South Africa,Australia,40996.97,ZAR,RTGS,0.71,Low,False,Yes
TX-105923,2024-12-08 14:33:57.084905,Russia,Spain,77303.36,RUB,RTGS,49.67,Medium,False,Yes
TX-105924,2024-03-20 20:41:01.084905,Japan,France,40447.97,JPY,Wire,73.75,High,True,Yes
TX-105925,2025-02-02 09:09:01.084905,Netherlands,Spain,68389.73,EUR,Wire,78.28,High,True,Yes
TX-105926,2024-05-10 19:09:42.084905,China,Canada,10230.67,CNY,SEPA,15.8,Low,False,Yes
TX-105927,2024-04-17 04:43:28.084905,USA,USA,13381.93,USD,RTGS,41.9,Medium,False,Yes
TX-105928,2024-04-04 18:56:02.084905,UK,Spain,14057.05,GBP,SEPA,41.91,Medium,False,Yes
TX-105929,2025-02-16 19:55:46.084905,Germany,Netherlands,4648.0,EUR,SWIFT,10.36,Low,False,Yes
TX-105930,2024-08-10 21:52:11.084905,Netherlands,Brazil,54178.75,EUR,Wire,44.3,Medium,False,Yes
TX-105931,2024-06-11 17:20:17.084905,Russia,UK,79417.38,RUB,SWIFT,80.71,High,True,Yes
TX-105932,2025-01-16 23:09:54.084905,Germany,Italy,61080.08,EUR,RTGS,30.02,Low,False,Yes
TX-105933,2024-12-02 09:21:33.084905,Russia,Spain,57537.99,RUB,ACH,43.26,Medium,False,Yes
TX-105934,2024-06-25 17:03:09.084905,USA,USA,68094.33,USD,RTGS,96.1,High,True,Yes
TX-105935,2025-01-01 10:37:59.084905,Germany,Canada,34030.57,EUR,SWIFT,3.17,Low,False,Yes
TX-105936,2025-01-10 21:55:28.084905,USA,Italy,36259.21,USD,ACH,59.15,Medium,False,Yes
TX-105937,2025-01-07 06:14:10.084905,Australia,Australia,31495.58,AUD,Wire,74.34,High,True,Yes
TX-105938,2024-07-25 10:14:57.084905,USA,Germany,71239.68,USD,Wire,76.09,High,True,Yes
TX-105939,2024-08-20 11:24:32.084905,Netherlands,Canada,16247.87,EUR,ACH,71.59,High,True,Yes
TX-105940,2025-02-22 10:56:55.084905,Spain,Japan,1401.23,EUR,SWIFT,72.65,High,True,Yes
TX-105941,2024-06-15 04:09:13.084905,Brazil,Japan,59660.03,BRL,SEPA,5.9,Low,False,Yes
TX-105942,2024-11-08 05:41:14.084905,Germany,Netherlands,94243.9,EUR,ACH,53.41,Medium,False,Yes
TX-105943,2025-02-11 23:55:53.084905,France,UK,60979.85,EUR,Wire,78.3,High,True,Yes
TX-105944,2025-02-28 02:30:08.084905,Spain,Italy,78313.87,EUR,ACH,9.41,Low,False,Yes
TX-105945,2024-06-11 05:07:50.084905,Russia,Canada,67311.79,RUB,ACH,1.2,Low,False,Yes
TX-105946,2024-06-27 04:32:31.084905,Australia,Netherlands,49793.92,AUD,SEPA,81.46,High,True,Yes
TX-105947,2024-10-17 00:53:38.084905,Japan,Australia,71867.4,JPY,Wire,71.23,High,True,Yes
TX-105948,2024-08-28 16:12:49.084905,Italy,USA,82428.0,EUR,ACH,41.22,Medium,False,Yes
TX-105949,2024-09-25 09:29:25.084905,India,UK,22550.69,INR,ACH,94.04,High,True,Yes
TX-105950,2024-06-11 11:52:36.084905,Netherlands,South Africa,33679.44,EUR,SWIFT,76.66,High,True,Yes
TX-105951,2025-03-15 02:24:14.084905,Canada,India,22450.2,CAD,Wire,96.79,High,True,Yes
TX-105952,2024-06-25 16:49:12.084905,India,France,45272.08,INR,SWIFT,92.93,High,True,Yes
TX-105953,2025-03-16 01:26:58.084905,USA,Germany,88517.95,USD,SWIFT,48.13,Medium,False,Yes
TX-105954,2024-11-22 10:07:18.084905,Germany,Australia,34586.19,EUR,ACH,75.47,High,True,Yes
TX-105955,2024-07-12 09:53:13.084905,Spain,Italy,37509.24,EUR,RTGS,66.92,Medium,False,Yes
TX-105956,2025-03-13 19:59:53.084905,Australia,Spain,86050.69,AUD,SWIFT,81.14,High,True,Yes
TX-105957,2024-04-18 20:19:30.084905,China,France,51585.9,CNY,SEPA,78.77,High,True,Yes
TX-105958,2024-08-28 16:43:02.084905,Australia,Spain,53591.36,AUD,SEPA,15.32,Low,False,Yes
TX-105959,2025-02-25 13:36:55.084905,UK,Italy,86094.04,GBP,RTGS,23.37,Low,False,Yes
TX-105960,2025-02-23 20:34:03.084905,Russia,Netherlands,49103.62,RUB,Wire,26.57,Low,False,Yes
TX-105961,2024-12-29 11:20:50.084905,Australia,UK,68187.6,AUD,SWIFT,81.85,High,True,Yes
TX-105962,2024-10-27 23:14:12.084905,China,Japan,8655.9,CNY,SEPA,81.07,High,True,Yes
TX-105963,2024-10-07 00:29:06.084905,Japan,South Africa,17945.31,JPY,SEPA,49.53,Medium,False,Yes
TX-105964,2024-03-29 01:05:29.084905,Spain,France,40497.18,EUR,ACH,58.08,Medium,False,Yes
TX-105965,2024-07-15 21:42:47.084905,Spain,Canada,49534.42,EUR,Wire,82.69,High,True,Yes
TX-105966,2024-11-16 05:18:54.084905,UK,Australia,96576.8,GBP,Wire,31.26,Low,False,Yes
TX-105967,2024-09-20 19:10:43.084905,Russia,India,97068.1,RUB,RTGS,5.02,Low,False,Yes
TX-105968,2024-06-16 11:09:34.084905,Netherlands,Russia,85134.59,EUR,ACH,48.26,Medium,False,Yes
TX-105969,2024-05-29 21:34:30.084905,France,Australia,31628.32,EUR,SWIFT,91.37,High,True,Yes
TX-105970,2024-12-17 18:16:15.084905,Brazil,UK,96406.43,BRL,Wire,79.05,High,True,Yes
TX-105971,2024-05-27 13:32:36.084905,Russia,UK,68965.15,RUB,ACH,36.66,Low,False,Yes
TX-105972,2024-12-26 06:41:50.084905,Brazil,Spain,39354.72,BRL,Wire,6.48,Low,False,Yes
TX-105973,2024-03-30 11:50:45.084905,Canada,Brazil,70197.32,CAD,Wire,63.69,Medium,False,Yes
TX-105974,2025-01-02 15:35:00.084905,France,Italy,1750.62,EUR,ACH,83.45,High,True,Yes
TX-105975,2024-04-01 01:19:36.084905,USA,USA,14700.85,USD,SWIFT,66.49,Medium,False,Yes
TX-105976,2024-05-16 22:54:17.084905,Italy,Spain,82985.6,EUR,SEPA,42.51,Medium,False,Yes
TX-105977,2025-01-30 16:28:15.084905,USA,Netherlands,64592.81,USD,SEPA,12.34,Low,False,Yes
TX-105978,2025-01-19 04:32:10.084905,UK,Russia,36483.05,GBP,RTGS,91.08,High,True,Yes
TX-105979,2025-02-04 23:53:13.084905,Russia,Brazil,50116.6,RUB,RTGS,27.6,Low,False,Yes
TX-105980,2024-11-21 09:43:49.084905,China,Germany,90523.7,CNY,Wire,22.43,Low,False,Yes
TX-105981,2025-02-19 04:16:11.084905,South Africa,Canada,63194.65,ZAR,RTGS,81.6,High,True,Yes
TX-105982,2025-02-13 18:41:06.084905,Germany,Germany,39875.11,EUR,RTGS,98.12,High,True,Yes
TX-105983,2024-05-09 19:35:12.084905,Russia,France,12120.63,RUB,SEPA,66.02,Medium,False,Yes
TX-105984,2024-05-23 04:09:48.084905,Germany,USA,29445.31,EUR,RTGS,62.48,Medium,False,Yes
TX-105985,2024-07-15 09:01:25.084905,India,UK,97836.19,INR,Wire,31.94,Low,False,Yes
TX-105986,2025-01-15 13:55:25.084905,Germany,Italy,43792.57,EUR,RTGS,2.04,Low,False,Yes
TX-105987,2024-05-03 02:03:48.084905,India,Italy,47236.76,INR,SWIFT,19.18,Low,False,Yes
TX-105988,2024-04-07 06:01:40.084905,Germany,Brazil,49909.94,EUR,SEPA,58.44,Medium,False,Yes
TX-105989,2025-02-27 19:30:13.084905,France,Spain,88421.99,EUR,Wire,15.13,Low,False,Yes
TX-105990,2024-11-06 17:39:08.084905,India,Netherlands,60432.44,INR,ACH,88.38,High,True,Yes
TX-105991,2024-11-29 08:59:31.084905,Italy,USA,69398.34,EUR,ACH,18.81,Low,False,Yes
TX-105992,2024-06-10 06:14:07.084905,Japan,UK,39002.41,JPY,SWIFT,52.21,Medium,False,Yes
TX-105993,2024-05-02 17:36:13.084905,USA,India,3005.85,USD,SWIFT,51.2,Medium,False,Yes
TX-105994,2024-05-14 20:07:24.084905,Russia,Germany,93104.19,RUB,RTGS,60.39,Medium,False,Yes
TX-105995,2024-03-28 21:38:46.084905,South Africa,Australia,94917.86,ZAR,RTGS,32.74,Low,False,Yes
TX-105996,2024-03-23 03:29:47.084905,South Africa,India,94920.39,ZAR,RTGS,87.35,High,True,Yes
TX-105997,2024-05-28 19:56:04.084905,India,France,94374.34,INR,ACH,44.43,Medium,False,Yes
TX-105998,2024-11-04 07:11:48.084905,USA,Canada,81542.67,USD,SEPA,70.02,High,True,Yes
TX-105999,2025-03-13 16:06:28.084905,Australia,Italy,68491.15,AUD,SWIFT,63.59,Medium,False,Yes
TX-106000,2024-05-07 18:38:18.084905,Netherlands,Australia,84466.54,EUR,SWIFT,11.72,Low,False,Yes
TX-106001,2024-04-12 05:17:15.084905,UK,Japan,60094.57,GBP,ACH,62.26,Medium,False,Yes
TX-106002,2025-03-17 00:00:57.084905,India,Australia,13523.52,INR,RTGS,55.07,Medium,False,Yes
TX-106003,2025-01-14 10:21:34.084905,UK,South Africa,39182.69,GBP,SEPA,89.86,High,True,Yes
TX-106004,2024-12-20 16:13:15.084905,China,India,97132.36,CNY,SEPA,88.09,High,True,Yes
TX-106005,2024-07-01 15:38:45.084905,South Africa,Brazil,35178.67,ZAR,Wire,15.1,Low,False,Yes
TX-106006,2025-01-19 16:49:13.084905,USA,UK,86796.01,USD,ACH,8.17,Low,False,Yes
TX-106007,2025-03-03 20:21:52.084905,Germany,Spain,9411.83,EUR,RTGS,29.46,Low,False,Yes
TX-106008,2024-12-03 13:44:23.084905,France,South Africa,33484.97,EUR,RTGS,98.66,High,True,Yes
TX-106009,2024-08-24 13:26:30.084905,China,South Africa,35160.24,CNY,SEPA,2.16,Low,False,Yes
TX-106010,2024-11-27 17:28:26.084905,South Africa,South Africa,5255.09,ZAR,SEPA,67.29,Medium,False,Yes
TX-106011,2024-07-07 09:00:14.084905,France,Netherlands,11997.52,EUR,RTGS,60.85,Medium,False,Yes
TX-106012,2024-09-27 14:56:39.084905,Brazil,Italy,19397.2,BRL,SEPA,64.66,Medium,False,Yes
TX-106013,2024-05-14 05:11:31.084905,Brazil,Japan,83797.78,BRL,ACH,21.83,Low,False,Yes
TX-106014,2024-10-13 21:22:52.084905,India,Brazil,6433.86,INR,ACH,22.67,Low,False,Yes
TX-106015,2025-03-16 05:34:16.084905,France,Netherlands,29940.22,EUR,SWIFT,43.06,Medium,False,Yes
TX-106016,2024-07-05 02:58:54.084905,Italy,Brazil,1116.48,EUR,SWIFT,9.59,Low,False,Yes
TX-106017,2024-06-13 11:57:46.084905,Netherlands,Russia,69593.21,EUR,SEPA,7.46,Low,False,Yes
TX-106018,2024-03-31 01:28:11.084905,Italy,Russia,62068.28,EUR,ACH,8.84,Low,False,Yes
TX-106019,2025-01-07 02:17:44.084905,Russia,Italy,64533.73,RUB,RTGS,57.3,Medium,False,Yes
TX-106020,2024-10-10 23:40:03.084905,Spain,UK,37500.84,EUR,ACH,39.77,Low,False,Yes
TX-106021,2024-10-01 21:36:54.084905,Australia,Canada,20905.96,AUD,ACH,29.36,Low,False,Yes
TX-106022,2024-05-27 05:10:25.084905,France,Canada,72059.99,EUR,RTGS,31.58,Low,False,Yes
TX-106023,2024-06-03 07:59:48.084905,Germany,South Africa,81130.68,EUR,ACH,20.73,Low,False,Yes
TX-106024,2024-09-05 14:35:51.084905,Australia,USA,13946.29,AUD,RTGS,41.15,Medium,False,Yes
TX-106025,2024-04-19 15:35:22.084905,France,UK,48734.26,EUR,SEPA,20.31,Low,False,Yes
TX-106026,2024-03-23 21:31:02.084905,India,UK,24946.7,INR,ACH,69.8,Medium,False,Yes
TX-106027,2024-04-09 23:04:28.084905,Japan,Spain,16893.88,JPY,ACH,12.39,Low,False,Yes
TX-106028,2024-05-26 10:29:42.084905,Russia,Japan,73459.1,RUB,RTGS,94.82,High,True,Yes
TX-106029,2024-10-18 22:30:21.084905,China,USA,53855.88,CNY,ACH,8.98,Low,False,Yes
TX-106030,2024-05-09 19:58:04.084905,Italy,South Africa,21696.91,EUR,SWIFT,94.35,High,True,Yes
TX-106031,2025-02-10 01:05:58.084905,China,India,31069.0,CNY,RTGS,83.33,High,True,Yes
TX-106032,2024-10-06 09:11:34.084905,Canada,Germany,96668.7,CAD,SWIFT,68.07,Medium,False,Yes
TX-106033,2024-04-30 23:23:15.084905,USA,USA,84883.09,USD,ACH,91.23,High,True,Yes
TX-106034,2024-10-01 05:45:34.085904,Japan,India,88006.68,JPY,RTGS,13.92,Low,False,Yes
TX-106035,2025-01-19 19:00:41.085904,India,Russia,46055.21,INR,Wire,17.63,Low,False,Yes
TX-106036,2025-02-12 13:23:13.085904,Russia,Spain,62418.35,RUB,Wire,25.22,Low,False,Yes
TX-106037,2024-08-29 16:25:08.085904,Russia,Italy,37739.1,RUB,SEPA,24.48,Low,False,Yes
TX-106038,2024-12-16 03:48:35.085904,Spain,China,7863.43,EUR,ACH,31.08,Low,False,Yes
TX-106039,2024-06-28 02:16:06.085904,Japan,Brazil,40166.82,JPY,Wire,57.56,Medium,False,Yes
TX-106040,2025-02-12 16:18:12.085904,India,USA,59438.68,INR,SWIFT,2.82,Low,False,Yes
TX-106041,2024-11-17 00:37:35.085904,China,Italy,28785.71,CNY,Wire,38.23,Low,False,Yes
TX-106042,2024-07-11 04:05:30.085904,China,Australia,84810.26,CNY,Wire,24.64,Low,False,Yes
TX-106043,2024-07-20 04:25:35.085904,France,France,15194.91,EUR,Wire,60.66,Medium,False,Yes
TX-106044,2024-09-26 16:17:42.085904,France,France,36776.2,EUR,SWIFT,98.52,High,True,Yes
TX-106045,2024-06-24 18:26:00.085904,India,Australia,12577.9,INR,ACH,51.77,Medium,False,Yes
TX-106046,2024-03-22 01:00:41.085904,Canada,Canada,40542.73,CAD,ACH,42.57,Medium,False,Yes
TX-106047,2024-09-02 17:41:12.085904,Australia,South Africa,4062.16,AUD,SWIFT,36.82,Low,False,Yes
TX-106048,2024-11-25 19:46:39.085904,Canada,Italy,27327.68,CAD,RTGS,78.49,High,True,Yes
TX-106049,2024-04-18 15:01:04.085904,Spain,Germany,40133.45,EUR,SWIFT,7.2,Low,False,Yes
TX-106050,2024-04-22 22:29:43.085904,France,China,47868.72,EUR,Wire,95.98,High,True,Yes
TX-106051,2025-02-21 18:19:31.085904,India,UK,54415.27,INR,SWIFT,41.79,Medium,False,Yes
TX-106052,2024-09-15 19:04:23.085904,Spain,Brazil,27571.61,EUR,SWIFT,31.37,Low,False,Yes
TX-106053,2024-12-07 09:25:18.085904,Russia,Japan,52351.83,RUB,Wire,97.41,High,True,Yes
TX-106054,2024-05-02 01:10:53.085904,France,UK,50949.56,EUR,ACH,93.59,High,True,Yes
TX-106055,2024-04-05 12:04:53.085904,France,Germany,31686.19,EUR,ACH,64.19,Medium,False,Yes
TX-106056,2024-10-22 20:45:56.085904,India,France,83037.01,INR,Wire,1.85,Low,False,Yes
TX-106057,2024-11-23 11:18:38.085904,Brazil,South Africa,54609.55,BRL,SWIFT,74.85,High,True,Yes
TX-106058,2024-05-01 15:55:00.085904,Netherlands,Canada,33293.74,EUR,Wire,33.56,Low,False,Yes
TX-106059,2024-03-31 05:00:43.085904,India,Russia,94739.12,INR,ACH,38.83,Low,False,Yes
TX-106060,2025-01-29 22:35:21.085904,France,France,84526.73,EUR,ACH,15.87,Low,False,Yes
TX-106061,2024-04-13 18:25:39.085904,Germany,Brazil,98260.52,EUR,SEPA,52.35,Medium,False,Yes
TX-106062,2024-08-21 11:54:37.085904,UK,Germany,69254.16,GBP,Wire,74.46,High,True,Yes
TX-106063,2025-02-13 09:54:58.085904,Japan,India,37884.47,JPY,RTGS,27.3,Low,False,Yes
TX-106064,2024-09-08 10:16:56.085904,South Africa,Russia,28157.98,ZAR,SWIFT,93.87,High,True,Yes
TX-106065,2025-02-11 11:15:45.085904,Germany,Italy,66365.45,EUR,SEPA,19.47,Low,False,Yes
TX-106066,2024-10-05 21:49:21.085904,Netherlands,Germany,98083.58,EUR,RTGS,6.63,Low,False,Yes
TX-106067,2024-11-11 07:12:21.085904,USA,Australia,62708.84,USD,SWIFT,64.44,Medium,False,Yes
TX-106068,2024-06-20 01:08:21.085904,South Africa,Brazil,88173.33,ZAR,Wire,84.93,High,True,Yes
TX-106069,2024-08-05 01:27:51.085904,Russia,South Africa,32977.43,RUB,ACH,95.31,High,True,Yes
TX-106070,2024-07-04 06:39:12.085904,South Africa,South Africa,40754.68,ZAR,ACH,76.72,High,True,Yes
TX-106071,2025-02-24 18:37:59.085904,South Africa,Canada,90636.9,ZAR,ACH,19.97,Low,False,Yes
TX-106072,2025-02-15 01:26:14.085904,China,Brazil,75710.98,CNY,RTGS,97.77,High,True,Yes
TX-106073,2024-04-29 20:51:44.085904,Italy,Brazil,98142.89,EUR,RTGS,91.94,High,True,Yes
TX-106074,2024-11-01 22:55:59.085904,India,Japan,77498.94,INR,RTGS,16.32,Low,False,Yes
TX-106075,2024-12-01 23:12:42.085904,Spain,China,44906.72,EUR,SEPA,55.88,Medium,False,Yes
TX-106076,2024-06-19 22:44:46.085904,India,UK,53153.7,INR,SEPA,55.55,Medium,False,Yes
TX-106077,2024-04-18 00:51:30.085904,UK,Germany,90061.5,GBP,RTGS,44.25,Medium,False,Yes
TX-106078,2024-11-02 21:38:45.085904,Brazil,Russia,55209.51,BRL,RTGS,98.43,High,True,Yes
TX-106079,2025-03-12 18:22:38.085904,USA,China,25614.2,USD,SEPA,5.96,Low,False,Yes
TX-106080,2025-02-13 19:55:51.085904,India,India,43618.42,INR,SWIFT,62.72,Medium,False,Yes
TX-106081,2024-06-11 20:53:15.085904,Australia,India,51679.97,AUD,SEPA,20.53,Low,False,Yes
TX-106082,2025-01-22 09:33:38.085904,France,UK,9762.31,EUR,SWIFT,52.73,Medium,False,Yes
TX-106083,2024-08-04 20:48:33.085904,France,Germany,74401.89,EUR,SEPA,77.97,High,True,Yes
TX-106084,2024-06-08 18:26:32.085904,Netherlands,Canada,11024.46,EUR,SEPA,24.67,Low,False,Yes
TX-106085,2024-05-04 08:13:21.085904,Italy,UK,40551.28,EUR,SEPA,39.34,Low,False,Yes
TX-106086,2024-06-02 19:02:28.085904,Italy,Italy,80481.78,EUR,ACH,95.08,High,True,Yes
TX-106087,2024-12-27 03:44:50.085904,Italy,USA,46810.28,EUR,SEPA,76.15,High,True,Yes
TX-106088,2024-04-27 04:33:16.085904,Brazil,France,84217.35,BRL,SWIFT,57.27,Medium,False,Yes
TX-106089,2024-12-24 12:55:58.085904,USA,Germany,34253.94,USD,Wire,22.2,Low,False,Yes
TX-106090,2024-12-11 18:48:48.085904,China,Netherlands,95767.87,CNY,SWIFT,42.53,Medium,False,Yes
TX-106091,2024-07-22 19:12:14.085904,Brazil,UK,21025.9,BRL,ACH,77.41,High,True,Yes
TX-106092,2024-11-26 09:25:25.085904,China,Italy,3922.59,CNY,RTGS,82.05,High,True,Yes
TX-106093,2025-02-17 06:11:11.085904,Russia,USA,87255.41,RUB,SWIFT,24.46,Low,False,Yes
TX-106094,2024-05-17 14:39:02.085904,Germany,China,75245.05,EUR,ACH,66.21,Medium,False,Yes
TX-106095,2024-12-10 03:41:06.085904,Spain,Germany,23275.19,EUR,ACH,9.5,Low,False,Yes
TX-106096,2024-11-12 07:17:19.085904,Brazil,Canada,98475.69,BRL,SWIFT,2.32,Low,False,Yes
TX-106097,2024-06-20 15:36:01.085904,Brazil,Russia,50277.78,BRL,Wire,54.87,Medium,False,Yes
TX-106098,2025-01-04 01:26:23.085904,Germany,USA,95111.44,EUR,RTGS,22.44,Low,False,Yes
TX-106099,2024-12-14 11:31:43.085904,India,Italy,50552.37,INR,SWIFT,7.89,Low,False,Yes
TX-106100,2024-08-29 18:01:59.085904,Japan,Italy,47240.27,JPY,SWIFT,72.98,High,True,Yes
TX-106101,2024-11-22 07:25:49.085904,India,Japan,44968.94,INR,RTGS,49.8,Medium,False,Yes
TX-106102,2024-08-05 16:13:32.085904,South Africa,France,33554.04,ZAR,Wire,79.63,High,True,Yes
TX-106103,2024-12-21 04:13:22.085904,Australia,Brazil,53416.78,AUD,SWIFT,66.39,Medium,False,Yes
TX-106104,2024-08-04 21:24:26.085904,Netherlands,India,45310.21,EUR,SWIFT,72.98,High,True,Yes
TX-106105,2024-06-27 17:26:04.085904,India,Germany,3771.01,INR,Wire,30.74,Low,False,Yes
TX-106106,2024-05-19 02:49:10.085904,Spain,Germany,26117.48,EUR,SWIFT,26.33,Low,False,Yes
TX-106107,2025-01-17 05:44:58.085904,Japan,Spain,21390.97,JPY,SWIFT,60.09,Medium,False,Yes
TX-106108,2024-04-26 04:11:15.085904,France,Italy,86756.82,EUR,RTGS,20.01,Low,False,Yes
TX-106109,2024-03-25 09:17:02.085904,Russia,Australia,59927.11,RUB,SWIFT,81.54,High,True,Yes
TX-106110,2024-10-28 09:32:56.085904,UK,USA,76391.94,GBP,Wire,52.29,Medium,False,Yes
TX-106111,2024-11-08 07:03:59.085904,Russia,Japan,95686.92,RUB,ACH,22.7,Low,False,Yes
TX-106112,2024-04-07 22:41:01.085904,India,Italy,64439.52,INR,RTGS,62.52,Medium,False,Yes
TX-106113,2024-04-26 09:09:39.085904,Netherlands,India,98262.74,EUR,Wire,94.5,High,True,Yes
TX-106114,2024-09-11 19:27:03.085904,Japan,USA,31245.23,JPY,Wire,8.21,Low,False,Yes
TX-106115,2025-01-29 08:37:18.085904,UK,France,18708.09,GBP,SEPA,10.93,Low,False,Yes
TX-106116,2025-03-05 22:55:08.085904,France,Canada,40390.66,EUR,Wire,84.38,High,True,Yes
TX-106117,2025-01-04 02:20:00.085904,Canada,France,47132.86,CAD,Wire,10.96,Low,False,Yes
TX-106118,2024-06-11 07:52:11.085904,Australia,Spain,89546.62,AUD,RTGS,3.94,Low,False,Yes
TX-106119,2024-09-10 17:44:48.085904,UK,France,56038.05,GBP,SWIFT,34.79,Low,False,Yes
TX-106120,2025-02-23 07:15:40.085904,Brazil,Spain,29288.88,BRL,SEPA,46.67,Medium,False,Yes
TX-106121,2024-11-24 12:06:13.085904,France,Brazil,74289.16,EUR,ACH,56.94,Medium,False,Yes
TX-106122,2024-10-25 22:24:33.085904,Brazil,Italy,50632.61,BRL,SEPA,50.73,Medium,False,Yes
TX-106123,2024-10-04 12:52:48.085904,South Africa,Germany,16296.98,ZAR,SWIFT,91.32,High,True,Yes
TX-106124,2024-06-14 10:33:59.085904,Japan,Spain,57724.3,JPY,SWIFT,76.87,High,True,Yes
TX-106125,2024-08-01 07:02:53.085904,South Africa,Netherlands,91148.31,ZAR,RTGS,98.38,High,True,Yes
TX-106126,2024-08-30 01:40:33.085904,Netherlands,USA,84278.0,EUR,SEPA,47.65,Medium,False,Yes
TX-106127,2025-02-23 07:51:06.085904,UK,UK,58722.32,GBP,ACH,8.43,Low,False,Yes
TX-106128,2024-10-24 06:46:13.085904,India,USA,37770.61,INR,Wire,95.55,High,True,Yes
TX-106129,2025-01-31 23:52:26.085904,Netherlands,USA,8789.18,EUR,RTGS,0.41,Low,False,Yes
TX-106130,2024-12-30 17:19:11.085904,Spain,USA,47017.93,EUR,SWIFT,77.61,High,True,Yes
TX-106131,2024-06-25 07:11:30.085904,India,India,75232.74,INR,SEPA,3.13,Low,False,Yes
TX-106132,2024-06-01 18:30:05.085904,Canada,Brazil,36091.34,CAD,SEPA,76.12,High,True,Yes
TX-106133,2024-09-06 11:43:43.085904,Germany,Spain,23621.14,EUR,RTGS,93.79,High,True,Yes
TX-106134,2024-10-20 14:57:52.085904,Spain,Germany,93144.83,EUR,Wire,38.93,Low,False,Yes
TX-106135,2024-03-27 23:39:18.085904,Germany,France,82173.41,EUR,SEPA,24.1,Low,False,Yes
TX-106136,2024-03-28 21:07:46.085904,Brazil,Australia,63863.73,BRL,SWIFT,22.63,Low,False,Yes
TX-106137,2024-06-03 07:35:46.085904,Russia,France,13764.66,RUB,SWIFT,49.17,Medium,False,Yes
TX-106138,2024-06-21 02:57:31.085904,France,Netherlands,14576.39,EUR,ACH,17.09,Low,False,Yes
TX-106139,2024-12-15 02:49:45.085904,Italy,China,10411.64,EUR,SEPA,67.29,Medium,False,Yes
TX-106140,2024-09-11 17:20:38.085904,South Africa,Canada,61668.04,ZAR,SEPA,36.84,Low,False,Yes
TX-106141,2024-07-26 22:15:25.085904,Netherlands,Italy,11644.72,EUR,ACH,32.31,Low,False,Yes
TX-106142,2024-12-13 16:25:09.085904,Spain,UK,84278.46,EUR,ACH,46.13,Medium,False,Yes
TX-106143,2025-02-12 08:14:19.085904,Spain,France,99297.2,EUR,ACH,54.26,Medium,False,Yes
TX-106144,2025-02-20 17:38:27.085904,France,Australia,36698.18,EUR,RTGS,14.19,Low,False,Yes
TX-106145,2024-12-15 08:56:19.085904,China,Spain,45421.62,CNY,ACH,70.78,High,True,Yes
TX-106146,2024-09-12 20:17:15.085904,France,Spain,71195.55,EUR,SEPA,88.29,High,True,Yes
TX-106147,2024-06-03 21:34:42.085904,Australia,France,93721.59,AUD,SWIFT,27.8,Low,False,Yes
TX-106148,2024-05-16 20:59:03.085904,Russia,Canada,89419.97,RUB,SEPA,18.04,Low,False,Yes
TX-106149,2024-07-15 22:13:09.085904,Canada,Canada,5853.42,CAD,SWIFT,76.05,High,True,Yes
TX-106150,2024-04-20 06:25:48.085904,Australia,India,16990.27,AUD,RTGS,18.35,Low,False,Yes
TX-106151,2024-04-03 05:33:11.085904,USA,USA,75484.26,USD,Wire,4.13,Low,False,Yes
TX-106152,2024-04-06 00:33:51.085904,Russia,India,68920.42,RUB,ACH,61.92,Medium,False,Yes
TX-106153,2025-01-26 00:01:47.086904,India,Japan,13408.54,INR,SWIFT,23.98,Low,False,Yes
TX-106154,2024-10-18 02:27:24.086904,China,South Africa,50256.25,CNY,RTGS,17.18,Low,False,Yes
TX-106155,2024-10-08 16:39:19.086904,China,Russia,78103.38,CNY,Wire,98.16,High,True,Yes
TX-106156,2024-05-13 02:04:35.086904,China,UK,21956.19,CNY,RTGS,29.19,Low,False,Yes
TX-106157,2024-09-19 17:08:23.086904,Canada,Spain,87141.63,CAD,SEPA,90.34,High,True,Yes
TX-106158,2025-03-02 00:24:29.086904,Australia,Spain,5391.88,AUD,SEPA,17.82,Low,False,Yes
TX-106159,2024-08-01 22:02:01.086904,Netherlands,Brazil,78241.29,EUR,RTGS,81.9,High,True,Yes
TX-106160,2024-05-06 20:43:46.086904,Germany,South Africa,61620.31,EUR,SWIFT,50.2,Medium,False,Yes
TX-106161,2024-06-12 07:25:30.086904,Japan,Spain,31588.41,JPY,Wire,7.86,Low,False,Yes
TX-106162,2024-06-09 01:08:09.086904,Canada,Brazil,72121.16,CAD,SEPA,73.36,High,True,Yes
TX-106163,2024-04-28 10:10:09.086904,Russia,South Africa,78258.34,RUB,Wire,89.21,High,True,Yes
TX-106164,2024-05-13 00:30:00.086904,India,China,93396.51,INR,RTGS,16.3,Low,False,Yes
TX-106165,2024-09-29 07:02:54.086904,Italy,Japan,36840.69,EUR,SWIFT,72.56,High,True,Yes
TX-106166,2024-08-30 07:25:24.086904,Japan,China,68633.07,JPY,SEPA,44.51,Medium,False,Yes
TX-106167,2024-12-05 12:16:22.086904,France,Spain,60301.37,EUR,Wire,75.39,High,True,Yes
TX-106168,2024-11-25 10:13:46.086904,Italy,Germany,52568.09,EUR,SEPA,71.39,High,True,Yes
TX-106169,2024-04-11 17:34:56.086904,USA,India,89052.61,USD,SWIFT,2.66,Low,False,Yes
TX-106170,2024-11-18 14:05:45.086904,Russia,France,416.41,RUB,Wire,17.87,Low,False,Yes
TX-106171,2024-12-07 04:04:51.086904,Russia,Germany,28282.95,RUB,SEPA,47.1,Medium,False,Yes
TX-106172,2024-04-05 17:46:56.086904,UK,China,53873.9,GBP,SWIFT,93.36,High,True,Yes
TX-106173,2024-11-09 12:45:12.086904,UK,Italy,17911.5,GBP,SWIFT,34.21,Low,False,Yes
TX-106174,2024-11-18 14:49:27.086904,Germany,Canada,90795.87,EUR,SEPA,62.89,Medium,False,Yes
TX-106175,2024-08-13 16:00:51.086904,Spain,Netherlands,64794.75,EUR,SWIFT,1.21,Low,False,Yes
TX-106176,2024-03-27 01:30:22.086904,Italy,Canada,47840.51,EUR,RTGS,71.11,High,True,Yes
TX-106177,2024-08-13 05:27:46.086904,China,UK,81488.71,CNY,RTGS,60.31,Medium,False,Yes
TX-106178,2024-12-07 04:34:08.086904,Netherlands,India,45143.53,EUR,SWIFT,71.54,High,True,Yes
TX-106179,2025-03-02 07:49:22.086904,Netherlands,Brazil,55909.44,EUR,Wire,90.47,High,True,Yes
TX-106180,2025-03-07 16:03:12.086904,Australia,China,374.82,AUD,ACH,14.65,Low,False,Yes
TX-106181,2024-04-20 03:46:54.086904,UK,Canada,36633.48,GBP,SWIFT,26.16,Low,False,Yes
TX-106182,2024-08-02 10:11:34.086904,Spain,USA,13965.17,EUR,SWIFT,99.58,High,True,Yes
TX-106183,2024-09-16 07:54:00.086904,Russia,China,68999.9,RUB,SWIFT,15.63,Low,False,Yes
TX-106184,2024-05-09 22:43:00.086904,Brazil,Netherlands,47954.79,BRL,RTGS,72.06,High,True,Yes
TX-106185,2024-09-01 13:50:21.086904,UK,Netherlands,30245.58,GBP,RTGS,72.51,High,True,Yes
TX-106186,2024-08-06 18:03:35.086904,South Africa,India,46836.45,ZAR,RTGS,68.3,Medium,False,Yes
TX-106187,2024-11-17 07:38:46.086904,Canada,Russia,21042.03,CAD,SWIFT,22.74,Low,False,Yes
TX-106188,2025-03-10 02:23:57.086904,Australia,Germany,92516.15,AUD,SEPA,21.51,Low,False,Yes
TX-106189,2024-05-18 09:07:32.086904,Spain,Germany,5491.87,EUR,SWIFT,66.63,Medium,False,Yes
TX-106190,2024-06-12 07:54:53.086904,India,Brazil,86555.16,INR,Wire,18.63,Low,False,Yes
TX-106191,2024-05-09 09:40:14.086904,UK,Australia,51184.74,GBP,SEPA,66.16,Medium,False,Yes
TX-106192,2024-09-25 05:23:49.086904,Spain,Netherlands,61932.75,EUR,ACH,49.25,Medium,False,Yes
TX-106193,2024-06-05 11:40:38.086904,India,Canada,30330.3,INR,RTGS,38.66,Low,False,Yes
TX-106194,2025-03-11 23:51:41.086904,USA,Canada,96673.09,USD,Wire,30.02,Low,False,Yes
TX-106195,2025-02-06 04:28:24.086904,USA,Japan,28256.91,USD,ACH,94.76,High,True,Yes
TX-106196,2024-08-05 01:02:10.086904,Australia,China,58928.91,AUD,SWIFT,50.81,Medium,False,Yes
TX-106197,2025-01-14 10:49:05.086904,France,Spain,99342.33,EUR,RTGS,56.13,Medium,False,Yes
TX-106198,2024-12-06 17:18:57.086904,Germany,France,88121.33,EUR,RTGS,94.93,High,True,Yes
TX-106199,2024-08-29 06:57:21.086904,South Africa,Brazil,53679.35,ZAR,SWIFT,65.39,Medium,False,Yes
TX-106200,2025-02-21 20:15:34.086904,South Africa,Australia,99038.41,ZAR,SWIFT,95.79,High,True,Yes
TX-106201,2024-08-15 18:41:12.086904,UK,South Africa,70166.85,GBP,SWIFT,10.64,Low,False,Yes
TX-106202,2024-12-10 03:45:01.086904,China,Germany,20949.17,CNY,ACH,84.66,High,True,Yes
TX-106203,2024-10-10 11:27:33.086904,South Africa,Japan,40619.06,ZAR,ACH,33.54,Low,False,Yes
TX-106204,2025-03-04 22:58:39.086904,UK,Brazil,33515.88,GBP,SWIFT,81.05,High,True,Yes
TX-106205,2024-08-05 13:37:01.086904,Australia,UK,34466.97,AUD,RTGS,85.56,High,True,Yes
TX-106206,2025-03-09 19:09:07.086904,South Africa,USA,76069.6,ZAR,RTGS,27.15,Low,False,Yes
TX-106207,2024-10-30 09:45:57.086904,South Africa,UK,58467.87,ZAR,SWIFT,40.88,Medium,False,Yes
TX-106208,2025-01-25 03:25:07.086904,South Africa,Germany,3905.46,ZAR,ACH,72.6,High,True,Yes
TX-106209,2024-07-12 15:53:06.086904,Canada,Italy,87757.1,CAD,RTGS,9.91,Low,False,Yes
TX-106210,2025-03-03 23:35:23.086904,UK,Japan,29749.93,GBP,ACH,75.55,High,True,Yes
TX-106211,2024-08-16 12:50:42.086904,China,Brazil,99707.78,CNY,ACH,11.05,Low,False,Yes
TX-106212,2024-08-09 16:43:28.086904,Italy,France,95423.65,EUR,SEPA,91.45,High,True,Yes
TX-106213,2024-08-16 06:05:02.086904,India,Netherlands,94059.02,INR,Wire,27.63,Low,False,Yes
TX-106214,2024-07-06 06:58:03.086904,Italy,Netherlands,81131.65,EUR,SEPA,57.56,Medium,False,Yes
TX-106215,2024-07-10 23:30:41.086904,Italy,South Africa,22139.27,EUR,SEPA,11.72,Low,False,Yes
TX-106216,2024-08-14 15:41:18.086904,Italy,Russia,53310.01,EUR,SEPA,26.95,Low,False,Yes
TX-106217,2024-05-26 04:49:06.086904,Australia,Russia,22507.83,AUD,SWIFT,40.4,Medium,False,Yes
TX-106218,2025-03-02 19:46:17.086904,Italy,Netherlands,26041.58,EUR,SWIFT,48.7,Medium,False,Yes
TX-106219,2024-08-31 01:56:32.086904,USA,Japan,61134.08,USD,SEPA,0.01,Low,False,Yes
TX-106220,2024-08-15 06:30:04.086904,USA,Spain,4179.27,USD,ACH,88.87,High,True,Yes
TX-106221,2024-03-19 12:59:42.086904,Japan,Netherlands,96948.91,JPY,SWIFT,0.77,Low,False,Yes
TX-106222,2025-03-17 06:25:43.086904,Germany,Spain,91875.45,EUR,Wire,77.37,High,True,Yes
TX-106223,2025-02-05 20:46:23.086904,Brazil,Australia,38138.68,BRL,RTGS,47.06,Medium,False,Yes
TX-106224,2024-07-04 09:37:38.086904,Spain,India,51590.7,EUR,ACH,52.39,Medium,False,Yes
TX-106225,2024-11-19 00:24:56.086904,USA,Brazil,46665.33,USD,ACH,20.83,Low,False,Yes
TX-106226,2024-06-17 16:41:22.086904,Netherlands,Canada,88231.76,EUR,ACH,60.74,Medium,False,Yes
TX-106227,2024-06-28 07:23:01.086904,Spain,Netherlands,68891.33,EUR,RTGS,53.72,Medium,False,Yes
TX-106228,2024-07-07 13:21:05.086904,South Africa,Italy,27883.31,ZAR,SEPA,16.42,Low,False,Yes
TX-106229,2025-01-15 06:13:18.086904,Russia,Canada,44739.44,RUB,RTGS,23.81,Low,False,Yes
TX-106230,2024-05-17 16:58:58.086904,Japan,Australia,42953.7,JPY,Wire,6.69,Low,False,Yes
TX-106231,2024-07-31 09:50:21.086904,Germany,Italy,95937.58,EUR,SWIFT,6.63,Low,False,Yes
TX-106232,2024-07-02 17:50:13.086904,USA,Japan,17613.56,USD,SEPA,1.38,Low,False,Yes
TX-106233,2024-11-30 09:19:00.086904,India,Netherlands,9048.68,INR,RTGS,22.05,Low,False,Yes
TX-106234,2024-08-31 11:38:59.086904,USA,Japan,88073.82,USD,RTGS,67.97,Medium,False,Yes
TX-106235,2024-08-23 23:25:27.086904,India,South Africa,89678.93,INR,SEPA,31.62,Low,False,Yes
TX-106236,2024-08-29 16:57:23.086904,Brazil,USA,87186.73,BRL,Wire,34.27,Low,False,Yes
TX-106237,2024-12-09 09:09:04.086904,Germany,UK,51146.59,EUR,SWIFT,13.19,Low,False,Yes
TX-106238,2025-02-26 13:05:59.086904,Germany,China,66008.47,EUR,RTGS,57.55,Medium,False,Yes
TX-106239,2024-05-23 23:45:47.086904,Brazil,France,56379.97,BRL,SWIFT,34.21,Low,False,Yes
TX-106240,2024-09-20 18:51:41.086904,Netherlands,Brazil,7037.84,EUR,SEPA,67.63,Medium,False,Yes
TX-106241,2025-01-18 16:26:42.086904,Spain,UK,59623.91,EUR,Wire,74.15,High,True,Yes
TX-106242,2024-06-22 09:18:09.086904,France,France,1460.05,EUR,SWIFT,58.47,Medium,False,Yes
TX-106243,2024-08-18 05:53:33.086904,UK,USA,32566.24,GBP,Wire,27.61,Low,False,Yes
TX-106244,2024-11-14 05:46:43.086904,Canada,China,93236.03,CAD,ACH,50.86,Medium,False,Yes
TX-106245,2024-04-13 08:39:20.086904,Italy,USA,30474.12,EUR,SWIFT,25.19,Low,False,Yes
TX-106246,2025-03-11 20:02:42.086904,Japan,South Africa,93988.68,JPY,RTGS,90.29,High,True,Yes
TX-106247,2024-10-05 01:38:40.086904,China,Brazil,25088.38,CNY,SEPA,76.64,High,True,Yes
TX-106248,2025-03-13 17:03:39.086904,France,Germany,31524.77,EUR,RTGS,49.3,Medium,False,Yes
TX-106249,2024-04-06 19:30:06.086904,UK,Brazil,62877.91,GBP,SEPA,96.55,High,True,Yes
TX-106250,2024-06-26 22:50:17.086904,Canada,Russia,76186.53,CAD,Wire,54.68,Medium,False,Yes
TX-106251,2024-06-20 10:22:28.086904,Russia,Italy,50188.64,RUB,SWIFT,32.85,Low,False,Yes
TX-106252,2025-03-13 08:02:19.086904,USA,Australia,88223.36,USD,SEPA,9.55,Low,False,Yes
TX-106253,2024-07-20 07:04:55.086904,France,India,4120.02,EUR,ACH,54.37,Medium,False,Yes
TX-106254,2024-11-08 11:53:30.086904,France,Japan,92227.26,EUR,SWIFT,86.04,High,True,Yes
TX-106255,2025-03-05 10:16:10.086904,Australia,Russia,19711.15,AUD,RTGS,86.67,High,True,Yes
TX-106256,2024-09-05 20:18:26.086904,Brazil,Japan,88435.45,BRL,RTGS,60.46,Medium,False,Yes
TX-106257,2025-02-11 08:09:07.086904,Japan,Canada,40146.23,JPY,RTGS,39.34,Low,False,Yes
TX-106258,2024-09-03 06:42:29.086904,China,UK,83292.43,CNY,SWIFT,65.03,Medium,False,Yes
TX-106259,2024-12-03 12:52:15.086904,Japan,Australia,67199.39,JPY,SWIFT,76.21,High,True,Yes
TX-106260,2025-01-16 13:41:54.086904,Spain,South Africa,17676.57,EUR,SWIFT,41.16,Medium,False,Yes
TX-106261,2025-01-04 03:28:08.086904,Italy,Japan,91812.95,EUR,Wire,47.63,Medium,False,Yes
TX-106262,2024-10-04 05:15:24.086904,Netherlands,Italy,24627.19,EUR,Wire,68.06,Medium,False,Yes
TX-106263,2024-12-17 11:09:40.086904,India,Japan,24489.6,INR,SWIFT,87.67,High,True,Yes
TX-106264,2024-04-25 23:31:03.086904,UK,South Africa,81436.47,GBP,ACH,79.1,High,True,Yes
TX-106265,2024-09-20 22:25:59.086904,Spain,Italy,10676.74,EUR,SEPA,2.24,Low,False,Yes
TX-106266,2024-07-02 12:20:35.086904,Netherlands,Italy,22281.39,EUR,Wire,12.44,Low,False,Yes
TX-106267,2025-01-19 21:20:45.086904,Australia,China,50417.39,AUD,RTGS,85.28,High,True,Yes
TX-106268,2024-04-10 06:51:16.086904,Spain,France,83064.66,EUR,SWIFT,83.38,High,True,Yes
TX-106269,2024-12-15 15:08:59.086904,South Africa,Germany,14833.65,ZAR,SWIFT,38.88,Low,False,Yes
TX-106270,2024-04-06 07:41:29.087904,Germany,UK,54812.06,EUR,Wire,58.43,Medium,False,Yes
TX-106271,2024-10-21 05:40:05.087904,UK,USA,71152.94,GBP,Wire,90.58,High,True,Yes
TX-106272,2025-01-18 11:08:30.087904,Netherlands,UK,86073.46,EUR,ACH,91.16,High,True,Yes
TX-106273,2024-03-19 17:31:19.087904,Netherlands,China,93563.0,EUR,RTGS,78.31,High,True,Yes
TX-106274,2024-05-29 12:38:29.087904,South Africa,Germany,78485.53,ZAR,SEPA,20.96,Low,False,Yes
TX-106275,2025-03-13 05:36:00.087904,Italy,China,65317.56,EUR,RTGS,73.03,High,True,Yes
TX-106276,2024-10-12 01:07:42.087904,USA,Brazil,43418.65,USD,SEPA,10.11,Low,False,Yes
TX-106277,2024-04-20 04:27:27.087904,Germany,USA,11299.8,EUR,RTGS,89.39,High,True,Yes
TX-106278,2025-01-29 13:58:54.087904,Germany,Netherlands,71002.75,EUR,RTGS,14.91,Low,False,Yes
TX-106279,2024-07-10 13:31:31.087904,Brazil,Netherlands,99274.46,BRL,RTGS,66.23,Medium,False,Yes
TX-106280,2024-05-25 01:58:39.087904,UK,South Africa,73702.38,GBP,RTGS,61.02,Medium,False,Yes
TX-106281,2025-02-13 13:35:35.087904,Germany,Japan,1769.44,EUR,SEPA,77.69,High,True,Yes
TX-106282,2024-06-13 17:36:38.087904,Brazil,Australia,49676.37,BRL,ACH,55.16,Medium,False,Yes
TX-106283,2024-05-03 05:37:46.087904,USA,Japan,61503.2,USD,SWIFT,5.96,Low,False,Yes
TX-106284,2024-10-30 16:52:53.087904,China,Brazil,68998.45,CNY,ACH,70.58,High,True,Yes
TX-106285,2024-09-13 01:00:32.087904,Japan,Brazil,72000.61,JPY,RTGS,38.32,Low,False,Yes
TX-106286,2024-12-26 08:53:50.087904,UK,Japan,55855.03,GBP,ACH,32.03,Low,False,Yes
TX-106287,2024-08-04 11:47:38.087904,Canada,France,22413.7,CAD,SWIFT,99.17,High,True,Yes
TX-106288,2024-09-09 15:02:01.087904,Spain,France,94225.85,EUR,SWIFT,59.04,Medium,False,Yes
TX-106289,2024-09-06 21:26:31.087904,Brazil,Russia,69696.98,BRL,RTGS,71.07,High,True,Yes
TX-106290,2024-05-30 06:04:53.087904,India,Germany,23760.32,INR,SEPA,52.63,Medium,False,Yes
TX-106291,2024-08-06 21:43:09.087904,South Africa,France,32299.95,ZAR,Wire,77.0,High,True,Yes
TX-106292,2025-01-03 15:28:52.087904,USA,Brazil,92200.57,USD,Wire,75.21,High,True,Yes
TX-106293,2024-07-06 20:30:44.087904,Italy,France,88759.77,EUR,SWIFT,65.71,Medium,False,Yes
TX-106294,2024-07-25 23:32:39.087904,Netherlands,Japan,40574.13,EUR,Wire,99.77,High,True,Yes
TX-106295,2024-07-05 06:25:45.087904,India,Canada,3926.89,INR,ACH,45.98,Medium,False,Yes
TX-106296,2024-06-10 22:48:25.087904,France,UK,4944.89,EUR,ACH,70.62,High,True,Yes
TX-106297,2024-10-30 04:41:22.087904,South Africa,Germany,28463.44,ZAR,SWIFT,79.78,High,True,Yes
TX-106298,2025-02-04 22:09:19.087904,Japan,USA,62949.31,JPY,SEPA,37.6,Low,False,Yes
TX-106299,2025-03-07 14:55:45.087904,China,Japan,58461.04,CNY,Wire,45.72,Medium,False,Yes
TX-106300,2024-07-06 23:26:04.087904,USA,Germany,63419.4,USD,RTGS,96.92,High,True,Yes
TX-106301,2024-04-10 00:05:29.087904,China,France,71756.57,CNY,RTGS,3.23,Low,False,Yes
TX-106302,2025-02-19 09:37:48.087904,USA,USA,2001.32,USD,ACH,33.53,Low,False,Yes
TX-106303,2024-09-01 07:48:34.087904,India,India,10598.05,INR,Wire,48.62,Medium,False,Yes
TX-106304,2024-09-22 19:50:33.087904,Canada,UK,36012.4,CAD,SEPA,0.15,Low,False,Yes
TX-106305,2024-09-29 07:50:31.087904,India,Netherlands,15570.51,INR,Wire,89.91,High,True,Yes
TX-106306,2024-10-08 07:22:50.087904,Russia,France,7624.47,RUB,ACH,28.62,Low,False,Yes
TX-106307,2024-09-15 07:22:57.087904,USA,Netherlands,64132.34,USD,SWIFT,25.77,Low,False,Yes
TX-106308,2024-12-10 10:32:17.087904,USA,UK,81552.11,USD,SWIFT,82.03,High,True,Yes
TX-106309,2024-05-25 18:57:42.087904,Brazil,France,75287.4,BRL,RTGS,27.8,Low,False,Yes
TX-106310,2024-10-21 16:16:15.087904,Canada,Russia,81722.27,CAD,Wire,65.76,Medium,False,Yes
TX-106311,2025-03-14 11:07:38.087904,Italy,South Africa,66619.07,EUR,Wire,82.15,High,True,Yes
TX-106312,2024-08-20 12:08:29.087904,Australia,USA,73561.0,AUD,SWIFT,79.25,High,True,Yes
TX-106313,2024-09-09 02:11:53.087904,Italy,India,27250.7,EUR,RTGS,78.2,High,True,Yes
TX-106314,2024-07-02 02:24:14.087904,Canada,Germany,99301.5,CAD,SWIFT,8.86,Low,False,Yes
TX-106315,2024-07-28 22:16:17.087904,Japan,Russia,18398.25,JPY,RTGS,7.98,Low,False,Yes
TX-106316,2025-03-03 20:08:02.087904,France,Germany,21527.94,EUR,ACH,30.68,Low,False,Yes
TX-106317,2024-08-19 13:52:22.087904,Australia,Japan,28963.29,AUD,Wire,3.59,Low,False,Yes
TX-106318,2024-03-30 04:56:28.087904,Brazil,Canada,97535.71,BRL,Wire,50.04,Medium,False,Yes
TX-106319,2024-04-21 02:43:33.087904,UK,USA,98830.03,GBP,ACH,39.48,Low,False,Yes
TX-106320,2024-10-17 05:16:04.087904,Germany,India,79509.89,EUR,SWIFT,55.7,Medium,False,Yes
TX-106321,2024-08-10 00:54:29.087904,Brazil,Spain,62942.85,BRL,SEPA,29.88,Low,False,Yes
TX-106322,2024-07-20 02:19:00.087904,India,India,52054.25,INR,ACH,48.58,Medium,False,Yes
TX-106323,2024-04-23 03:04:27.087904,India,China,97065.02,INR,RTGS,33.47,Low,False,Yes
TX-106324,2024-03-31 00:34:07.087904,USA,Spain,69592.72,USD,SWIFT,19.52,Low,False,Yes
TX-106325,2025-02-26 23:38:54.087904,France,Spain,94478.54,EUR,Wire,64.94,Medium,False,Yes
TX-106326,2025-01-26 16:27:49.087904,Italy,Canada,31723.42,EUR,RTGS,67.34,Medium,False,Yes
TX-106327,2024-07-06 12:08:02.087904,India,Brazil,33444.1,INR,SWIFT,82.92,High,True,Yes
TX-106328,2024-04-16 05:43:53.087904,Canada,Netherlands,85486.99,CAD,Wire,87.48,High,True,Yes
TX-106329,2024-06-15 01:46:34.087904,India,Japan,15070.51,INR,RTGS,70.45,High,True,Yes
TX-106330,2024-04-24 13:14:41.087904,Japan,France,94598.19,JPY,SEPA,68.75,Medium,False,Yes
TX-106331,2024-10-19 23:34:36.087904,France,Brazil,50796.69,EUR,SEPA,5.67,Low,False,Yes
TX-106332,2024-10-18 05:54:11.087904,China,UK,92648.75,CNY,Wire,10.98,Low,False,Yes
TX-106333,2024-04-01 06:03:21.087904,China,Italy,33745.6,CNY,SWIFT,81.26,High,True,Yes
TX-106334,2024-12-08 07:32:05.087904,Brazil,Netherlands,71624.29,BRL,RTGS,23.3,Low,False,Yes
TX-106335,2024-07-15 06:48:23.087904,UK,China,48339.22,GBP,SEPA,35.56,Low,False,Yes
TX-106336,2024-07-22 22:47:21.087904,Italy,France,62717.68,EUR,Wire,14.53,Low,False,Yes
TX-106337,2024-03-27 21:55:34.087904,Russia,Spain,50486.81,RUB,RTGS,19.52,Low,False,Yes
TX-106338,2024-07-28 00:57:15.087904,Netherlands,USA,96714.85,EUR,Wire,77.54,High,True,Yes
TX-106339,2025-01-31 12:40:00.087904,Canada,India,69241.33,CAD,SWIFT,26.19,Low,False,Yes
TX-106340,2024-03-31 09:07:36.087904,Japan,Russia,25206.76,JPY,SEPA,44.9,Medium,False,Yes
TX-106341,2024-05-27 19:45:47.087904,Brazil,USA,90976.72,BRL,Wire,15.17,Low,False,Yes
TX-106342,2024-04-02 05:39:00.087904,China,Russia,29473.57,CNY,SWIFT,67.79,Medium,False,Yes
TX-106343,2025-03-08 15:55:10.087904,Canada,Spain,37223.35,CAD,SWIFT,72.83,High,True,Yes
TX-106344,2024-06-29 16:22:02.087904,France,Germany,10302.16,EUR,Wire,36.17,Low,False,Yes
TX-106345,2024-05-04 15:26:22.087904,Canada,Brazil,90006.66,CAD,SWIFT,78.47,High,True,Yes
TX-106346,2024-12-14 20:46:13.087904,South Africa,France,28682.59,ZAR,SWIFT,23.99,Low,False,Yes
TX-106347,2025-02-06 12:11:34.087904,Canada,UK,25965.87,CAD,Wire,69.19,Medium,False,Yes
TX-106348,2025-03-01 08:23:38.087904,Australia,France,92034.23,AUD,SEPA,73.0,High,True,Yes
TX-106349,2024-04-23 20:24:43.087904,Germany,USA,80572.13,EUR,SEPA,96.87,High,True,Yes
TX-106350,2024-11-12 09:41:42.087904,China,Japan,14193.78,CNY,SEPA,23.23,Low,False,Yes
TX-106351,2024-03-27 06:02:55.087904,Germany,India,76955.52,EUR,SWIFT,9.37,Low,False,Yes
TX-106352,2024-04-21 18:43:15.087904,South Africa,Russia,91312.01,ZAR,Wire,26.3,Low,False,Yes
TX-106353,2024-03-21 04:51:30.087904,France,South Africa,7943.27,EUR,Wire,12.29,Low,False,Yes
TX-106354,2024-05-11 21:05:14.087904,Russia,South Africa,82538.98,RUB,RTGS,16.97,Low,False,Yes
TX-106355,2024-07-09 07:13:55.087904,Japan,China,54787.26,JPY,Wire,33.41,Low,False,Yes
TX-106356,2024-09-06 18:23:33.087904,Germany,Canada,66952.83,EUR,Wire,41.4,Medium,False,Yes
TX-106357,2024-12-19 05:49:42.087904,Spain,Brazil,49336.15,EUR,Wire,90.37,High,True,Yes
TX-106358,2025-02-14 17:02:20.087904,Brazil,Brazil,69810.53,BRL,SEPA,19.56,Low,False,Yes
TX-106359,2024-05-25 09:49:23.087904,Italy,Brazil,3506.38,EUR,SEPA,97.18,High,True,Yes
TX-106360,2025-02-06 00:56:54.087904,France,Italy,76294.4,EUR,Wire,81.02,High,True,Yes
TX-106361,2024-04-22 07:43:55.087904,UK,India,3431.04,GBP,SWIFT,88.15,High,True,Yes
TX-106362,2024-04-13 13:05:05.087904,USA,France,45584.45,USD,SWIFT,92.94,High,True,Yes
TX-106363,2024-05-28 13:41:31.087904,Japan,Russia,15181.4,JPY,Wire,75.32,High,True,Yes
TX-106364,2024-09-23 07:43:02.087904,Australia,India,82375.07,AUD,Wire,78.88,High,True,Yes
TX-106365,2024-12-23 16:25:12.087904,Netherlands,India,31434.72,EUR,RTGS,43.78,Medium,False,Yes
TX-106366,2024-12-19 15:54:31.087904,Germany,China,45463.95,EUR,Wire,51.05,Medium,False,Yes
TX-106367,2024-12-05 00:10:57.087904,Brazil,Japan,42932.2,BRL,SEPA,93.25,High,True,Yes
TX-106368,2024-05-23 20:46:30.087904,Netherlands,Germany,77272.95,EUR,SWIFT,37.83,Low,False,Yes
TX-106369,2025-01-04 01:30:52.087904,Australia,Russia,48166.32,AUD,ACH,4.19,Low,False,Yes
TX-106370,2024-06-21 04:57:21.087904,Spain,Australia,78916.94,EUR,RTGS,76.28,High,True,Yes
TX-106371,2024-03-18 14:12:15.087904,Germany,Germany,7443.48,EUR,SEPA,57.32,Medium,False,Yes
TX-106372,2025-01-09 12:26:03.087904,USA,Spain,19240.24,USD,SWIFT,81.49,High,True,Yes
TX-106373,2024-11-07 11:37:09.087904,USA,France,55198.27,USD,SWIFT,7.56,Low,False,Yes
TX-106374,2025-02-16 21:51:29.087904,India,Germany,94714.12,INR,RTGS,62.12,Medium,False,Yes
TX-106375,2024-04-12 21:55:04.087904,Canada,China,7568.31,CAD,SWIFT,24.77,Low,False,Yes
TX-106376,2024-06-15 16:51:08.087904,Netherlands,India,4404.11,EUR,Wire,90.33,High,True,Yes
TX-106377,2024-12-14 07:38:16.087904,Canada,South Africa,15739.41,CAD,ACH,10.99,Low,False,Yes
TX-106378,2024-03-22 08:42:32.087904,Russia,Russia,64151.2,RUB,RTGS,84.31,High,True,Yes
TX-106379,2024-10-22 03:18:15.087904,China,South Africa,39959.39,CNY,SWIFT,8.86,Low,False,Yes
TX-106380,2024-05-26 15:41:13.087904,India,Italy,82572.68,INR,SEPA,2.51,Low,False,Yes
TX-106381,2024-12-04 19:38:28.087904,Australia,UK,7286.12,AUD,SEPA,23.51,Low,False,Yes
TX-106382,2024-10-09 23:14:29.087904,UK,Australia,19721.77,GBP,ACH,33.3,Low,False,Yes
TX-106383,2024-07-07 14:55:03.087904,Canada,Germany,30072.64,CAD,SWIFT,62.65,Medium,False,Yes
TX-106384,2024-04-29 09:45:39.087904,South Africa,Brazil,62710.34,ZAR,RTGS,13.17,Low,False,Yes
TX-106385,2024-07-23 14:34:07.087904,Japan,Brazil,68548.75,JPY,Wire,43.73,Medium,False,Yes
TX-106386,2024-11-01 12:11:50.087904,Canada,Italy,12507.91,CAD,SWIFT,20.43,Low,False,Yes
TX-106387,2024-07-11 17:38:28.087904,Brazil,Spain,94386.09,BRL,SEPA,85.53,High,True,Yes
TX-106388,2024-07-26 18:45:50.087904,Brazil,UK,34170.31,BRL,ACH,4.5,Low,False,Yes
TX-106389,2024-06-14 03:27:43.087904,Canada,Netherlands,71345.56,CAD,RTGS,35.59,Low,False,Yes
TX-106390,2024-07-26 02:03:44.087904,Netherlands,Australia,52468.35,EUR,Wire,63.14,Medium,False,Yes
TX-106391,2024-09-09 01:28:49.087904,France,Canada,22353.54,EUR,SWIFT,91.31,High,True,Yes
TX-106392,2024-06-25 05:44:07.087904,India,Australia,84638.21,INR,ACH,86.8,High,True,Yes
TX-106393,2024-05-13 08:01:31.087904,Germany,UK,81841.98,EUR,SWIFT,89.52,High,True,Yes
TX-106394,2024-11-18 02:52:09.087904,Australia,Australia,39667.58,AUD,Wire,6.29,Low,False,Yes
TX-106395,2024-10-21 10:08:14.087904,France,UK,58901.9,EUR,Wire,84.09,High,True,Yes
TX-106396,2024-05-11 02:31:28.087904,France,Russia,25856.79,EUR,ACH,77.99,High,True,Yes
TX-106397,2024-08-20 03:34:51.087904,Australia,Russia,69016.18,AUD,Wire,90.24,High,True,Yes
TX-106398,2025-02-08 23:25:22.087904,USA,UK,30971.78,USD,RTGS,31.16,Low,False,Yes
TX-106399,2024-09-20 07:01:16.087904,Canada,Germany,84423.47,CAD,SEPA,91.18,High,True,Yes
TX-106400,2024-12-06 00:30:24.087904,Russia,China,21816.77,RUB,RTGS,40.26,Medium,False,Yes
TX-106401,2025-01-08 18:17:37.087904,UK,Australia,1578.86,GBP,SWIFT,63.41,Medium,False,Yes
TX-106402,2024-10-14 13:23:11.087904,Russia,Brazil,26923.95,RUB,ACH,42.42,Medium,False,Yes
TX-106403,2025-01-05 00:48:59.087904,USA,UK,19186.14,USD,Wire,42.76,Medium,False,Yes
TX-106404,2024-08-16 12:40:30.087904,Russia,India,50877.82,RUB,RTGS,54.66,Medium,False,Yes
TX-106405,2024-11-23 23:34:17.087904,France,France,20449.96,EUR,ACH,35.59,Low,False,Yes
TX-106406,2024-05-22 01:41:08.087904,Spain,USA,76342.67,EUR,SWIFT,79.27,High,True,Yes
TX-106407,2024-05-08 17:26:30.087904,South Africa,France,24212.93,ZAR,SWIFT,63.36,Medium,False,Yes
TX-106408,2024-06-30 23:45:10.087904,India,UK,70726.12,INR,RTGS,68.98,Medium,False,Yes
TX-106409,2024-09-08 22:27:25.087904,Spain,Netherlands,57889.25,EUR,ACH,23.1,Low,False,Yes
TX-106410,2024-09-01 10:29:41.087904,Italy,UK,98626.36,EUR,SEPA,96.96,High,True,Yes
TX-106411,2024-06-29 00:14:43.087904,Brazil,Russia,99990.11,BRL,SWIFT,66.02,Medium,False,Yes
TX-106412,2024-10-07 12:47:49.087904,Canada,Italy,86965.66,CAD,Wire,19.72,Low,False,Yes
TX-106413,2024-12-24 03:06:26.087904,Canada,India,76022.34,CAD,RTGS,75.05,High,True,Yes
TX-106414,2024-04-28 16:35:37.087904,Russia,China,38707.0,RUB,SWIFT,17.37,Low,False,Yes
TX-106415,2024-07-05 10:31:29.087904,South Africa,Germany,75352.35,ZAR,ACH,6.34,Low,False,Yes
TX-106416,2024-10-13 13:35:15.087904,Netherlands,Canada,95671.89,EUR,ACH,52.76,Medium,False,Yes
TX-106417,2025-03-07 15:46:31.087904,USA,UK,2435.42,USD,SEPA,55.35,Medium,False,Yes
TX-106418,2024-07-10 04:59:09.087904,USA,Canada,53837.68,USD,Wire,18.9,Low,False,Yes
TX-106419,2024-08-31 12:09:17.087904,Russia,Italy,21878.03,RUB,Wire,34.84,Low,False,Yes
TX-106420,2024-05-27 05:07:38.087904,UK,Germany,55831.84,GBP,SWIFT,94.58,High,True,Yes
TX-106421,2024-03-24 03:03:10.087904,India,Australia,46698.06,INR,RTGS,28.5,Low,False,Yes
TX-106422,2025-02-16 07:42:33.087904,India,Netherlands,57619.28,INR,RTGS,15.56,Low,False,Yes
TX-106423,2024-08-02 15:00:40.087904,UK,India,55141.13,GBP,ACH,99.26,High,True,Yes
TX-106424,2024-10-16 10:35:07.087904,Spain,Italy,96014.69,EUR,SWIFT,30.23,Low,False,Yes
TX-106425,2024-11-25 18:13:51.087904,Spain,Canada,55263.39,EUR,RTGS,68.03,Medium,False,Yes
TX-106426,2024-06-16 02:38:22.087904,Netherlands,Brazil,84638.59,EUR,SEPA,23.16,Low,False,Yes
TX-106427,2024-10-17 15:11:09.087904,Australia,Japan,32050.05,AUD,Wire,55.01,Medium,False,Yes
TX-106428,2024-11-20 22:33:37.087904,China,UK,43866.26,CNY,Wire,38.63,Low,False,Yes
TX-106429,2024-03-21 12:17:26.087904,France,Brazil,47094.31,EUR,SWIFT,96.16,High,True,Yes
TX-106430,2024-10-14 00:24:48.087904,Netherlands,South Africa,27944.93,EUR,SEPA,43.28,Medium,False,Yes
TX-106431,2024-12-01 12:46:58.087904,Brazil,South Africa,38041.05,BRL,Wire,58.42,Medium,False,Yes
TX-106432,2024-09-24 10:33:27.087904,Canada,USA,59891.46,CAD,SWIFT,94.48,High,True,Yes
TX-106433,2024-08-02 01:33:48.087904,Spain,China,58060.76,EUR,ACH,98.92,High,True,Yes
TX-106434,2025-03-01 20:37:56.087904,Russia,Canada,63679.89,RUB,SWIFT,10.17,Low,False,Yes
TX-106435,2025-03-07 23:31:39.087904,Spain,Italy,35246.61,EUR,SEPA,83.43,High,True,Yes
TX-106436,2025-02-23 08:02:20.087904,UK,Italy,31651.57,GBP,ACH,38.21,Low,False,Yes
TX-106437,2025-02-25 09:56:47.087904,Canada,USA,61200.63,CAD,RTGS,59.48,Medium,False,Yes
TX-106438,2024-04-05 16:51:35.087904,Italy,Canada,13372.89,EUR,ACH,37.5,Low,False,Yes
TX-106439,2024-05-05 06:15:44.087904,Italy,Russia,25377.85,EUR,RTGS,40.11,Medium,False,Yes
TX-106440,2024-07-30 03:33:23.087904,Australia,USA,4308.56,AUD,ACH,15.89,Low,False,Yes
TX-106441,2024-12-11 00:34:49.087904,France,South Africa,7353.82,EUR,SEPA,57.28,Medium,False,Yes
TX-106442,2024-11-29 15:45:58.087904,Russia,Russia,24413.99,RUB,ACH,54.67,Medium,False,Yes
TX-106443,2024-06-18 22:58:20.087904,Italy,India,2050.98,EUR,SWIFT,18.94,Low,False,Yes
TX-106444,2024-07-28 21:40:35.087904,Brazil,Netherlands,24616.52,BRL,SWIFT,54.17,Medium,False,Yes
TX-106445,2025-02-07 00:36:59.087904,Russia,USA,65532.13,RUB,Wire,97.31,High,True,Yes
TX-106446,2025-01-23 04:49:49.089410,Australia,UK,6204.6,AUD,ACH,71.44,High,True,Yes
TX-106447,2024-04-18 05:12:55.089410,South Africa,Germany,43729.99,ZAR,Wire,48.1,Medium,False,Yes
TX-106448,2024-12-11 07:48:20.089410,Italy,South Africa,91319.57,EUR,SWIFT,91.61,High,True,Yes
TX-106449,2024-04-10 18:07:30.089410,India,Canada,79149.35,INR,Wire,57.53,Medium,False,Yes
TX-106450,2024-05-14 17:06:03.089410,Netherlands,France,30613.21,EUR,SWIFT,13.5,Low,False,Yes
TX-106451,2024-08-19 19:32:10.089410,South Africa,UK,92488.07,ZAR,SEPA,54.75,Medium,False,Yes
TX-106452,2024-10-13 04:24:02.089410,UK,India,33031.69,GBP,Wire,18.1,Low,False,Yes
TX-106453,2024-05-12 17:39:43.089410,Canada,China,7344.3,CAD,SEPA,76.75,High,True,Yes
TX-106454,2024-05-10 00:29:43.089410,UK,USA,99406.19,GBP,Wire,96.72,High,True,Yes
TX-106455,2025-02-22 07:03:39.089410,Brazil,South Africa,87015.25,BRL,ACH,36.08,Low,False,Yes
TX-106456,2025-02-20 10:10:42.089410,Brazil,USA,46646.69,BRL,RTGS,43.49,Medium,False,Yes
TX-106457,2025-01-15 02:36:06.089410,USA,South Africa,66671.01,USD,SWIFT,42.15,Medium,False,Yes
TX-106458,2024-03-23 06:44:53.089410,Russia,Canada,67155.68,RUB,SEPA,28.53,Low,False,Yes
TX-106459,2025-02-14 12:53:17.089410,UK,Japan,19528.77,GBP,SWIFT,79.42,High,True,Yes
TX-106460,2025-02-20 08:54:45.089410,Canada,Brazil,20084.86,CAD,RTGS,61.77,Medium,False,Yes
TX-106461,2024-04-30 04:19:18.089410,Italy,Russia,47011.11,EUR,SEPA,6.41,Low,False,Yes
TX-106462,2024-08-18 05:03:20.089410,Netherlands,Spain,91166.16,EUR,ACH,83.88,High,True,Yes
TX-106463,2024-09-13 23:35:16.089410,China,Russia,1098.38,CNY,Wire,18.71,Low,False,Yes
TX-106464,2024-09-13 08:21:51.089410,Australia,Brazil,78272.31,AUD,SWIFT,97.92,High,True,Yes
TX-106465,2025-01-03 15:18:06.089410,South Africa,Canada,5846.93,ZAR,RTGS,37.67,Low,False,Yes
TX-106466,2024-09-01 04:36:12.089410,China,Germany,47874.39,CNY,RTGS,61.64,Medium,False,Yes
TX-106467,2024-04-02 09:08:46.089410,India,UK,63823.5,INR,Wire,7.78,Low,False,Yes
TX-106468,2024-11-25 12:01:52.089410,Australia,Australia,68707.25,AUD,SEPA,34.47,Low,False,Yes
TX-106469,2024-04-17 02:12:17.089410,UK,South Africa,5942.08,GBP,Wire,80.24,High,True,Yes
TX-106470,2024-06-05 18:41:11.089410,China,China,41918.5,CNY,SEPA,47.72,Medium,False,Yes
TX-106471,2024-04-17 10:06:16.089410,Italy,Netherlands,58425.34,EUR,SEPA,90.46,High,True,Yes
TX-106472,2024-11-06 12:05:20.089410,South Africa,Australia,6697.95,ZAR,RTGS,57.51,Medium,False,Yes
TX-106473,2024-04-22 11:22:15.089410,Spain,Russia,13595.95,EUR,Wire,92.86,High,True,Yes
TX-106474,2024-07-27 11:28:42.089410,China,UK,66398.53,CNY,SEPA,98.26,High,True,Yes
TX-106475,2025-02-26 04:35:54.089410,USA,France,52211.66,USD,SWIFT,45.39,Medium,False,Yes
TX-106476,2024-03-26 12:15:00.089410,Russia,Spain,16266.68,RUB,SWIFT,56.52,Medium,False,Yes
TX-106477,2024-07-10 14:18:59.089410,India,Australia,53570.41,INR,SWIFT,83.49,High,True,Yes
TX-106478,2024-03-21 13:11:07.089410,Netherlands,UK,91277.97,EUR,ACH,22.15,Low,False,Yes
TX-106479,2024-11-08 20:44:45.089410,Russia,Germany,1657.2,RUB,RTGS,86.16,High,True,Yes
TX-106480,2024-04-02 01:51:56.089410,Brazil,USA,64299.11,BRL,Wire,59.19,Medium,False,Yes
TX-106481,2024-05-27 16:19:19.089410,Netherlands,Japan,7457.68,EUR,ACH,72.55,High,True,Yes
TX-106482,2024-11-01 17:46:57.089410,UK,Brazil,744.3,GBP,ACH,7.99,Low,False,Yes
TX-106483,2024-10-10 20:08:11.089410,Australia,France,15150.38,AUD,ACH,76.62,High,True,Yes
TX-106484,2024-10-10 19:02:49.089410,Netherlands,India,42348.37,EUR,SWIFT,31.08,Low,False,Yes
TX-106485,2024-05-21 01:14:32.089410,Australia,Japan,80254.17,AUD,Wire,80.52,High,True,Yes
TX-106486,2025-01-12 11:12:32.089410,Canada,Canada,28250.37,CAD,SWIFT,50.92,Medium,False,Yes
TX-106487,2024-09-07 22:17:13.089410,Netherlands,USA,62604.75,EUR,ACH,27.46,Low,False,Yes
TX-106488,2024-08-16 03:16:18.089410,Italy,Russia,41174.55,EUR,Wire,95.28,High,True,Yes
TX-106489,2024-12-07 18:07:43.089410,Australia,USA,23509.75,AUD,SWIFT,76.51,High,True,Yes
TX-106490,2025-01-15 14:50:49.089410,USA,Canada,51473.29,USD,Wire,98.57,High,True,Yes
TX-106491,2025-02-23 06:56:21.089410,Canada,Japan,79766.7,CAD,Wire,36.45,Low,False,Yes
TX-106492,2024-11-10 00:03:57.089410,France,France,83265.99,EUR,Wire,64.92,Medium,False,Yes
TX-106493,2024-04-02 06:55:10.089410,India,Canada,84667.3,INR,RTGS,61.16,Medium,False,Yes
TX-106494,2025-03-08 01:34:29.089410,Spain,Japan,33921.93,EUR,ACH,68.76,Medium,False,Yes
TX-106495,2024-12-17 17:10:22.089410,USA,Netherlands,79366.26,USD,SEPA,3.83,Low,False,Yes
TX-106496,2024-11-11 04:50:52.089410,Brazil,Russia,21296.63,BRL,SEPA,29.17,Low,False,Yes
TX-106497,2024-10-22 22:52:17.089410,Russia,Italy,73868.67,RUB,RTGS,90.93,High,True,Yes
TX-106498,2024-11-26 01:50:35.089410,India,UK,94843.6,INR,SEPA,42.38,Medium,False,Yes
TX-106499,2025-01-06 13:46:16.089410,Japan,USA,1473.01,JPY,ACH,96.06,High,True,Yes
TX-106500,2024-07-01 19:29:32.089410,South Africa,Netherlands,44092.36,ZAR,SEPA,21.35,Low,False,Yes
TX-106501,2024-08-31 17:44:43.089410,Brazil,Germany,64812.32,BRL,ACH,99.74,High,True,Yes
TX-106502,2024-11-22 19:54:04.089410,China,USA,70207.4,CNY,RTGS,69.76,Medium,False,Yes
TX-106503,2024-11-11 23:41:08.089410,Brazil,Germany,17691.17,BRL,Wire,77.64,High,True,Yes
TX-106504,2024-03-29 10:52:39.089410,China,Italy,97221.11,CNY,ACH,39.69,Low,False,Yes
TX-106505,2024-08-28 18:00:21.089410,Germany,Italy,61565.01,EUR,SEPA,90.7,High,True,Yes
TX-106506,2024-03-24 05:17:27.089410,India,UK,16517.63,INR,RTGS,54.55,Medium,False,Yes
TX-106507,2024-06-27 13:55:53.090420,Russia,Spain,2150.2,RUB,ACH,68.09,Medium,False,Yes
TX-106508,2025-03-08 23:05:41.090420,Spain,India,78348.09,EUR,ACH,9.48,Low,False,Yes
TX-106509,2024-09-03 21:39:49.090420,Japan,France,8062.5,JPY,ACH,63.17,Medium,False,Yes
TX-106510,2024-06-06 20:16:37.090420,Japan,Germany,14190.99,JPY,SEPA,87.91,High,True,Yes
TX-106511,2024-10-12 13:15:38.090420,Brazil,Netherlands,57525.52,BRL,SWIFT,17.83,Low,False,Yes
TX-106512,2024-03-26 22:18:43.090420,Brazil,Netherlands,60390.2,BRL,SWIFT,73.77,High,True,Yes
TX-106513,2025-01-15 11:48:07.090420,China,India,68720.02,CNY,ACH,2.54,Low,False,Yes
TX-106514,2024-07-11 05:50:08.090420,Canada,Italy,39412.05,CAD,SEPA,92.62,High,True,Yes
TX-106515,2024-12-11 05:49:06.090420,Italy,India,77412.48,EUR,Wire,98.29,High,True,Yes
TX-106516,2024-05-02 19:44:28.090420,India,Netherlands,97438.42,INR,SWIFT,35.42,Low,False,Yes
TX-106517,2024-05-08 16:14:56.090420,Brazil,Brazil,27182.38,BRL,ACH,10.71,Low,False,Yes
TX-106518,2025-02-27 20:45:39.090420,Germany,Russia,70332.56,EUR,SEPA,65.86,Medium,False,Yes
TX-106519,2024-10-07 12:23:46.090420,Australia,Netherlands,92854.02,AUD,SEPA,2.98,Low,False,Yes
TX-106520,2024-08-20 09:12:43.090420,Spain,Canada,68660.05,EUR,Wire,48.25,Medium,False,Yes
TX-106521,2025-01-23 19:37:03.090420,India,Australia,68142.84,INR,Wire,27.18,Low,False,Yes
TX-106522,2025-01-01 10:16:00.090420,India,UK,22454.88,INR,Wire,47.33,Medium,False,Yes
TX-106523,2024-11-25 21:47:06.090420,India,Canada,53559.51,INR,RTGS,1.83,Low,False,Yes
TX-106524,2024-08-21 07:24:57.090420,Italy,Germany,56296.03,EUR,Wire,5.16,Low,False,Yes
TX-106525,2024-05-31 13:04:22.090420,UK,Canada,70042.94,GBP,Wire,1.6,Low,False,Yes
TX-106526,2024-12-31 13:32:36.090420,Russia,France,99682.46,RUB,RTGS,61.91,Medium,False,Yes
TX-106527,2024-11-27 12:27:27.090420,Russia,Spain,3461.02,RUB,Wire,56.01,Medium,False,Yes
TX-106528,2025-01-15 11:15:53.090420,Japan,Canada,6616.74,JPY,Wire,23.32,Low,False,Yes
TX-106529,2024-10-23 18:27:18.090420,Netherlands,China,7887.21,EUR,SWIFT,64.66,Medium,False,Yes
TX-106530,2024-10-22 21:55:30.090420,China,Spain,74323.62,CNY,Wire,88.42,High,True,Yes
TX-106531,2024-11-25 16:05:57.090420,USA,Canada,13721.74,USD,SEPA,27.73,Low,False,Yes
TX-106532,2024-10-18 04:05:49.090420,USA,Spain,62282.94,USD,RTGS,83.2,High,True,Yes
TX-106533,2024-06-11 03:50:24.090420,India,Netherlands,32534.42,INR,SWIFT,66.25,Medium,False,Yes
TX-106534,2024-07-01 04:13:02.090420,Netherlands,Netherlands,45786.26,EUR,Wire,3.38,Low,False,Yes
TX-106535,2024-04-05 07:59:17.090420,UK,Netherlands,21644.75,GBP,SEPA,37.51,Low,False,Yes
TX-106536,2024-05-20 22:51:21.090420,Japan,Canada,86624.05,JPY,SEPA,50.78,Medium,False,Yes
TX-106537,2024-08-10 07:23:04.090420,Russia,Netherlands,58656.42,RUB,ACH,73.17,High,True,Yes
TX-106538,2024-12-28 12:37:56.090420,Australia,USA,94461.87,AUD,Wire,28.71,Low,False,Yes
TX-106539,2024-05-21 23:28:03.090420,Russia,China,57502.17,RUB,SEPA,98.27,High,True,Yes
TX-106540,2025-03-05 11:47:28.090420,Australia,UK,12478.41,AUD,SWIFT,68.45,Medium,False,Yes
TX-106541,2024-06-18 19:03:44.090420,Russia,UK,17169.96,RUB,SEPA,37.28,Low,False,Yes
TX-106542,2024-07-28 00:42:00.090420,UK,Italy,98908.49,GBP,RTGS,9.7,Low,False,Yes
TX-106543,2025-02-21 02:05:20.090420,Canada,Japan,72583.96,CAD,Wire,18.14,Low,False,Yes
TX-106544,2024-06-04 07:27:54.090420,South Africa,Spain,5022.95,ZAR,RTGS,48.76,Medium,False,Yes
TX-106545,2024-03-24 23:30:58.090420,Australia,China,70407.72,AUD,Wire,49.47,Medium,False,Yes
TX-106546,2024-08-13 02:31:32.090420,Spain,UK,41276.09,EUR,RTGS,76.77,High,True,Yes
TX-106547,2024-06-15 20:31:14.090420,Germany,India,30790.12,EUR,Wire,72.62,High,True,Yes
TX-106548,2024-12-30 17:34:56.090420,Spain,Italy,15490.67,EUR,ACH,20.13,Low,False,Yes
TX-106549,2025-03-08 11:00:49.090420,France,UK,84006.41,EUR,SEPA,59.5,Medium,False,Yes
TX-106550,2024-12-12 18:17:11.090420,USA,Netherlands,6477.75,USD,Wire,2.06,Low,False,Yes
TX-106551,2024-03-28 07:03:04.090420,Japan,India,29054.56,JPY,SWIFT,39.85,Low,False,Yes
TX-106552,2024-05-20 20:18:13.090420,Germany,India,30707.65,EUR,RTGS,76.41,High,True,Yes
TX-106553,2024-09-05 14:22:20.090420,Japan,France,16174.44,JPY,Wire,39.95,Low,False,Yes
TX-106554,2024-08-13 20:41:52.090420,India,China,50867.67,INR,Wire,83.56,High,True,Yes
TX-106555,2024-08-10 14:46:45.090420,Italy,Russia,1269.09,EUR,ACH,97.62,High,True,Yes
TX-106556,2024-10-12 04:38:28.090420,Italy,France,30167.45,EUR,Wire,60.72,Medium,False,Yes
TX-106557,2024-03-26 16:32:09.090420,Russia,Spain,93369.58,RUB,SEPA,14.5,Low,False,Yes
TX-106558,2024-09-18 16:12:43.090420,Germany,Netherlands,31121.9,EUR,Wire,37.97,Low,False,Yes
TX-106559,2024-07-28 16:33:45.090420,Canada,Canada,36109.89,CAD,SWIFT,0.95,Low,False,Yes
TX-106560,2025-01-08 05:27:45.090420,Australia,France,47369.19,AUD,RTGS,60.27,Medium,False,Yes
TX-106561,2024-10-15 22:34:27.090420,Australia,Netherlands,56213.17,AUD,Wire,82.16,High,True,Yes
TX-106562,2024-04-03 20:10:04.090420,South Africa,Australia,80889.99,ZAR,SEPA,62.99,Medium,False,Yes
TX-106563,2024-05-16 06:50:04.090420,China,India,19113.09,CNY,SEPA,78.61,High,True,Yes
TX-106564,2024-05-23 16:33:00.090420,Australia,Spain,87187.46,AUD,Wire,79.99,High,True,Yes
TX-106565,2024-04-26 06:52:03.090420,Canada,Netherlands,75779.18,CAD,SWIFT,85.1,High,True,Yes
TX-106566,2024-05-30 05:36:14.090420,Russia,France,72292.77,RUB,Wire,26.67,Low,False,Yes
TX-106567,2024-12-04 02:23:18.090420,Australia,South Africa,8771.78,AUD,SEPA,87.13,High,True,Yes
TX-106568,2024-12-15 23:57:43.090420,Australia,Netherlands,2261.9,AUD,SWIFT,65.41,Medium,False,Yes
TX-106569,2025-03-10 10:01:55.090420,Spain,Brazil,59441.87,EUR,ACH,28.97,Low,False,Yes
TX-106570,2024-10-18 04:05:40.090420,Canada,South Africa,86327.08,CAD,Wire,98.73,High,True,Yes
TX-106571,2024-12-28 09:30:08.090420,Australia,Canada,58485.7,AUD,Wire,95.02,High,True,Yes
TX-106572,2024-08-12 23:23:16.090420,Brazil,South Africa,21402.16,BRL,ACH,57.44,Medium,False,Yes
TX-106573,2024-07-01 19:55:31.090420,India,USA,9142.94,INR,ACH,84.32,High,True,Yes
TX-106574,2024-06-01 01:09:03.090420,USA,Russia,69989.69,USD,RTGS,26.15,Low,False,Yes
TX-106575,2024-09-28 23:22:53.090420,Canada,Netherlands,72204.85,CAD,ACH,41.6,Medium,False,Yes
TX-106576,2024-12-22 10:46:59.090420,Italy,UK,17335.92,EUR,SEPA,18.4,Low,False,Yes
TX-106577,2024-07-13 13:22:21.090420,Italy,South Africa,2916.21,EUR,ACH,52.01,Medium,False,Yes
TX-106578,2024-05-17 07:22:55.090420,USA,India,40887.52,USD,SWIFT,49.6,Medium,False,Yes
TX-106579,2025-02-15 11:54:00.090420,Japan,UK,58313.6,JPY,SEPA,21.28,Low,False,Yes
TX-106580,2024-05-07 00:27:06.090420,Japan,Spain,70629.64,JPY,SWIFT,67.28,Medium,False,Yes
TX-106581,2024-07-17 11:51:41.090420,USA,UK,81013.51,USD,Wire,11.78,Low,False,Yes
TX-106582,2024-03-24 22:58:31.090420,Russia,Italy,61092.69,RUB,SWIFT,6.17,Low,False,Yes
TX-106583,2024-05-01 09:19:23.090420,Canada,Australia,11176.97,CAD,Wire,38.49,Low,False,Yes
TX-106584,2024-12-26 15:28:29.090420,South Africa,Brazil,68289.91,ZAR,Wire,40.98,Medium,False,Yes
TX-106585,2024-07-01 16:37:21.090420,China,South Africa,98419.25,CNY,RTGS,31.97,Low,False,Yes
TX-106586,2024-09-26 12:12:56.090420,China,South Africa,90567.9,CNY,SEPA,25.79,Low,False,Yes
TX-106587,2025-02-17 02:23:07.090420,India,Australia,87179.72,INR,SWIFT,33.88,Low,False,Yes
TX-106588,2024-05-18 06:51:16.090420,France,Russia,30286.8,EUR,ACH,16.34,Low,False,Yes
TX-106589,2024-12-24 11:19:26.090420,Netherlands,Canada,75103.74,EUR,RTGS,40.35,Medium,False,Yes
TX-106590,2024-04-25 04:05:54.090420,Japan,Canada,85125.23,JPY,RTGS,90.46,High,True,Yes
TX-106591,2024-12-19 01:36:04.090420,Japan,China,67864.79,JPY,ACH,22.44,Low,False,Yes
TX-106592,2024-07-10 02:28:38.090420,Germany,Italy,25131.12,EUR,SEPA,68.45,Medium,False,Yes
TX-106593,2024-07-16 07:06:51.090420,India,Brazil,95388.01,INR,SEPA,14.18,Low,False,Yes
TX-106594,2024-08-27 13:35:53.090420,India,France,45136.86,INR,SEPA,35.39,Low,False,Yes
TX-106595,2024-09-09 06:15:24.090420,Australia,UK,13067.58,AUD,RTGS,32.12,Low,False,Yes
TX-106596,2025-02-16 23:15:45.090420,Spain,Canada,11066.81,EUR,ACH,93.7,High,True,Yes
TX-106597,2025-02-03 19:13:23.090420,Spain,Spain,64787.15,EUR,SEPA,42.8,Medium,False,Yes
TX-106598,2024-12-16 20:19:50.090420,Russia,UK,43827.19,RUB,Wire,69.05,Medium,False,Yes
TX-106599,2024-06-26 14:53:28.090420,USA,UK,9538.94,USD,SWIFT,60.25,Medium,False,Yes
TX-106600,2024-05-22 07:04:17.090420,Russia,South Africa,74062.42,RUB,Wire,14.1,Low,False,Yes
TX-106601,2024-05-01 12:41:33.090420,Germany,Italy,79952.58,EUR,RTGS,93.95,High,True,Yes
TX-106602,2024-05-23 06:20:25.090420,Russia,Spain,72569.02,RUB,Wire,34.59,Low,False,Yes
TX-106603,2024-10-08 00:07:44.090420,Australia,Spain,20305.86,AUD,ACH,4.48,Low,False,Yes
TX-106604,2024-09-11 01:24:25.090420,Spain,Australia,69008.57,EUR,SWIFT,30.04,Low,False,Yes
TX-106605,2024-12-22 06:04:46.090420,Japan,Italy,1171.21,JPY,SWIFT,33.56,Low,False,Yes
TX-106606,2024-04-03 11:45:18.090420,South Africa,Australia,30580.7,ZAR,RTGS,9.27,Low,False,Yes
TX-106607,2024-10-05 00:15:57.090420,China,Brazil,39942.27,CNY,SEPA,62.0,Medium,False,Yes
TX-106608,2024-12-03 20:39:04.091425,China,Italy,83541.17,CNY,SWIFT,34.68,Low,False,Yes
TX-106609,2024-08-13 11:38:06.091425,Australia,China,39100.4,AUD,SEPA,62.91,Medium,False,Yes
TX-106610,2024-04-21 14:54:15.091425,Brazil,South Africa,1225.82,BRL,ACH,0.67,Low,False,Yes
TX-106611,2024-04-14 20:17:15.091425,India,India,35299.41,INR,SEPA,98.2,High,True,Yes
TX-106612,2024-12-20 23:32:23.091425,Spain,Spain,49942.52,EUR,SEPA,17.05,Low,False,Yes
TX-106613,2024-06-01 00:12:06.091425,Brazil,UK,94905.58,BRL,SEPA,65.93,Medium,False,Yes
TX-106614,2024-03-27 03:07:33.091425,Australia,South Africa,94109.33,AUD,SWIFT,71.58,High,True,Yes
TX-106615,2024-07-11 22:39:58.091425,Canada,India,18169.32,CAD,Wire,17.16,Low,False,Yes
TX-106616,2024-10-20 17:06:24.091425,Canada,Netherlands,18596.14,CAD,ACH,11.17,Low,False,Yes
TX-106617,2024-11-23 23:14:21.091425,South Africa,Germany,16421.81,ZAR,RTGS,15.26,Low,False,Yes
TX-106618,2025-02-01 20:36:26.091425,India,Italy,78913.3,INR,Wire,24.68,Low,False,Yes
TX-106619,2024-11-04 19:05:34.091425,Germany,Italy,701.6,EUR,RTGS,16.82,Low,False,Yes
TX-106620,2024-10-08 16:26:56.091425,USA,Japan,12805.0,USD,SWIFT,67.4,Medium,False,Yes
TX-106621,2024-04-30 00:42:33.091425,Spain,Australia,53842.17,EUR,SWIFT,42.08,Medium,False,Yes
TX-106622,2025-02-19 02:07:40.091425,Spain,Japan,24831.45,EUR,SEPA,53.78,Medium,False,Yes
TX-106623,2024-06-08 06:55:47.091425,Russia,Japan,9326.41,RUB,Wire,4.73,Low,False,Yes
TX-106624,2024-12-24 12:14:51.091425,India,Australia,36051.81,INR,Wire,86.12,High,True,Yes
TX-106625,2024-10-31 05:48:14.091425,South Africa,Japan,27493.34,ZAR,Wire,17.06,Low,False,Yes
TX-106626,2024-07-25 02:18:21.091425,France,Japan,51159.32,EUR,ACH,36.02,Low,False,Yes
TX-106627,2024-05-06 04:46:53.091425,Japan,Russia,97925.44,JPY,SEPA,7.19,Low,False,Yes
TX-106628,2025-02-17 10:25:46.091425,Japan,Germany,12518.03,JPY,SEPA,13.68,Low,False,Yes
TX-106629,2024-12-18 07:56:18.091425,Spain,Italy,37335.4,EUR,SEPA,66.58,Medium,False,Yes
TX-106630,2024-03-30 02:17:13.091425,Brazil,Canada,93205.3,BRL,Wire,69.26,Medium,False,Yes
TX-106631,2024-10-27 01:08:04.091425,Canada,China,87699.62,CAD,ACH,67.7,Medium,False,Yes
TX-106632,2024-09-08 08:47:37.091425,USA,Brazil,39487.68,USD,ACH,55.21,Medium,False,Yes
TX-106633,2024-06-15 03:40:46.091425,Netherlands,Italy,69925.43,EUR,RTGS,95.25,High,True,Yes
TX-106634,2024-11-12 16:06:01.091425,UK,Japan,8876.92,GBP,Wire,50.72,Medium,False,Yes
TX-106635,2025-01-17 00:07:28.091425,Australia,China,71282.85,AUD,Wire,44.94,Medium,False,Yes
TX-106636,2024-03-20 09:50:06.091425,UK,South Africa,97288.49,GBP,Wire,24.75,Low,False,Yes
TX-106637,2024-08-27 20:49:29.091425,Russia,Brazil,53795.07,RUB,Wire,9.88,Low,False,Yes
TX-106638,2024-11-07 07:55:58.091425,Brazil,South Africa,49899.17,BRL,SEPA,54.82,Medium,False,Yes
TX-106639,2024-07-11 12:03:42.091425,Brazil,Brazil,18813.13,BRL,RTGS,31.49,Low,False,Yes
TX-106640,2024-08-05 17:46:36.091425,Brazil,Germany,63415.44,BRL,SEPA,52.4,Medium,False,Yes
TX-106641,2024-05-02 09:37:54.091425,Italy,Brazil,59084.68,EUR,SEPA,20.61,Low,False,Yes
TX-106642,2024-11-10 10:32:16.091425,Canada,Canada,65228.11,CAD,Wire,83.82,High,True,Yes
TX-106643,2024-08-16 02:09:39.091425,France,Germany,2705.72,EUR,ACH,99.97,High,True,Yes
TX-106644,2024-04-04 02:27:08.091425,China,Spain,54917.48,CNY,Wire,32.24,Low,False,Yes
TX-106645,2024-07-31 20:14:04.091425,Germany,USA,59533.99,EUR,Wire,84.23,High,True,Yes
TX-106646,2024-07-23 15:15:26.091425,Germany,Germany,20832.26,EUR,ACH,87.3,High,True,Yes
TX-106647,2024-09-18 17:09:07.091425,Canada,Russia,20912.45,CAD,RTGS,99.61,High,True,Yes
TX-106648,2024-09-11 04:31:07.091425,Netherlands,USA,27694.2,EUR,SWIFT,34.27,Low,False,Yes
TX-106649,2024-03-23 02:05:13.091425,Russia,Spain,71200.99,RUB,RTGS,75.6,High,True,Yes
TX-106650,2024-04-21 19:50:05.091425,Italy,Japan,60665.98,EUR,RTGS,22.88,Low,False,Yes
TX-106651,2025-03-08 10:04:33.091425,Germany,Australia,84591.69,EUR,Wire,62.48,Medium,False,Yes
TX-106652,2025-01-11 01:51:48.091425,Australia,UK,29636.29,AUD,RTGS,70.48,High,True,Yes
TX-106653,2024-11-09 12:53:23.091425,Russia,Netherlands,91215.6,RUB,ACH,74.11,High,True,Yes
TX-106654,2025-02-09 23:10:16.091425,South Africa,Canada,74396.25,ZAR,RTGS,20.72,Low,False,Yes
TX-106655,2024-12-03 07:40:30.091425,Germany,USA,39561.67,EUR,Wire,84.87,High,True,Yes
TX-106656,2024-07-05 08:10:19.091425,Brazil,Netherlands,9616.68,BRL,ACH,42.1,Medium,False,Yes
TX-106657,2024-11-24 12:41:34.091425,Spain,Spain,25772.67,EUR,SWIFT,21.64,Low,False,Yes
TX-106658,2025-01-24 01:04:44.091425,Canada,Spain,95681.14,CAD,Wire,54.25,Medium,False,Yes
TX-106659,2024-08-08 14:11:22.091425,South Africa,Russia,31105.3,ZAR,ACH,86.34,High,True,Yes
TX-106660,2024-12-09 18:20:33.091425,Italy,Russia,33057.11,EUR,SWIFT,96.71,High,True,Yes
TX-106661,2024-03-20 08:08:05.091425,USA,Russia,19039.93,USD,Wire,74.82,High,True,Yes
TX-106662,2024-11-08 00:08:06.091425,Netherlands,South Africa,80704.38,EUR,ACH,0.56,Low,False,Yes
TX-106663,2024-11-01 01:58:04.091425,India,Russia,27636.86,INR,RTGS,13.47,Low,False,Yes
TX-106664,2024-12-17 15:33:37.091425,Russia,UK,33092.8,RUB,RTGS,7.63,Low,False,Yes
TX-106665,2025-02-09 03:46:45.091425,India,France,41493.38,INR,RTGS,10.12,Low,False,Yes
TX-106666,2024-07-21 13:35:33.091425,China,Australia,43429.46,CNY,Wire,38.3,Low,False,Yes
TX-106667,2024-05-28 13:49:00.091425,Canada,UK,41192.94,CAD,RTGS,33.85,Low,False,Yes
TX-106668,2025-02-03 19:30:58.091425,South Africa,Russia,50424.0,ZAR,ACH,11.37,Low,False,Yes
TX-106669,2024-09-05 02:29:25.091425,Netherlands,Russia,81469.84,EUR,RTGS,88.22,High,True,Yes
TX-106670,2024-10-19 23:30:35.091425,Australia,Japan,81946.58,AUD,SEPA,61.54,Medium,False,Yes
TX-106671,2025-02-16 11:00:53.091425,Australia,Netherlands,79851.48,AUD,SEPA,79.65,High,True,Yes
TX-106672,2025-01-09 02:13:58.091425,India,Netherlands,10202.37,INR,RTGS,37.15,Low,False,Yes
TX-106673,2024-09-14 16:59:32.091425,China,Italy,79987.91,CNY,RTGS,41.02,Medium,False,Yes
TX-106674,2024-10-08 15:02:39.091425,Japan,Germany,12113.15,JPY,SEPA,31.76,Low,False,Yes
TX-106675,2024-10-02 11:11:46.091425,UK,Germany,12559.9,GBP,SWIFT,43.84,Medium,False,Yes
TX-106676,2024-08-29 11:27:20.091425,Australia,Russia,94791.49,AUD,Wire,61.04,Medium,False,Yes
TX-106677,2024-07-24 21:47:53.091425,USA,Germany,81957.84,USD,SWIFT,49.3,Medium,False,Yes
TX-106678,2024-07-16 21:19:14.091425,Japan,USA,55285.81,JPY,SEPA,83.79,High,True,Yes
TX-106679,2024-09-29 03:39:56.091425,Brazil,Brazil,87509.52,BRL,RTGS,90.01,High,True,Yes
TX-106680,2024-10-07 01:59:21.091425,USA,UK,98937.53,USD,SEPA,46.97,Medium,False,Yes
TX-106681,2025-01-28 20:57:11.091425,Japan,Canada,61103.14,JPY,Wire,23.97,Low,False,Yes
TX-106682,2024-04-03 10:53:42.091425,Netherlands,Brazil,61328.55,EUR,SEPA,94.52,High,True,Yes
TX-106683,2024-03-26 15:17:51.091425,Italy,Brazil,75467.26,EUR,SEPA,73.5,High,True,Yes
TX-106684,2024-10-04 02:52:17.091425,Russia,UK,23290.68,RUB,RTGS,64.01,Medium,False,Yes
TX-106685,2024-08-03 20:59:33.091425,China,Italy,16795.77,CNY,RTGS,74.54,High,True,Yes
TX-106686,2025-02-02 13:10:09.091425,Australia,Brazil,75982.12,AUD,ACH,7.6,Low,False,Yes
TX-106687,2024-03-24 21:42:18.091425,Netherlands,USA,34555.99,EUR,Wire,6.76,Low,False,Yes
TX-106688,2025-03-06 16:29:34.091425,Japan,Brazil,13593.53,JPY,SEPA,15.31,Low,False,Yes
TX-106689,2024-07-08 01:36:30.091425,South Africa,Italy,31556.28,ZAR,SEPA,14.75,Low,False,Yes
TX-106690,2024-08-11 02:05:33.091425,Netherlands,Spain,35927.82,EUR,Wire,42.07,Medium,False,Yes
TX-106691,2024-10-13 12:02:22.091425,Netherlands,USA,96526.24,EUR,SWIFT,15.74,Low,False,Yes
TX-106692,2024-06-27 16:15:23.091425,UK,Brazil,69826.18,GBP,SWIFT,85.45,High,True,Yes
TX-106693,2025-03-08 03:28:55.091425,Brazil,Canada,53132.55,BRL,SEPA,57.81,Medium,False,Yes
TX-106694,2025-01-25 03:57:46.091425,China,India,96890.43,CNY,ACH,36.83,Low,False,Yes
TX-106695,2024-07-03 16:25:38.091425,UK,China,90323.66,GBP,Wire,6.96,Low,False,Yes
TX-106696,2024-05-05 20:08:42.091425,Brazil,Canada,51248.89,BRL,SEPA,59.1,Medium,False,Yes
TX-106697,2024-04-12 17:44:14.091425,Russia,Australia,90577.4,RUB,SEPA,11.65,Low,False,Yes
TX-106698,2024-12-29 18:32:07.091425,UK,Russia,40490.04,GBP,RTGS,74.32,High,True,Yes
TX-106699,2024-12-15 11:51:11.091425,Canada,China,23119.02,CAD,ACH,80.28,High,True,Yes
TX-106700,2025-02-19 23:14:27.091425,Italy,Russia,23344.55,EUR,SWIFT,54.4,Medium,False,Yes
TX-106701,2025-02-01 17:54:14.091425,India,UK,66265.32,INR,SWIFT,14.96,Low,False,Yes
TX-106702,2024-04-30 16:53:59.091425,China,USA,50156.93,CNY,SWIFT,78.69,High,True,Yes
TX-106703,2024-11-21 12:35:55.091425,China,UK,65929.19,CNY,ACH,30.78,Low,False,Yes
TX-106704,2024-05-19 13:11:03.091425,Netherlands,Spain,68638.99,EUR,SEPA,22.27,Low,False,Yes
TX-106705,2025-02-14 13:09:03.091425,Spain,UK,2330.06,EUR,SWIFT,47.06,Medium,False,Yes
TX-106706,2024-10-25 13:25:18.091425,Japan,Canada,5498.56,JPY,SWIFT,92.26,High,True,Yes
TX-106707,2024-07-27 00:55:06.091425,Netherlands,Germany,53314.5,EUR,RTGS,29.74,Low,False,Yes
TX-106708,2024-12-22 16:40:16.091425,Italy,Canada,19184.44,EUR,RTGS,90.56,High,True,Yes
TX-106709,2024-07-29 16:39:15.091425,Italy,USA,63290.12,EUR,RTGS,5.37,Low,False,Yes
TX-106710,2024-09-29 14:56:24.091425,China,China,55263.36,CNY,ACH,8.35,Low,False,Yes
TX-106711,2024-04-28 16:03:43.091425,Netherlands,Russia,58617.46,EUR,RTGS,69.86,Medium,False,Yes
TX-106712,2024-08-06 14:43:04.091425,Brazil,Russia,30315.29,BRL,RTGS,19.06,Low,False,Yes
TX-106713,2024-05-28 04:45:58.091425,South Africa,Italy,64020.37,ZAR,Wire,31.66,Low,False,Yes
TX-106714,2024-04-12 15:56:22.091425,Germany,UK,82966.31,EUR,RTGS,13.64,Low,False,Yes
TX-106715,2024-07-01 13:26:21.091425,France,South Africa,99807.32,EUR,SEPA,33.22,Low,False,Yes
TX-106716,2024-05-26 16:47:59.091425,Italy,UK,83860.59,EUR,Wire,28.05,Low,False,Yes
TX-106717,2024-05-22 20:20:16.091425,Spain,Australia,55794.13,EUR,Wire,73.63,High,True,Yes
TX-106718,2024-12-02 01:12:42.091425,France,Brazil,19423.62,EUR,ACH,70.2,High,True,Yes
TX-106719,2024-06-04 01:59:23.092418,Australia,UK,68176.44,AUD,SWIFT,95.49,High,True,Yes
TX-106720,2024-11-18 10:02:30.092418,South Africa,Brazil,93771.61,ZAR,SEPA,72.44,High,True,Yes
TX-106721,2024-08-21 08:34:34.092418,UK,Japan,21265.47,GBP,SWIFT,69.48,Medium,False,Yes
TX-106722,2024-04-04 03:32:48.092418,UK,Brazil,25673.96,GBP,Wire,69.42,Medium,False,Yes
TX-106723,2024-09-05 13:05:58.092418,Italy,France,14985.95,EUR,SWIFT,88.3,High,True,Yes
TX-106724,2024-11-12 02:49:12.092418,China,Australia,73698.49,CNY,SEPA,29.62,Low,False,Yes
TX-106725,2024-05-11 18:46:40.092418,Brazil,Italy,40715.49,BRL,Wire,30.01,Low,False,Yes
TX-106726,2024-12-20 12:12:11.092418,Netherlands,Brazil,6363.29,EUR,RTGS,74.12,High,True,Yes
TX-106727,2024-06-24 19:32:03.092418,Brazil,Spain,87507.5,BRL,SEPA,22.87,Low,False,Yes
TX-106728,2025-02-01 14:56:29.092418,Japan,Australia,55811.42,JPY,RTGS,91.2,High,True,Yes
TX-106729,2024-06-11 04:34:14.092418,France,South Africa,33176.32,EUR,SWIFT,53.48,Medium,False,Yes
TX-106730,2025-02-16 01:26:49.092418,Russia,India,34463.9,RUB,Wire,30.01,Low,False,Yes
TX-106731,2024-06-04 12:09:04.092418,Brazil,Brazil,29096.1,BRL,Wire,77.61,High,True,Yes
TX-106732,2024-09-06 19:09:14.092418,Japan,USA,45602.47,JPY,SEPA,31.23,Low,False,Yes
TX-106733,2024-07-01 01:00:11.092418,Russia,France,33770.46,RUB,Wire,96.33,High,True,Yes
TX-106734,2024-05-19 07:08:34.092418,Spain,Canada,54839.84,EUR,SWIFT,98.3,High,True,Yes
TX-106735,2025-01-27 03:39:19.092418,Brazil,UK,77374.37,BRL,Wire,66.68,Medium,False,Yes
TX-106736,2024-06-06 05:56:31.092418,Brazil,USA,67478.68,BRL,ACH,11.36,Low,False,Yes
TX-106737,2024-07-23 12:43:09.092418,Netherlands,Netherlands,29516.24,EUR,Wire,26.32,Low,False,Yes
TX-106738,2024-11-15 04:28:15.092418,Japan,India,52921.23,JPY,RTGS,51.54,Medium,False,Yes
TX-106739,2024-10-23 11:24:29.092418,India,USA,84028.6,INR,Wire,85.14,High,True,Yes
TX-106740,2025-02-21 23:20:32.092418,Germany,China,6913.8,EUR,SWIFT,18.49,Low,False,Yes
TX-106741,2024-11-16 17:04:50.092418,Germany,South Africa,7921.9,EUR,ACH,10.44,Low,False,Yes
TX-106742,2024-05-26 15:46:28.092418,Germany,UK,55661.39,EUR,RTGS,7.45,Low,False,Yes
TX-106743,2024-05-02 17:55:01.092418,China,Japan,63947.6,CNY,RTGS,50.7,Medium,False,Yes
TX-106744,2024-08-12 22:16:20.092418,Brazil,UK,21220.16,BRL,RTGS,88.47,High,True,Yes
TX-106745,2024-07-24 18:29:57.092418,France,USA,74547.49,EUR,RTGS,4.24,Low,False,Yes
TX-106746,2025-03-17 07:34:53.092418,India,Italy,64661.71,INR,RTGS,21.23,Low,False,Yes
TX-106747,2025-03-09 01:17:19.092418,Spain,Russia,92336.6,EUR,RTGS,69.33,Medium,False,Yes
TX-106748,2024-12-04 11:44:26.092418,Netherlands,Italy,16978.52,EUR,SEPA,82.59,High,True,Yes
TX-106749,2024-06-28 04:34:19.092418,India,India,75162.29,INR,SWIFT,80.74,High,True,Yes
TX-106750,2024-08-06 03:00:27.092418,UK,Netherlands,8455.94,GBP,Wire,78.51,High,True,Yes
TX-106751,2024-03-25 14:26:21.092418,Brazil,Australia,56572.71,BRL,Wire,12.98,Low,False,Yes
TX-106752,2025-02-13 02:06:43.092418,India,Japan,55234.32,INR,SEPA,39.72,Low,False,Yes
TX-106753,2025-01-07 09:59:45.092418,UK,Brazil,38899.67,GBP,Wire,98.47,High,True,Yes
TX-106754,2025-02-28 04:32:32.092418,Japan,Russia,84472.66,JPY,RTGS,98.89,High,True,Yes
TX-106755,2024-04-03 23:59:08.092418,Japan,France,536.63,JPY,RTGS,60.24,Medium,False,Yes
TX-106756,2024-12-30 06:32:28.092418,Brazil,Netherlands,52065.92,BRL,RTGS,70.93,High,True,Yes
TX-106757,2024-09-26 17:18:43.092418,India,China,21793.64,INR,ACH,95.13,High,True,Yes
TX-106758,2024-10-17 17:15:43.092418,Spain,Japan,74375.51,EUR,RTGS,44.99,Medium,False,Yes
TX-106759,2024-10-23 15:41:56.092418,Brazil,France,4402.44,BRL,Wire,13.69,Low,False,Yes
TX-106760,2024-06-29 11:40:56.092418,Canada,Brazil,83172.31,CAD,Wire,66.89,Medium,False,Yes
TX-106761,2024-06-26 19:55:17.092418,South Africa,Germany,83825.41,ZAR,RTGS,96.01,High,True,Yes
TX-106762,2024-10-17 15:10:35.092418,Spain,Italy,83303.31,EUR,SEPA,69.72,Medium,False,Yes
TX-106763,2025-01-07 03:44:51.092418,Japan,Netherlands,15341.6,JPY,ACH,80.33,High,True,Yes
TX-106764,2024-04-17 15:40:21.092418,Australia,UK,63077.61,AUD,ACH,42.27,Medium,False,Yes
TX-106765,2024-05-04 10:03:02.092418,China,France,1535.3,CNY,RTGS,9.65,Low,False,Yes
TX-106766,2024-05-16 19:17:06.092418,China,Canada,84811.46,CNY,SWIFT,16.89,Low,False,Yes
TX-106767,2025-02-13 18:49:28.092418,India,Japan,72325.22,INR,SWIFT,98.27,High,True,Yes
TX-106768,2024-12-26 11:14:00.092418,Brazil,Italy,53162.26,BRL,Wire,49.32,Medium,False,Yes
TX-106769,2024-06-05 12:47:28.092418,Italy,UK,73086.08,EUR,SEPA,1.2,Low,False,Yes
TX-106770,2024-10-24 01:58:07.092418,India,Brazil,9522.98,INR,ACH,95.54,High,True,Yes
TX-106771,2024-12-23 16:21:07.092418,Brazil,Germany,52912.72,BRL,RTGS,49.78,Medium,False,Yes
TX-106772,2024-08-27 17:45:19.092418,Netherlands,Italy,29198.52,EUR,RTGS,83.63,High,True,Yes
TX-106773,2024-09-08 09:46:01.092418,Russia,China,97264.68,RUB,SWIFT,54.85,Medium,False,Yes
TX-106774,2024-05-31 20:56:59.092418,Japan,USA,85726.08,JPY,RTGS,10.17,Low,False,Yes
TX-106775,2024-07-16 16:02:20.092418,France,Germany,73354.24,EUR,SEPA,61.56,Medium,False,Yes
TX-106776,2024-11-22 13:36:36.092418,Netherlands,Italy,93381.39,EUR,RTGS,99.74,High,True,Yes
TX-106777,2024-06-08 18:52:54.092418,Russia,UK,34749.65,RUB,ACH,3.47,Low,False,Yes
TX-106778,2024-05-12 12:01:59.092418,Italy,Russia,90097.9,EUR,SEPA,84.18,High,True,Yes
TX-106779,2024-08-30 15:29:50.092418,South Africa,Brazil,32591.3,ZAR,Wire,23.55,Low,False,Yes
TX-106780,2024-08-22 14:18:07.092418,USA,Japan,73306.39,USD,RTGS,39.39,Low,False,Yes
TX-106781,2024-09-19 08:51:00.092418,Japan,China,73668.05,JPY,SWIFT,37.27,Low,False,Yes
TX-106782,2024-04-07 23:22:10.092418,Canada,Russia,1933.15,CAD,Wire,89.88,High,True,Yes
TX-106783,2024-03-31 22:41:28.092418,USA,Canada,36169.86,USD,Wire,50.45,Medium,False,Yes
TX-106784,2025-01-14 16:48:06.092418,Italy,Russia,2041.32,EUR,ACH,44.72,Medium,False,Yes
TX-106785,2024-10-07 18:35:39.092418,UK,Brazil,99709.49,GBP,RTGS,81.8,High,True,Yes
TX-106786,2024-07-08 10:53:23.092418,USA,Australia,12307.46,USD,Wire,4.89,Low,False,Yes
TX-106787,2024-09-19 14:05:42.092418,India,Australia,54326.81,INR,SEPA,8.65,Low,False,Yes
TX-106788,2024-08-20 06:04:56.092418,USA,Spain,79076.57,USD,SEPA,2.17,Low,False,Yes
TX-106789,2024-07-05 22:27:34.092418,Germany,India,20206.23,EUR,ACH,68.8,Medium,False,Yes
TX-106790,2024-07-03 08:52:23.092418,France,India,48556.76,EUR,SEPA,52.56,Medium,False,Yes
TX-106791,2025-03-10 16:39:02.092418,South Africa,Italy,60782.13,ZAR,Wire,87.6,High,True,Yes
TX-106792,2024-10-13 02:19:41.092418,South Africa,Russia,16104.45,ZAR,SWIFT,49.85,Medium,False,Yes
TX-106793,2024-11-26 17:57:20.092418,UK,Italy,77877.69,GBP,SWIFT,22.18,Low,False,Yes
TX-106794,2024-04-15 19:53:55.092418,France,UK,30003.71,EUR,SEPA,80.51,High,True,Yes
TX-106795,2024-06-04 22:39:18.092418,India,USA,21181.21,INR,RTGS,29.43,Low,False,Yes
TX-106796,2024-05-01 01:01:40.092418,France,South Africa,55873.05,EUR,Wire,93.57,High,True,Yes
TX-106797,2025-02-16 20:16:50.092418,UK,Spain,41090.33,GBP,ACH,25.04,Low,False,Yes
TX-106798,2025-02-28 19:43:26.092418,Russia,India,92036.57,RUB,RTGS,16.77,Low,False,Yes
TX-106799,2024-12-22 08:20:03.092418,USA,Italy,88018.26,USD,SEPA,49.33,Medium,False,Yes
TX-106800,2025-02-15 03:13:34.092418,Brazil,Germany,48386.73,BRL,Wire,5.05,Low,False,Yes
TX-106801,2024-05-08 17:46:18.092418,South Africa,France,35990.45,ZAR,Wire,3.64,Low,False,Yes
TX-106802,2024-09-14 20:19:20.092418,France,Canada,32619.25,EUR,SWIFT,49.6,Medium,False,Yes
TX-106803,2024-12-26 01:22:32.092418,Germany,Canada,26829.61,EUR,RTGS,21.51,Low,False,Yes
TX-106804,2024-11-21 01:10:45.092418,South Africa,Canada,54500.33,ZAR,SEPA,0.94,Low,False,Yes
TX-106805,2024-06-19 09:13:36.092418,Japan,Spain,80517.36,JPY,RTGS,29.61,Low,False,Yes
TX-106806,2024-09-12 09:41:41.092418,USA,China,31144.59,USD,ACH,47.74,Medium,False,Yes
TX-106807,2024-12-23 22:15:44.092418,Spain,South Africa,19090.4,EUR,SWIFT,39.43,Low,False,Yes
TX-106808,2024-06-17 03:14:38.092418,Russia,Russia,47600.83,RUB,RTGS,13.55,Low,False,Yes
TX-106809,2024-10-15 13:49:37.092418,Australia,Spain,6996.54,AUD,SEPA,57.97,Medium,False,Yes
TX-106810,2024-10-04 16:18:05.092418,Canada,USA,70157.77,CAD,RTGS,71.03,High,True,Yes
TX-106811,2025-01-08 14:53:14.092418,China,Germany,51883.99,CNY,RTGS,67.55,Medium,False,Yes
TX-106812,2024-10-14 06:41:23.092418,Russia,France,49687.84,RUB,SWIFT,39.38,Low,False,Yes
TX-106813,2025-02-18 04:49:27.092418,India,UK,30114.49,INR,SEPA,13.76,Low,False,Yes
TX-106814,2024-07-28 18:33:20.092418,Brazil,Japan,90476.88,BRL,SEPA,49.95,Medium,False,Yes
TX-106815,2024-05-21 18:15:26.092418,Japan,Canada,9139.58,JPY,RTGS,89.04,High,True,Yes
TX-106816,2024-04-14 13:20:24.092418,Russia,Canada,86995.42,RUB,SEPA,46.87,Medium,False,Yes
TX-106817,2025-01-27 16:30:16.092418,Germany,Germany,37732.85,EUR,Wire,19.57,Low,False,Yes
TX-106818,2024-05-31 13:17:36.092418,Brazil,China,88074.29,BRL,ACH,9.31,Low,False,Yes
TX-106819,2024-05-15 05:45:49.092418,India,USA,72903.27,INR,Wire,94.39,High,True,Yes
TX-106820,2024-06-30 11:00:27.092418,Japan,South Africa,10506.66,JPY,RTGS,74.3,High,True,Yes
TX-106821,2024-10-01 19:33:28.092418,Italy,Netherlands,83170.48,EUR,ACH,31.3,Low,False,Yes
TX-106822,2024-04-20 21:29:44.092418,Germany,France,68249.47,EUR,SWIFT,29.54,Low,False,Yes
TX-106823,2024-11-17 01:42:20.092418,Japan,Germany,3326.96,JPY,Wire,89.52,High,True,Yes
TX-106824,2024-12-29 04:31:33.092418,South Africa,Japan,13456.9,ZAR,ACH,17.76,Low,False,Yes
TX-106825,2024-04-04 18:26:21.092418,South Africa,Germany,63599.24,ZAR,Wire,53.5,Medium,False,Yes
TX-106826,2025-02-27 21:38:36.092418,South Africa,India,66293.79,ZAR,RTGS,71.35,High,True,Yes
TX-106827,2024-08-10 20:47:18.092418,Brazil,Netherlands,74690.48,BRL,SEPA,39.64,Low,False,Yes
TX-106828,2024-08-26 16:09:42.092418,France,USA,72052.52,EUR,Wire,3.99,Low,False,Yes
TX-106829,2024-09-08 15:31:33.092418,Brazil,Germany,65986.04,BRL,ACH,22.78,Low,False,Yes
TX-106830,2024-11-27 21:29:03.092418,India,France,76647.27,INR,SEPA,90.18,High,True,Yes
TX-106831,2025-03-02 04:17:20.092418,USA,Canada,57551.06,USD,Wire,52.31,Medium,False,Yes
TX-106832,2024-04-15 05:41:00.092418,Netherlands,China,26153.06,EUR,SEPA,81.54,High,True,Yes
TX-106833,2024-12-15 07:07:32.092418,Italy,China,91246.42,EUR,RTGS,55.57,Medium,False,Yes
TX-106834,2025-01-17 03:56:15.092418,Italy,USA,1919.58,EUR,SWIFT,94.36,High,True,Yes
TX-106835,2024-09-22 01:06:22.092418,Italy,China,36719.52,EUR,SWIFT,90.91,High,True,Yes
TX-106836,2025-01-06 08:35:41.093418,South Africa,South Africa,72914.14,ZAR,SEPA,48.29,Medium,False,Yes
TX-106837,2025-03-03 23:27:07.093418,India,Australia,42772.89,INR,ACH,31.83,Low,False,Yes
TX-106838,2024-03-31 13:21:05.093418,Spain,USA,2580.96,EUR,RTGS,60.17,Medium,False,Yes
TX-106839,2024-07-18 02:19:49.093418,Japan,USA,6691.49,JPY,RTGS,67.49,Medium,False,Yes
TX-106840,2025-02-08 20:29:00.093418,USA,Spain,64898.87,USD,SWIFT,49.84,Medium,False,Yes
TX-106841,2025-02-17 13:07:05.093418,USA,Canada,96489.97,USD,ACH,82.23,High,True,Yes
TX-106842,2024-04-30 09:16:26.093418,Brazil,France,55231.18,BRL,SEPA,18.33,Low,False,Yes
TX-106843,2024-05-04 11:57:48.093418,France,USA,50725.11,EUR,ACH,33.44,Low,False,Yes
TX-106844,2024-07-27 04:24:23.093418,Germany,Spain,31900.69,EUR,Wire,68.64,Medium,False,Yes
TX-106845,2025-01-13 09:39:45.093418,China,South Africa,25743.4,CNY,SEPA,24.67,Low,False,Yes
TX-106846,2024-12-09 04:57:21.093418,Russia,France,2196.4,RUB,RTGS,43.98,Medium,False,Yes
TX-106847,2024-07-15 08:50:20.093418,South Africa,Italy,27368.19,ZAR,SEPA,96.37,High,True,Yes
TX-106848,2024-11-17 00:52:11.093418,Russia,Japan,44966.13,RUB,SWIFT,62.59,Medium,False,Yes
TX-106849,2024-07-05 13:49:56.093418,Russia,Germany,19875.18,RUB,ACH,94.91,High,True,Yes
TX-106850,2024-07-30 23:38:53.093418,Australia,Spain,8826.06,AUD,Wire,72.24,High,True,Yes
TX-106851,2024-03-25 10:56:34.093418,Russia,South Africa,71801.01,RUB,RTGS,72.47,High,True,Yes
TX-106852,2025-02-08 01:23:41.093418,Germany,Italy,89472.56,EUR,SEPA,59.19,Medium,False,Yes
TX-106853,2025-01-01 12:57:09.093418,Netherlands,Brazil,93683.53,EUR,ACH,14.22,Low,False,Yes
TX-106854,2025-03-12 18:00:19.093418,India,Spain,61838.07,INR,RTGS,51.97,Medium,False,Yes
TX-106855,2024-06-11 19:56:34.093418,Brazil,UK,5372.18,BRL,SEPA,25.27,Low,False,Yes
TX-106856,2024-10-21 23:43:33.093418,Brazil,Brazil,74112.18,BRL,SEPA,99.87,High,True,Yes
TX-106857,2024-11-13 08:30:57.093418,India,India,11098.52,INR,RTGS,26.7,Low,False,Yes
TX-106858,2025-01-30 20:18:15.093418,Spain,Canada,67007.84,EUR,SWIFT,23.07,Low,False,Yes
TX-106859,2024-12-24 04:26:33.093418,South Africa,Spain,77958.65,ZAR,ACH,62.39,Medium,False,Yes
TX-106860,2024-07-01 22:44:59.093418,China,Italy,72613.88,CNY,RTGS,51.09,Medium,False,Yes
TX-106861,2024-06-21 19:39:38.093418,Japan,Netherlands,95193.19,JPY,SEPA,2.14,Low,False,Yes
TX-106862,2024-12-27 20:14:11.093418,Brazil,Brazil,73840.81,BRL,Wire,12.95,Low,False,Yes
TX-106863,2024-03-24 16:33:16.093418,China,Japan,69351.66,CNY,ACH,81.1,High,True,Yes
TX-106864,2024-09-21 16:55:19.093418,Germany,Canada,26248.14,EUR,SEPA,48.37,Medium,False,Yes
TX-106865,2024-07-02 22:57:43.093418,South Africa,Japan,92484.39,ZAR,RTGS,14.6,Low,False,Yes
TX-106866,2024-05-22 17:39:32.093418,Brazil,South Africa,18036.43,BRL,ACH,46.52,Medium,False,Yes
TX-106867,2025-02-26 12:17:50.093418,Germany,South Africa,90499.17,EUR,SWIFT,25.31,Low,False,Yes
TX-106868,2024-04-25 03:03:30.093418,France,UK,31334.99,EUR,Wire,22.36,Low,False,Yes
TX-106869,2025-01-18 01:43:06.093418,Australia,USA,13103.34,AUD,SEPA,95.77,High,True,Yes
TX-106870,2024-07-16 00:14:46.093418,UK,China,82685.63,GBP,Wire,36.2,Low,False,Yes
TX-106871,2024-06-01 17:35:54.093418,India,South Africa,349.3,INR,SWIFT,4.64,Low,False,Yes
TX-106872,2024-09-12 15:15:55.093418,Canada,Italy,83225.62,CAD,RTGS,97.03,High,True,Yes
TX-106873,2025-01-22 00:56:26.093418,UK,Australia,26304.95,GBP,ACH,79.48,High,True,Yes
TX-106874,2024-08-16 12:00:10.093418,UK,China,88483.66,GBP,Wire,25.44,Low,False,Yes
TX-106875,2025-01-01 08:04:48.093418,Brazil,Russia,69178.77,BRL,SEPA,40.89,Medium,False,Yes
TX-106876,2024-07-04 09:00:20.093418,Japan,Russia,66651.71,JPY,SWIFT,86.23,High,True,Yes
TX-106877,2024-11-11 18:58:36.093418,Canada,USA,36595.42,CAD,SWIFT,35.74,Low,False,Yes
TX-106878,2025-02-25 05:18:48.093418,Italy,France,6034.36,EUR,ACH,56.74,Medium,False,Yes
TX-106879,2024-11-23 21:30:05.093418,USA,UK,83024.3,USD,RTGS,53.49,Medium,False,Yes
TX-106880,2025-01-20 08:37:44.093418,Italy,UK,17173.29,EUR,SWIFT,40.13,Medium,False,Yes
TX-106881,2024-05-27 17:48:49.093418,France,India,37288.64,EUR,SEPA,63.95,Medium,False,Yes
TX-106882,2024-10-10 02:54:11.093418,Japan,Australia,60075.43,JPY,ACH,47.33,Medium,False,Yes
TX-106883,2024-08-05 12:36:06.093418,France,Canada,48277.15,EUR,RTGS,2.12,Low,False,Yes
TX-106884,2024-10-17 14:01:23.093418,UK,Netherlands,19946.2,GBP,RTGS,81.44,High,True,Yes
TX-106885,2024-04-05 23:19:04.093418,UK,India,14147.57,GBP,SWIFT,11.32,Low,False,Yes
TX-106886,2025-01-14 06:58:37.093418,China,Canada,12412.3,CNY,Wire,46.41,Medium,False,Yes
TX-106887,2024-08-11 13:12:51.093418,Russia,Brazil,86314.49,RUB,RTGS,57.99,Medium,False,Yes
TX-106888,2024-08-28 19:59:28.093418,France,Germany,3252.8,EUR,RTGS,70.55,High,True,Yes
TX-106889,2025-01-21 11:49:00.093418,USA,Netherlands,97703.72,USD,SWIFT,41.08,Medium,False,Yes
TX-106890,2024-03-30 20:50:04.093418,Spain,Germany,19933.02,EUR,ACH,73.55,High,True,Yes
TX-106891,2024-11-14 19:04:40.093418,Australia,South Africa,11121.2,AUD,RTGS,13.14,Low,False,Yes
TX-106892,2024-12-25 04:55:09.093418,Brazil,India,57739.47,BRL,SEPA,65.34,Medium,False,Yes
TX-106893,2024-07-26 02:55:03.093418,Netherlands,India,8090.6,EUR,RTGS,82.63,High,True,Yes
TX-106894,2024-11-29 23:16:15.093418,UK,UK,60285.08,GBP,RTGS,88.94,High,True,Yes
TX-106895,2025-01-26 20:35:01.093418,USA,South Africa,85077.6,USD,SWIFT,57.96,Medium,False,Yes
TX-106896,2024-04-10 08:54:13.093418,UK,Brazil,4885.01,GBP,RTGS,31.29,Low,False,Yes
TX-106897,2024-06-20 15:41:40.093418,Netherlands,UK,80006.87,EUR,Wire,16.34,Low,False,Yes
TX-106898,2024-09-14 23:38:28.093418,Spain,Japan,39508.3,EUR,SEPA,34.56,Low,False,Yes
TX-106899,2024-06-05 16:58:32.093418,China,Japan,16033.11,CNY,SWIFT,54.0,Medium,False,Yes
TX-106900,2024-12-17 17:59:53.093418,USA,Brazil,17692.04,USD,ACH,19.63,Low,False,Yes
TX-106901,2024-10-11 14:14:37.093418,South Africa,China,91884.58,ZAR,SEPA,95.25,High,True,Yes
TX-106902,2024-12-30 10:51:14.093418,Netherlands,India,11149.51,EUR,SEPA,89.71,High,True,Yes
TX-106903,2025-03-15 17:49:53.093418,India,Japan,86691.6,INR,SWIFT,3.3,Low,False,Yes
TX-106904,2024-09-13 05:43:35.093418,China,Netherlands,54470.04,CNY,RTGS,56.2,Medium,False,Yes
TX-106905,2024-09-24 00:36:00.093418,Russia,South Africa,4001.71,RUB,SEPA,78.93,High,True,Yes
TX-106906,2024-12-15 04:07:51.093418,India,Spain,46501.17,INR,RTGS,24.54,Low,False,Yes
TX-106907,2024-05-05 07:15:22.093418,France,Australia,81763.21,EUR,RTGS,52.39,Medium,False,Yes
TX-106908,2025-02-17 14:43:04.093418,Australia,South Africa,72647.66,AUD,Wire,40.6,Medium,False,Yes
TX-106909,2024-07-11 12:57:33.093418,South Africa,UK,48929.36,ZAR,SEPA,19.65,Low,False,Yes
TX-106910,2024-06-23 03:30:54.093418,China,Spain,86018.98,CNY,Wire,61.47,Medium,False,Yes
TX-106911,2025-01-24 05:53:40.093418,Japan,France,12124.44,JPY,RTGS,99.37,High,True,Yes
TX-106912,2024-09-15 01:48:44.093418,Spain,Spain,91003.11,EUR,Wire,36.53,Low,False,Yes
TX-106913,2024-04-08 16:04:31.093418,Canada,China,84659.48,CAD,Wire,55.24,Medium,False,Yes
TX-106914,2024-08-27 00:44:25.093418,South Africa,Russia,70856.85,ZAR,ACH,32.79,Low,False,Yes
TX-106915,2025-01-01 14:27:19.093418,Brazil,Italy,81806.99,BRL,Wire,87.69,High,True,Yes
TX-106916,2024-05-01 18:29:11.093418,Spain,USA,54427.17,EUR,SWIFT,86.46,High,True,Yes
TX-106917,2024-08-10 21:47:48.093418,Japan,Netherlands,67548.73,JPY,Wire,17.88,Low,False,Yes
TX-106918,2025-02-23 02:51:33.093418,Germany,Brazil,56103.75,EUR,RTGS,89.99,High,True,Yes
TX-106919,2024-07-15 21:28:20.093418,UK,South Africa,35607.31,GBP,SWIFT,15.15,Low,False,Yes
TX-106920,2025-02-01 18:15:41.093418,Japan,India,56929.19,JPY,ACH,9.54,Low,False,Yes
TX-106921,2024-11-13 07:49:00.093418,Canada,Italy,25820.79,CAD,RTGS,65.29,Medium,False,Yes
TX-106922,2024-12-19 03:32:30.093418,South Africa,Germany,44083.89,ZAR,SWIFT,38.59,Low,False,Yes
TX-106923,2024-04-13 12:57:12.093418,Japan,Germany,28149.46,JPY,SWIFT,53.07,Medium,False,Yes
TX-106924,2025-03-04 21:00:38.093418,UK,China,12376.49,GBP,SEPA,65.26,Medium,False,Yes
TX-106925,2025-01-06 10:04:01.093418,Italy,China,32254.0,EUR,Wire,5.28,Low,False,Yes
TX-106926,2024-11-11 08:39:00.093418,Japan,Canada,85213.52,JPY,SWIFT,29.3,Low,False,Yes
TX-106927,2024-09-17 14:51:20.093418,Japan,UK,38169.97,JPY,SWIFT,46.09,Medium,False,Yes
TX-106928,2024-05-11 17:14:52.093418,Italy,China,74825.56,EUR,SEPA,26.66,Low,False,Yes
TX-106929,2024-04-14 12:45:26.093418,Canada,India,17602.27,CAD,SEPA,4.9,Low,False,Yes
TX-106930,2024-05-26 22:00:06.093418,Spain,Australia,42499.47,EUR,Wire,8.67,Low,False,Yes
TX-106931,2024-09-17 08:05:35.093418,Germany,Canada,11574.12,EUR,ACH,80.17,High,True,Yes
TX-106932,2025-03-08 09:24:31.093418,Netherlands,South Africa,13948.24,EUR,SWIFT,91.14,High,True,Yes
TX-106933,2024-12-01 19:51:59.093418,Germany,USA,61781.89,EUR,SWIFT,15.22,Low,False,Yes
TX-106934,2025-02-24 07:42:50.093418,India,UK,60787.43,INR,Wire,24.93,Low,False,Yes
TX-106935,2024-05-02 08:43:49.093418,Spain,South Africa,21415.85,EUR,ACH,65.22,Medium,False,Yes
TX-106936,2025-02-24 09:20:51.093418,Spain,Russia,47494.88,EUR,ACH,95.43,High,True,Yes
TX-106937,2024-07-30 17:14:05.093418,Spain,France,86344.29,EUR,RTGS,29.96,Low,False,Yes
TX-106938,2024-09-30 02:20:02.093418,France,Japan,17502.73,EUR,RTGS,85.52,High,True,Yes
TX-106939,2025-03-01 14:10:02.093418,Germany,Russia,2019.13,EUR,Wire,50.6,Medium,False,Yes
TX-106940,2024-06-02 19:43:02.093418,South Africa,South Africa,65234.31,ZAR,SEPA,95.66,High,True,Yes
TX-106941,2024-09-11 03:27:26.093418,China,South Africa,5444.47,CNY,ACH,13.63,Low,False,Yes
TX-106942,2024-12-23 14:53:14.093418,Japan,Netherlands,97996.03,JPY,Wire,97.37,High,True,Yes
TX-106943,2024-09-28 18:41:17.093418,Australia,Canada,61001.07,AUD,SWIFT,44.1,Medium,False,Yes
TX-106944,2024-12-13 03:43:23.093418,Japan,Australia,47092.6,JPY,ACH,95.29,High,True,Yes
TX-106945,2025-01-05 15:40:10.093418,Russia,Canada,43056.25,RUB,ACH,45.87,Medium,False,Yes
TX-106946,2024-10-19 14:32:14.093418,South Africa,Australia,57349.76,ZAR,ACH,53.01,Medium,False,Yes
TX-106947,2024-04-13 18:10:03.093418,India,Spain,9153.38,INR,SEPA,80.48,High,True,Yes
TX-106948,2024-11-24 02:49:26.093418,USA,UK,93008.9,USD,SWIFT,72.26,High,True,Yes
TX-106949,2024-04-20 18:25:59.093418,Canada,Netherlands,62601.64,CAD,ACH,61.96,Medium,False,Yes
TX-106950,2024-10-04 05:18:01.093418,India,France,18479.45,INR,Wire,41.7,Medium,False,Yes
TX-106951,2025-01-19 08:49:07.093418,Spain,UK,56301.85,EUR,RTGS,79.24,High,True,Yes
TX-106952,2024-08-03 20:11:37.094418,Australia,Canada,13412.32,AUD,Wire,94.82,High,True,Yes
TX-106953,2024-05-04 03:04:28.094418,Germany,France,1853.52,EUR,SEPA,0.98,Low,False,Yes
TX-106954,2024-11-19 18:34:13.094418,Netherlands,China,63088.65,EUR,ACH,58.78,Medium,False,Yes
TX-106955,2024-09-09 20:20:05.094418,India,Spain,64883.49,INR,Wire,86.6,High,True,Yes
TX-106956,2025-02-02 06:25:42.094418,China,Spain,58411.29,CNY,SWIFT,65.31,Medium,False,Yes
TX-106957,2024-03-25 05:59:27.094418,Netherlands,Canada,18429.97,EUR,ACH,80.08,High,True,Yes
TX-106958,2024-11-28 07:06:23.094418,China,Canada,60382.64,CNY,ACH,89.51,High,True,Yes
TX-106959,2024-10-01 14:15:32.094418,Germany,UK,5745.44,EUR,Wire,75.1,High,True,Yes
TX-106960,2024-10-10 13:55:37.094418,USA,Brazil,60962.91,USD,RTGS,71.7,High,True,Yes
TX-106961,2024-04-01 13:34:16.094418,India,South Africa,55446.3,INR,SEPA,96.47,High,True,Yes
TX-106962,2024-05-31 15:01:32.094418,Netherlands,Australia,65559.96,EUR,SEPA,86.37,High,True,Yes
TX-106963,2024-08-31 18:36:06.094418,Spain,France,89558.01,EUR,Wire,81.54,High,True,Yes
TX-106964,2024-04-25 02:41:52.094418,Italy,Australia,85050.77,EUR,SEPA,8.64,Low,False,Yes
TX-106965,2025-03-16 11:02:15.094418,Netherlands,France,98067.35,EUR,SEPA,23.9,Low,False,Yes
TX-106966,2024-07-29 19:16:44.094418,South Africa,South Africa,97626.48,ZAR,Wire,55.68,Medium,False,Yes
TX-106967,2024-11-04 11:41:01.094418,Canada,Netherlands,77254.74,CAD,RTGS,70.96,High,True,Yes
TX-106968,2025-01-02 05:04:25.094418,Italy,Australia,95646.32,EUR,SWIFT,30.32,Low,False,Yes
TX-106969,2024-05-03 00:18:18.094418,France,India,86741.66,EUR,ACH,9.33,Low,False,Yes
TX-106970,2025-01-30 21:09:19.094418,Japan,Netherlands,72785.49,JPY,RTGS,31.11,Low,False,Yes
TX-106971,2025-03-13 14:56:51.094418,Brazil,UK,7630.89,BRL,RTGS,77.1,High,True,Yes
TX-106972,2024-08-10 04:48:59.094418,France,Canada,5000.08,EUR,RTGS,87.74,High,True,Yes
TX-106973,2024-05-21 10:52:58.094418,USA,China,83776.2,USD,RTGS,91.29,High,True,Yes
TX-106974,2024-11-13 17:19:42.094418,Netherlands,Australia,49016.62,EUR,Wire,37.89,Low,False,Yes
TX-106975,2025-01-15 08:12:43.094418,Japan,USA,81479.21,JPY,RTGS,37.25,Low,False,Yes
TX-106976,2024-04-28 23:56:10.094418,Russia,Spain,31360.54,RUB,RTGS,40.67,Medium,False,Yes
TX-106977,2024-09-14 14:40:59.094418,South Africa,Russia,39825.22,ZAR,Wire,37.58,Low,False,Yes
TX-106978,2024-08-19 09:36:57.094418,Spain,France,70048.65,EUR,SEPA,66.62,Medium,False,Yes
TX-106979,2024-04-08 18:46:49.094418,Japan,Italy,91541.14,JPY,SEPA,35.83,Low,False,Yes
TX-106980,2025-01-17 05:09:29.094418,South Africa,Italy,8867.37,ZAR,RTGS,2.03,Low,False,Yes
TX-106981,2024-06-29 05:48:10.094418,Japan,Russia,86161.67,JPY,SWIFT,43.9,Medium,False,Yes
TX-106982,2024-05-06 22:37:10.094418,Australia,China,79321.97,AUD,Wire,22.42,Low,False,Yes
TX-106983,2024-11-16 07:27:11.094418,Australia,Netherlands,31622.37,AUD,ACH,2.88,Low,False,Yes
TX-106984,2024-05-28 01:28:17.094418,USA,India,35586.14,USD,Wire,47.08,Medium,False,Yes
TX-106985,2025-02-16 09:40:14.094418,France,UK,4741.5,EUR,SEPA,20.6,Low,False,Yes
TX-106986,2024-11-25 01:16:10.094418,Netherlands,Australia,1672.49,EUR,ACH,45.27,Medium,False,Yes
TX-106987,2024-05-04 23:33:32.094418,India,Spain,47752.91,INR,SEPA,27.77,Low,False,Yes
TX-106988,2025-01-13 19:45:50.094418,Germany,Japan,9644.41,EUR,RTGS,60.37,Medium,False,Yes
TX-106989,2024-12-05 08:12:24.094418,Spain,Russia,19480.78,EUR,Wire,99.09,High,True,Yes
TX-106990,2024-10-25 06:51:31.094418,Japan,China,84692.04,JPY,SWIFT,54.72,Medium,False,Yes
TX-106991,2024-05-17 20:43:41.094418,Canada,Spain,57145.74,CAD,ACH,64.69,Medium,False,Yes
TX-106992,2024-08-21 13:36:12.094418,Canada,Spain,63399.88,CAD,RTGS,91.93,High,True,Yes
TX-106993,2024-07-20 03:45:11.094418,UK,Canada,18829.19,GBP,SWIFT,37.4,Low,False,Yes
TX-106994,2024-04-15 07:00:05.094418,South Africa,India,82883.31,ZAR,SEPA,16.65,Low,False,Yes
TX-106995,2024-04-09 14:32:48.094418,Japan,Italy,86811.18,JPY,SEPA,28.28,Low,False,Yes
TX-106996,2024-07-25 23:32:27.094418,Japan,Japan,52380.43,JPY,ACH,40.28,Medium,False,Yes
TX-106997,2024-09-06 08:28:30.094418,USA,Australia,91264.52,USD,RTGS,64.5,Medium,False,Yes
TX-106998,2025-02-22 15:02:51.094418,India,France,84498.38,INR,SEPA,0.46,Low,False,Yes
TX-106999,2024-12-27 15:05:12.094418,Canada,Netherlands,73159.29,CAD,RTGS,85.34,High,True,Yes
TX-107000,2024-11-04 18:23:29.094418,Germany,Netherlands,73434.18,EUR,RTGS,7.61,Low,False,Yes
TX-107001,2025-01-31 20:03:30.094418,India,India,10628.81,INR,RTGS,90.07,High,True,Yes
TX-107002,2024-12-18 12:51:38.094418,India,USA,27156.52,INR,SWIFT,94.94,High,True,Yes
TX-107003,2024-10-15 20:23:39.094418,South Africa,China,6778.04,ZAR,RTGS,99.01,High,True,Yes
TX-107004,2024-05-28 00:30:57.094418,Germany,India,967.25,EUR,SEPA,80.95,High,True,Yes
TX-107005,2024-09-07 22:03:13.094418,Russia,USA,15915.12,RUB,RTGS,14.19,Low,False,Yes
TX-107006,2024-10-30 13:20:44.094418,India,Brazil,88060.67,INR,RTGS,70.62,High,True,Yes
TX-107007,2025-01-12 08:22:42.094418,Italy,South Africa,24063.42,EUR,SEPA,20.33,Low,False,Yes
TX-107008,2024-06-07 17:06:43.094418,Russia,Germany,97018.38,RUB,ACH,89.71,High,True,Yes
TX-107009,2024-08-10 00:28:14.094418,Canada,Brazil,59769.37,CAD,RTGS,31.66,Low,False,Yes
TX-107010,2024-05-21 09:11:27.094418,Germany,Russia,23802.12,EUR,SEPA,32.68,Low,False,Yes
TX-107011,2024-12-25 12:21:38.094418,Japan,Japan,49763.37,JPY,RTGS,91.77,High,True,Yes
TX-107012,2024-07-01 13:04:03.094418,Russia,USA,21987.57,RUB,ACH,1.32,Low,False,Yes
TX-107013,2025-01-11 09:59:45.094418,Brazil,UK,98398.96,BRL,Wire,19.4,Low,False,Yes
TX-107014,2024-04-22 11:17:13.094418,Netherlands,Russia,84741.77,EUR,ACH,42.19,Medium,False,Yes
TX-107015,2024-12-04 08:47:59.094418,Brazil,Canada,2721.25,BRL,ACH,70.07,High,True,Yes
TX-107016,2024-08-22 17:32:31.094418,South Africa,France,94782.83,ZAR,RTGS,64.76,Medium,False,Yes
TX-107017,2024-10-04 19:08:59.094418,Italy,Italy,72134.4,EUR,ACH,66.94,Medium,False,Yes
TX-107018,2024-08-18 20:01:55.094418,India,UK,8329.89,INR,ACH,88.0,High,True,Yes
TX-107019,2025-01-07 20:33:42.094418,Russia,China,67096.71,RUB,Wire,12.1,Low,False,Yes
TX-107020,2025-02-02 06:49:43.094418,Canada,Italy,64727.98,CAD,Wire,52.22,Medium,False,Yes
TX-107021,2024-12-22 02:22:10.094418,Brazil,Russia,21957.0,BRL,Wire,72.55,High,True,Yes
TX-107022,2025-03-14 05:13:44.094418,India,Canada,75868.83,INR,RTGS,63.61,Medium,False,Yes
TX-107023,2025-01-27 04:08:15.094418,UK,Germany,8797.76,GBP,SWIFT,44.83,Medium,False,Yes
TX-107024,2024-11-18 17:40:01.094418,USA,Italy,48995.57,USD,RTGS,1.71,Low,False,Yes
TX-107025,2024-11-19 12:26:57.094418,Australia,Russia,1091.33,AUD,SWIFT,6.05,Low,False,Yes
TX-107026,2024-06-06 00:40:42.094418,Brazil,Australia,96876.88,BRL,Wire,11.89,Low,False,Yes
TX-107027,2024-03-30 08:49:58.094418,Spain,India,75181.21,EUR,SEPA,34.32,Low,False,Yes
TX-107028,2024-05-01 06:55:35.094418,USA,Canada,15969.32,USD,ACH,11.77,Low,False,Yes
TX-107029,2024-08-03 04:56:41.094418,Canada,Spain,34233.24,CAD,SWIFT,42.61,Medium,False,Yes
TX-107030,2024-11-08 07:53:09.094418,Canada,Australia,16140.18,CAD,SEPA,17.86,Low,False,Yes
TX-107031,2024-06-25 20:20:31.094418,USA,Australia,76685.08,USD,Wire,77.92,High,True,Yes
TX-107032,2024-11-21 15:52:18.094418,UK,India,5983.74,GBP,ACH,87.15,High,True,Yes
TX-107033,2024-06-19 01:46:42.094418,South Africa,Japan,84056.62,ZAR,Wire,38.96,Low,False,Yes
TX-107034,2025-01-09 04:30:49.094418,France,Netherlands,94225.41,EUR,Wire,51.13,Medium,False,Yes
TX-107035,2024-07-27 21:41:35.094418,Japan,Russia,67695.13,JPY,SEPA,95.35,High,True,Yes
TX-107036,2024-08-19 14:48:34.094418,Canada,Australia,21375.25,CAD,Wire,53.55,Medium,False,Yes
TX-107037,2024-12-24 02:42:09.094418,China,Canada,36073.0,CNY,SEPA,99.51,High,True,Yes
TX-107038,2024-07-11 07:29:27.094418,Russia,Canada,47776.26,RUB,Wire,14.21,Low,False,Yes
TX-107039,2024-11-06 15:30:47.094418,Germany,UK,60502.01,EUR,SWIFT,86.22,High,True,Yes
TX-107040,2025-02-27 16:06:46.094418,Netherlands,Brazil,66899.44,EUR,RTGS,49.72,Medium,False,Yes
TX-107041,2024-05-13 22:32:21.094418,France,Canada,55466.05,EUR,RTGS,2.27,Low,False,Yes
TX-107042,2024-09-16 12:49:04.094418,Italy,Netherlands,35196.26,EUR,RTGS,97.22,High,True,Yes
TX-107043,2024-06-02 00:16:07.094418,Italy,Netherlands,89102.64,EUR,SEPA,96.5,High,True,Yes
TX-107044,2024-10-20 07:21:15.094418,Australia,Italy,8231.07,AUD,SWIFT,38.33,Low,False,Yes
TX-107045,2024-12-04 06:28:42.094418,India,South Africa,46678.98,INR,SEPA,95.41,High,True,Yes
TX-107046,2024-08-22 09:29:00.094418,Italy,Italy,77578.93,EUR,ACH,14.1,Low,False,Yes
TX-107047,2024-06-11 20:23:13.094418,Italy,Germany,6181.18,EUR,SWIFT,68.01,Medium,False,Yes
TX-107048,2024-07-28 17:49:37.094418,Spain,Italy,70562.99,EUR,SEPA,19.19,Low,False,Yes
TX-107049,2025-02-13 10:15:01.094418,USA,Spain,81989.19,USD,SWIFT,24.66,Low,False,Yes
TX-107050,2024-12-10 10:31:56.094418,Italy,Canada,66117.05,EUR,Wire,77.93,High,True,Yes
TX-107051,2024-05-09 04:37:49.094418,India,Spain,1392.4,INR,RTGS,37.74,Low,False,Yes
TX-107052,2024-04-21 16:54:26.094418,Canada,Spain,18095.69,CAD,RTGS,0.71,Low,False,Yes
TX-107053,2024-10-23 10:04:44.094418,Japan,China,34277.1,JPY,ACH,41.42,Medium,False,Yes
TX-107054,2024-06-27 09:19:41.094418,USA,Australia,23445.63,USD,ACH,22.81,Low,False,Yes
TX-107055,2024-12-13 03:37:42.094418,India,Germany,96268.95,INR,ACH,68.33,Medium,False,Yes
TX-107056,2024-08-03 03:21:34.094418,Brazil,Brazil,65194.23,BRL,RTGS,19.44,Low,False,Yes
TX-107057,2024-12-28 02:14:00.094418,China,Brazil,29767.4,CNY,Wire,84.23,High,True,Yes
TX-107058,2025-01-28 00:05:35.094418,Canada,Australia,92976.78,CAD,SEPA,26.71,Low,False,Yes
TX-107059,2025-02-17 18:24:25.094418,South Africa,Canada,74085.36,ZAR,SEPA,39.3,Low,False,Yes
TX-107060,2025-03-02 19:07:44.094418,Brazil,France,28532.26,BRL,Wire,29.8,Low,False,Yes
TX-107061,2024-06-07 03:42:39.094418,China,Australia,37950.27,CNY,Wire,64.39,Medium,False,Yes
TX-107062,2024-10-16 11:49:43.094418,USA,USA,20022.94,USD,Wire,10.12,Low,False,Yes
TX-107063,2025-01-20 07:14:38.094418,Brazil,Japan,97110.29,BRL,RTGS,47.81,Medium,False,Yes
TX-107064,2024-04-25 23:41:05.094418,Russia,UK,51777.92,RUB,RTGS,33.45,Low,False,Yes
TX-107065,2024-12-21 18:31:36.094418,Canada,Australia,89616.06,CAD,ACH,88.41,High,True,Yes
TX-107066,2024-07-03 09:10:51.094418,Spain,UK,34715.33,EUR,SWIFT,7.34,Low,False,Yes
TX-107067,2024-11-26 22:01:43.094418,Netherlands,India,86098.08,EUR,ACH,82.97,High,True,Yes
TX-107068,2024-04-09 10:41:32.094418,Japan,Germany,5483.3,JPY,RTGS,16.77,Low,False,Yes
TX-107069,2025-01-20 04:17:27.094418,Canada,Spain,98210.82,CAD,RTGS,8.86,Low,False,Yes
TX-107070,2024-06-02 22:33:59.095418,France,China,91212.23,EUR,ACH,20.23,Low,False,Yes
TX-107071,2025-03-09 16:44:18.095418,South Africa,USA,36383.97,ZAR,SWIFT,10.27,Low,False,Yes
TX-107072,2025-03-10 22:06:56.095418,India,China,77494.74,INR,Wire,52.1,Medium,False,Yes
TX-107073,2024-09-25 19:34:30.095418,France,South Africa,75250.57,EUR,ACH,98.82,High,True,Yes
TX-107074,2024-11-16 05:38:42.095418,China,Italy,90135.35,CNY,SEPA,3.43,Low,False,Yes
TX-107075,2024-08-05 08:22:22.095418,Canada,USA,30794.77,CAD,SEPA,46.11,Medium,False,Yes
TX-107076,2024-12-27 21:41:13.095418,France,Netherlands,46605.45,EUR,ACH,38.61,Low,False,Yes
TX-107077,2024-07-06 13:33:06.095418,South Africa,South Africa,86513.46,ZAR,RTGS,33.96,Low,False,Yes
TX-107078,2024-12-23 11:57:40.095418,Netherlands,Spain,77880.09,EUR,RTGS,33.19,Low,False,Yes
TX-107079,2024-07-28 19:20:18.095418,Australia,South Africa,39407.33,AUD,SEPA,89.5,High,True,Yes
TX-107080,2024-06-09 01:48:45.095418,Italy,Italy,84587.95,EUR,SEPA,1.9,Low,False,Yes
TX-107081,2024-08-22 03:30:12.095418,Italy,Australia,4790.71,EUR,SEPA,77.49,High,True,Yes
TX-107082,2025-01-24 17:38:12.095418,Russia,Germany,78226.43,RUB,SEPA,25.29,Low,False,Yes
TX-107083,2025-01-07 18:29:24.095418,India,USA,20755.91,INR,Wire,38.33,Low,False,Yes
TX-107084,2024-05-13 13:36:38.095418,USA,Germany,28683.48,USD,ACH,42.01,Medium,False,Yes
TX-107085,2024-06-23 00:36:04.095418,Australia,Russia,49372.16,AUD,SEPA,30.47,Low,False,Yes
TX-107086,2025-02-25 22:36:30.095418,UK,USA,45028.48,GBP,ACH,9.36,Low,False,Yes
TX-107087,2024-12-12 11:11:01.095418,Japan,South Africa,52104.95,JPY,SWIFT,11.43,Low,False,Yes
TX-107088,2024-05-22 14:45:42.095418,Germany,India,54523.08,EUR,Wire,29.81,Low,False,Yes
TX-107089,2024-05-24 12:34:47.095418,UK,Italy,33219.62,GBP,ACH,82.18,High,True,Yes
TX-107090,2024-05-10 23:25:46.095418,Brazil,France,17605.23,BRL,ACH,13.46,Low,False,Yes
TX-107091,2024-09-01 04:06:23.095418,Italy,France,76871.27,EUR,SEPA,74.26,High,True,Yes
TX-107092,2024-04-10 23:23:23.095418,South Africa,India,40057.62,ZAR,ACH,28.89,Low,False,Yes
TX-107093,2024-06-27 14:45:48.095418,South Africa,UK,50633.5,ZAR,SEPA,88.35,High,True,Yes
TX-107094,2024-12-24 12:10:54.095418,Russia,Canada,64505.2,RUB,SEPA,42.83,Medium,False,Yes
TX-107095,2025-01-04 17:35:08.095418,Japan,UK,90972.83,JPY,ACH,17.17,Low,False,Yes
TX-107096,2024-12-04 21:00:52.095418,France,Canada,70784.53,EUR,RTGS,98.58,High,True,Yes
TX-107097,2024-07-15 10:30:17.095418,India,France,4641.38,INR,Wire,17.66,Low,False,Yes
TX-107098,2024-11-03 04:04:25.095418,UK,Italy,83872.18,GBP,RTGS,56.76,Medium,False,Yes
TX-107099,2024-08-24 21:21:11.095418,France,Canada,98936.57,EUR,SEPA,56.93,Medium,False,Yes
TX-107100,2024-06-03 10:55:44.095418,India,France,47301.25,INR,ACH,37.28,Low,False,Yes
TX-107101,2024-04-14 05:32:36.095418,Netherlands,Russia,96962.07,EUR,ACH,95.15,High,True,Yes
TX-107102,2024-06-25 11:28:12.095418,Netherlands,Brazil,54778.14,EUR,SWIFT,84.39,High,True,Yes
TX-107103,2024-07-18 21:11:30.095418,South Africa,Australia,46015.64,ZAR,SWIFT,82.98,High,True,Yes
TX-107104,2024-11-26 15:45:48.095418,Russia,Russia,33207.34,RUB,RTGS,97.42,High,True,Yes
TX-107105,2024-09-01 17:43:01.095418,Brazil,Italy,65789.73,BRL,RTGS,45.71,Medium,False,Yes
TX-107106,2024-12-13 11:04:09.095418,India,Japan,23059.06,INR,Wire,9.72,Low,False,Yes
TX-107107,2025-01-09 16:29:09.095418,Spain,Germany,10582.93,EUR,SEPA,76.55,High,True,Yes
TX-107108,2024-06-24 11:43:36.095418,USA,India,2820.99,USD,SWIFT,38.08,Low,False,Yes
TX-107109,2024-08-20 21:33:38.095418,Japan,Netherlands,29308.77,JPY,SWIFT,19.03,Low,False,Yes
TX-107110,2024-11-30 00:45:43.095418,Russia,France,39637.51,RUB,ACH,48.32,Medium,False,Yes
TX-107111,2025-01-02 10:49:10.095418,Japan,UK,55252.46,JPY,ACH,92.57,High,True,Yes
TX-107112,2024-03-26 23:24:06.095418,UK,Russia,29345.71,GBP,SEPA,17.14,Low,False,Yes
TX-107113,2024-10-17 04:42:35.095418,Canada,USA,98407.55,CAD,SEPA,84.87,High,True,Yes
TX-107114,2024-04-01 15:11:18.095418,USA,Canada,29245.34,USD,SWIFT,41.82,Medium,False,Yes
TX-107115,2024-07-21 14:28:11.095418,USA,Netherlands,44153.44,USD,SWIFT,13.68,Low,False,Yes
TX-107116,2024-10-16 00:29:22.095418,China,Netherlands,10417.29,CNY,SEPA,84.84,High,True,Yes
TX-107117,2024-09-05 12:13:58.095418,China,Italy,26136.59,CNY,ACH,96.96,High,True,Yes
TX-107118,2024-11-19 02:38:05.095418,Italy,Spain,4928.38,EUR,ACH,29.13,Low,False,Yes
TX-107119,2024-10-04 11:38:03.095418,Japan,South Africa,55994.91,JPY,Wire,30.35,Low,False,Yes
TX-107120,2024-08-13 08:08:14.095418,Japan,France,75131.36,JPY,Wire,39.05,Low,False,Yes
TX-107121,2024-10-29 15:14:56.095418,Canada,UK,19651.41,CAD,SEPA,81.41,High,True,Yes
TX-107122,2025-01-17 20:31:58.095418,France,Germany,36854.3,EUR,ACH,1.04,Low,False,Yes
TX-107123,2024-08-16 15:22:06.095418,Germany,Spain,1759.96,EUR,RTGS,22.4,Low,False,Yes
TX-107124,2024-10-26 22:30:31.095418,Brazil,Italy,83968.25,BRL,RTGS,70.59,High,True,Yes
TX-107125,2024-04-24 05:02:23.095418,Brazil,Australia,78018.36,BRL,ACH,40.56,Medium,False,Yes
TX-107126,2024-11-13 10:47:36.095418,Netherlands,Australia,6419.08,EUR,SWIFT,33.03,Low,False,Yes
TX-107127,2025-02-10 23:49:25.095418,Brazil,Japan,36550.27,BRL,Wire,87.23,High,True,Yes
TX-107128,2024-10-13 08:15:57.095418,Spain,Brazil,95533.13,EUR,Wire,91.73,High,True,Yes
TX-107129,2024-07-19 07:51:24.095418,Germany,South Africa,39263.5,EUR,SEPA,94.8,High,True,Yes
TX-107130,2024-04-29 03:50:16.095418,Italy,UK,52668.25,EUR,SWIFT,27.26,Low,False,Yes
TX-107131,2024-04-26 07:12:21.095418,Netherlands,Brazil,35588.76,EUR,SWIFT,91.25,High,True,Yes
TX-107132,2024-09-02 11:09:09.095418,India,Italy,59653.53,INR,Wire,73.7,High,True,Yes
TX-107133,2024-04-06 07:17:39.095418,Russia,Spain,97817.87,RUB,SWIFT,15.42,Low,False,Yes
TX-107134,2024-09-25 16:23:54.095418,Japan,Netherlands,99750.5,JPY,SWIFT,61.03,Medium,False,Yes
TX-107135,2025-02-03 16:49:14.095418,UK,Brazil,77494.03,GBP,ACH,2.63,Low,False,Yes
TX-107136,2024-04-22 00:26:59.095418,UK,China,40490.68,GBP,SWIFT,70.84,High,True,Yes
TX-107137,2024-04-14 14:16:32.095418,UK,Italy,49493.78,GBP,SEPA,73.36,High,True,Yes
TX-107138,2024-04-08 23:10:57.095418,Germany,Russia,35737.46,EUR,SEPA,78.93,High,True,Yes
TX-107139,2025-03-11 09:33:00.095418,China,USA,98558.91,CNY,SEPA,17.25,Low,False,Yes
TX-107140,2024-10-31 04:37:04.095418,Russia,Japan,70805.25,RUB,SEPA,62.82,Medium,False,Yes
TX-107141,2025-03-02 04:13:15.095418,France,South Africa,44948.25,EUR,ACH,17.89,Low,False,Yes
TX-107142,2024-11-26 05:02:59.095418,Germany,Netherlands,1310.32,EUR,SEPA,94.67,High,True,Yes
TX-107143,2024-09-19 20:02:25.095418,Canada,China,52096.29,CAD,SWIFT,67.5,Medium,False,Yes
TX-107144,2025-03-11 09:53:46.095418,UK,Germany,98394.43,GBP,ACH,9.53,Low,False,Yes
TX-107145,2024-03-22 03:37:46.095418,India,Canada,52353.78,INR,RTGS,18.7,Low,False,Yes
TX-107146,2024-07-18 04:45:07.095418,South Africa,Brazil,18324.43,ZAR,Wire,66.35,Medium,False,Yes
TX-107147,2025-02-15 21:09:08.095418,China,India,2307.17,CNY,SEPA,47.67,Medium,False,Yes
TX-107148,2024-12-08 16:43:10.095418,Russia,China,35534.91,RUB,Wire,73.63,High,True,Yes
TX-107149,2024-04-12 07:57:05.095418,USA,China,91830.98,USD,Wire,28.08,Low,False,Yes
TX-107150,2025-01-02 23:42:05.095418,Russia,UK,99655.76,RUB,Wire,65.79,Medium,False,Yes
TX-107151,2024-09-22 10:30:14.095418,South Africa,Spain,94542.26,ZAR,SWIFT,17.7,Low,False,Yes
TX-107152,2024-07-17 03:29:16.095418,Netherlands,India,72969.06,EUR,ACH,54.37,Medium,False,Yes
TX-107153,2024-05-15 12:50:14.095418,Japan,Russia,55858.46,JPY,Wire,95.78,High,True,Yes
TX-107154,2024-12-04 12:20:24.095418,Australia,Brazil,59109.55,AUD,Wire,62.82,Medium,False,Yes
TX-107155,2025-01-23 15:02:28.095418,India,Brazil,53945.3,INR,ACH,5.0,Low,False,Yes
TX-107156,2024-12-25 02:16:13.095418,Japan,Russia,70734.23,JPY,RTGS,98.88,High,True,Yes
TX-107157,2024-07-15 09:55:08.095418,Canada,Brazil,41945.44,CAD,ACH,15.69,Low,False,Yes
TX-107158,2024-08-10 00:19:09.095418,France,Brazil,66953.48,EUR,RTGS,71.81,High,True,Yes
TX-107159,2024-07-04 01:14:39.095418,India,Spain,12249.05,INR,RTGS,53.25,Medium,False,Yes
TX-107160,2024-12-07 20:11:28.095418,Canada,USA,26642.96,CAD,SEPA,29.44,Low,False,Yes
TX-107161,2025-02-13 11:19:56.095418,France,UK,83616.7,EUR,Wire,17.73,Low,False,Yes
TX-107162,2024-06-26 19:26:07.095418,Canada,Netherlands,90384.52,CAD,Wire,17.77,Low,False,Yes
TX-107163,2024-08-01 03:11:33.095418,Germany,Australia,53946.92,EUR,RTGS,85.84,High,True,Yes
TX-107164,2024-08-06 09:21:15.095418,Brazil,Netherlands,3260.4,BRL,Wire,87.29,High,True,Yes
TX-107165,2024-05-29 10:51:57.095418,China,UK,92704.66,CNY,Wire,46.51,Medium,False,Yes
TX-107166,2024-08-31 15:55:08.095418,Australia,Australia,70236.22,AUD,SEPA,10.36,Low,False,Yes
TX-107167,2024-12-01 11:30:37.095418,Spain,Russia,41461.39,EUR,RTGS,88.42,High,True,Yes
TX-107168,2024-07-06 05:37:18.095418,Spain,Spain,59878.06,EUR,RTGS,48.7,Medium,False,Yes
TX-107169,2024-08-25 13:03:02.095418,UK,Canada,43034.51,GBP,SEPA,43.88,Medium,False,Yes
TX-107170,2025-02-06 23:25:40.095418,India,South Africa,46587.39,INR,SEPA,40.74,Medium,False,Yes
TX-107171,2024-05-06 02:25:40.095418,India,India,88692.31,INR,SEPA,36.5,Low,False,Yes
TX-107172,2024-09-08 00:56:52.095418,Germany,Italy,16192.32,EUR,RTGS,52.6,Medium,False,Yes
TX-107173,2024-09-17 02:56:57.095418,Canada,France,10456.55,CAD,SWIFT,60.45,Medium,False,Yes
TX-107174,2025-01-18 02:22:20.095418,France,Japan,372.6,EUR,SWIFT,46.64,Medium,False,Yes
TX-107175,2025-02-25 17:46:31.095418,China,Brazil,31468.64,CNY,Wire,89.66,High,True,Yes
TX-107176,2024-08-20 06:12:09.095418,Canada,USA,14826.64,CAD,SWIFT,31.77,Low,False,Yes
TX-107177,2024-12-25 01:33:10.095418,Netherlands,Australia,22076.55,EUR,RTGS,57.83,Medium,False,Yes
TX-107178,2024-11-21 12:51:05.095418,Germany,Russia,1222.77,EUR,RTGS,30.0,Low,False,Yes
TX-107179,2024-03-24 09:52:03.095418,Spain,Russia,22796.82,EUR,ACH,75.34,High,True,Yes
TX-107180,2024-09-03 22:36:27.095418,Australia,UK,33337.89,AUD,SEPA,10.21,Low,False,Yes
TX-107181,2024-06-19 15:02:47.095418,Australia,India,3253.59,AUD,Wire,18.87,Low,False,Yes
TX-107182,2025-03-14 16:51:42.095418,Spain,Australia,60829.62,EUR,ACH,80.12,High,True,Yes
TX-107183,2024-09-18 18:51:26.095418,China,India,56923.15,CNY,SEPA,18.32,Low,False,Yes
TX-107184,2024-09-03 02:37:38.095418,India,China,9793.87,INR,SWIFT,62.57,Medium,False,Yes
TX-107185,2024-04-27 22:01:23.095418,France,Canada,59541.48,EUR,SEPA,97.02,High,True,Yes
TX-107186,2024-08-18 13:10:40.096418,Brazil,USA,99865.53,BRL,ACH,52.29,Medium,False,Yes
TX-107187,2024-05-06 19:18:50.096418,China,Germany,94452.45,CNY,SWIFT,18.74,Low,False,Yes
TX-107188,2024-10-15 06:27:02.096418,UK,Brazil,366.83,GBP,SEPA,32.07,Low,False,Yes
TX-107189,2025-03-09 08:36:52.096418,China,Germany,79558.29,CNY,Wire,82.35,High,True,Yes
TX-107190,2025-02-14 20:57:10.096418,China,Italy,35425.17,CNY,SWIFT,35.17,Low,False,Yes
TX-107191,2024-06-23 01:45:32.096418,Spain,Brazil,6458.77,EUR,Wire,72.35,High,True,Yes
TX-107192,2024-12-20 16:03:45.096418,South Africa,Japan,29668.72,ZAR,SWIFT,77.74,High,True,Yes
TX-107193,2024-07-08 04:30:34.096418,Spain,South Africa,32241.48,EUR,Wire,50.12,Medium,False,Yes
TX-107194,2024-11-15 04:47:24.096418,Italy,UK,52372.1,EUR,SWIFT,78.32,High,True,Yes
TX-107195,2024-05-13 11:30:05.096418,UK,China,66142.27,GBP,RTGS,31.69,Low,False,Yes
TX-107196,2024-05-16 11:45:51.096418,USA,Italy,74930.66,USD,ACH,51.62,Medium,False,Yes
TX-107197,2024-10-18 20:09:31.096418,Spain,Germany,24665.71,EUR,SWIFT,68.66,Medium,False,Yes
TX-107198,2024-11-04 20:45:17.096418,Germany,Spain,32244.88,EUR,SEPA,16.81,Low,False,Yes
TX-107199,2024-10-10 20:55:58.096418,South Africa,Germany,30907.33,ZAR,ACH,27.36,Low,False,Yes
TX-107200,2025-01-22 03:04:31.096418,Germany,Germany,36337.41,EUR,SWIFT,65.2,Medium,False,Yes
TX-107201,2024-04-12 13:25:43.096418,Brazil,India,99965.67,BRL,SEPA,65.54,Medium,False,Yes
TX-107202,2024-05-19 11:58:39.096418,Brazil,China,77816.54,BRL,ACH,49.33,Medium,False,Yes
TX-107203,2025-02-14 21:12:45.096418,India,USA,97501.55,INR,RTGS,79.56,High,True,Yes
TX-107204,2024-10-28 10:24:39.096418,Italy,Spain,69341.79,EUR,SEPA,48.21,Medium,False,Yes
TX-107205,2024-05-25 02:33:02.096418,France,Russia,40686.44,EUR,RTGS,88.13,High,True,Yes
TX-107206,2024-03-26 04:20:34.096418,Russia,Spain,39035.44,RUB,Wire,73.59,High,True,Yes
TX-107207,2024-10-01 15:20:34.096418,Spain,USA,48909.26,EUR,SEPA,31.47,Low,False,Yes
TX-107208,2024-09-05 20:32:00.096418,UK,France,41745.29,GBP,RTGS,39.53,Low,False,Yes
TX-107209,2024-04-14 03:55:58.096418,India,Netherlands,82849.79,INR,ACH,66.77,Medium,False,Yes
TX-107210,2024-07-28 15:46:09.096418,Brazil,France,46553.7,BRL,SWIFT,89.45,High,True,Yes
TX-107211,2024-04-24 08:35:54.096418,Spain,Japan,29631.87,EUR,ACH,17.87,Low,False,Yes
TX-107212,2024-10-05 22:36:43.096418,Netherlands,Russia,77508.54,EUR,ACH,51.47,Medium,False,Yes
TX-107213,2025-01-31 06:16:36.096418,Australia,Russia,85456.6,AUD,RTGS,11.88,Low,False,Yes
TX-107214,2024-06-23 20:16:41.096418,Australia,Canada,42100.85,AUD,SWIFT,27.95,Low,False,Yes
TX-107215,2024-09-22 20:02:12.096418,Australia,Brazil,66814.08,AUD,ACH,68.6,Medium,False,Yes
TX-107216,2024-10-15 23:27:08.096418,Spain,Australia,5974.57,EUR,SWIFT,7.77,Low,False,Yes
TX-107217,2025-02-20 23:18:58.096418,South Africa,India,52993.54,ZAR,Wire,66.24,Medium,False,Yes
TX-107218,2025-01-05 11:34:13.096418,France,Australia,4593.62,EUR,RTGS,90.08,High,True,Yes
TX-107219,2024-09-13 10:11:15.096418,Australia,Italy,3016.16,AUD,SWIFT,96.94,High,True,Yes
TX-107220,2024-07-07 09:14:10.096418,Japan,Italy,61331.19,JPY,RTGS,21.66,Low,False,Yes
TX-107221,2024-04-06 22:20:39.096418,Canada,Spain,30403.2,CAD,ACH,74.89,High,True,Yes
TX-107222,2024-08-09 17:35:27.096418,UK,Spain,74279.46,GBP,ACH,92.64,High,True,Yes
TX-107223,2025-01-26 17:13:48.096418,India,Russia,89618.65,INR,ACH,9.14,Low,False,Yes
TX-107224,2024-08-03 17:48:33.096418,China,Japan,14025.18,CNY,ACH,41.4,Medium,False,Yes
TX-107225,2024-11-15 22:08:58.096418,Canada,Italy,72479.83,CAD,Wire,91.94,High,True,Yes
TX-107226,2024-10-04 01:32:23.096418,Russia,Japan,51500.55,RUB,Wire,20.28,Low,False,Yes
TX-107227,2025-01-25 11:19:05.096418,France,South Africa,11300.71,EUR,SEPA,93.38,High,True,Yes
TX-107228,2024-11-27 02:16:05.096418,Russia,Spain,65194.1,RUB,ACH,52.72,Medium,False,Yes
TX-107229,2024-04-09 05:50:11.096418,Russia,Canada,60985.73,RUB,ACH,9.99,Low,False,Yes
TX-107230,2025-01-22 09:29:56.096418,UK,Netherlands,51612.62,GBP,ACH,44.99,Medium,False,Yes
TX-107231,2025-01-28 20:11:41.096418,Netherlands,UK,92654.47,EUR,ACH,32.63,Low,False,Yes
TX-107232,2024-10-21 21:34:57.096418,Japan,Australia,52155.86,JPY,SEPA,28.22,Low,False,Yes
TX-107233,2025-03-07 18:26:58.096418,Germany,Italy,99052.46,EUR,ACH,54.15,Medium,False,Yes
TX-107234,2024-04-13 00:33:24.096418,France,Spain,50971.96,EUR,SWIFT,48.36,Medium,False,Yes
TX-107235,2024-12-31 20:32:07.096418,Brazil,UK,11673.62,BRL,SWIFT,48.2,Medium,False,Yes
TX-107236,2025-02-27 22:56:05.096418,Netherlands,Japan,47100.08,EUR,Wire,8.81,Low,False,Yes
TX-107237,2025-03-04 13:00:08.096418,India,China,18314.64,INR,Wire,80.23,High,True,Yes
TX-107238,2024-08-12 06:23:10.096418,Canada,UK,59753.64,CAD,SWIFT,48.14,Medium,False,Yes
TX-107239,2024-10-30 09:12:37.096418,Brazil,Japan,69343.9,BRL,SWIFT,82.09,High,True,Yes
TX-107240,2024-09-19 13:19:08.096418,Canada,Italy,46896.68,CAD,SWIFT,82.46,High,True,Yes
TX-107241,2024-04-26 21:07:59.096418,Netherlands,Italy,9860.53,EUR,SEPA,31.71,Low,False,Yes
TX-107242,2024-09-24 15:06:29.096418,USA,France,46917.28,USD,ACH,0.43,Low,False,Yes
TX-107243,2024-10-08 06:29:16.096418,Russia,Russia,8237.28,RUB,RTGS,91.12,High,True,Yes
TX-107244,2024-12-14 15:14:14.096418,Japan,India,68244.38,JPY,RTGS,76.07,High,True,Yes
TX-107245,2024-08-06 06:20:17.096418,India,Brazil,79057.79,INR,SEPA,10.73,Low,False,Yes
TX-107246,2025-01-04 22:45:28.096418,USA,India,96241.79,USD,RTGS,70.17,High,True,Yes
TX-107247,2024-07-31 00:13:47.096418,Russia,Italy,14965.33,RUB,Wire,2.0,Low,False,Yes
TX-107248,2025-01-23 04:25:53.096418,China,India,53288.79,CNY,SEPA,2.78,Low,False,Yes
TX-107249,2024-07-15 05:54:10.096418,China,France,56796.98,CNY,SEPA,52.58,Medium,False,Yes
TX-107250,2024-05-01 22:56:18.096418,Italy,Brazil,92255.41,EUR,SEPA,9.6,Low,False,Yes
TX-107251,2024-05-04 06:42:13.096418,South Africa,China,62764.94,ZAR,SWIFT,96.43,High,True,Yes
TX-107252,2024-08-24 18:26:26.096418,China,Netherlands,14636.41,CNY,SWIFT,89.38,High,True,Yes
TX-107253,2024-05-26 21:01:34.096418,Germany,Netherlands,43691.5,EUR,ACH,64.98,Medium,False,Yes
TX-107254,2024-05-08 12:53:31.096418,Netherlands,Russia,65510.78,EUR,SWIFT,6.37,Low,False,Yes
TX-107255,2025-01-11 03:33:11.096418,USA,Canada,70058.41,USD,SEPA,32.48,Low,False,Yes
TX-107256,2024-04-23 21:41:29.096418,Japan,Canada,86321.09,JPY,SWIFT,37.17,Low,False,Yes
TX-107257,2024-11-02 16:44:52.096418,France,South Africa,18132.66,EUR,Wire,48.09,Medium,False,Yes
TX-107258,2024-12-04 08:59:22.096418,Japan,Russia,95159.06,JPY,SWIFT,16.89,Low,False,Yes
TX-107259,2024-09-12 05:11:11.096418,Netherlands,Canada,6008.03,EUR,RTGS,57.75,Medium,False,Yes
TX-107260,2024-03-29 22:47:24.096418,Japan,Canada,98377.84,JPY,RTGS,43.58,Medium,False,Yes
TX-107261,2024-10-22 21:31:48.096418,Australia,India,85790.93,AUD,SEPA,94.73,High,True,Yes
TX-107262,2024-11-15 17:49:28.096418,India,USA,66061.25,INR,SWIFT,93.62,High,True,Yes
TX-107263,2024-05-14 06:25:14.096418,South Africa,China,73526.05,ZAR,Wire,56.55,Medium,False,Yes
TX-107264,2025-02-07 21:59:47.096418,UK,Netherlands,7361.93,GBP,SEPA,64.43,Medium,False,Yes
TX-107265,2024-09-25 17:16:35.096418,Spain,Italy,4243.84,EUR,ACH,13.78,Low,False,Yes
TX-107266,2024-05-06 02:33:25.096418,Italy,Canada,10266.4,EUR,Wire,22.33,Low,False,Yes
TX-107267,2024-04-18 10:59:20.096418,Germany,Australia,8827.25,EUR,RTGS,90.07,High,True,Yes
TX-107268,2024-04-28 20:50:43.096418,Netherlands,Brazil,54783.39,EUR,Wire,69.92,Medium,False,Yes
TX-107269,2025-03-02 17:50:44.096418,South Africa,South Africa,21622.85,ZAR,Wire,18.94,Low,False,Yes
TX-107270,2025-01-21 02:38:44.096418,China,China,86034.54,CNY,RTGS,57.02,Medium,False,Yes
TX-107271,2025-01-22 13:38:29.096418,Brazil,Netherlands,44630.29,BRL,SEPA,93.48,High,True,Yes
TX-107272,2024-05-19 14:53:53.096418,Russia,Japan,69581.5,RUB,SWIFT,34.52,Low,False,Yes
TX-107273,2024-06-25 22:01:47.096418,France,Canada,65322.02,EUR,Wire,18.58,Low,False,Yes
TX-107274,2024-07-02 07:42:58.096418,UK,India,32053.32,GBP,ACH,94.2,High,True,Yes
TX-107275,2025-01-19 04:56:58.096418,Australia,Australia,24392.44,AUD,ACH,46.13,Medium,False,Yes
TX-107276,2025-01-31 11:30:17.096418,Japan,Japan,34311.38,JPY,SWIFT,41.72,Medium,False,Yes
TX-107277,2024-09-28 19:13:17.096418,Japan,China,79686.17,JPY,Wire,26.76,Low,False,Yes
TX-107278,2024-06-14 21:47:34.096418,Canada,South Africa,58669.06,CAD,SEPA,89.16,High,True,Yes
TX-107279,2024-10-15 05:12:21.096418,Italy,USA,25428.51,EUR,RTGS,84.56,High,True,Yes
TX-107280,2024-12-05 01:17:20.096418,Spain,India,81802.86,EUR,SWIFT,40.3,Medium,False,Yes
TX-107281,2024-12-14 23:07:08.096418,Japan,France,5570.46,JPY,ACH,3.06,Low,False,Yes
TX-107282,2024-05-20 06:55:26.096418,USA,Russia,69948.42,USD,RTGS,44.67,Medium,False,Yes
TX-107283,2024-09-07 06:06:13.096418,India,Italy,43966.17,INR,RTGS,18.09,Low,False,Yes
TX-107284,2024-11-27 23:17:09.096418,Germany,Germany,73155.91,EUR,SWIFT,14.27,Low,False,Yes
TX-107285,2024-06-26 10:49:26.096418,Russia,Germany,92753.38,RUB,ACH,39.31,Low,False,Yes
TX-107286,2024-09-30 08:13:26.096418,South Africa,South Africa,75028.41,ZAR,RTGS,9.91,Low,False,Yes
TX-107287,2024-11-16 08:36:47.096418,China,Australia,44252.34,CNY,SWIFT,95.75,High,True,Yes
TX-107288,2024-06-29 20:30:20.096418,India,Japan,15182.47,INR,ACH,4.75,Low,False,Yes
TX-107289,2024-08-19 02:21:57.096418,UK,Italy,80654.46,GBP,SWIFT,40.14,Medium,False,Yes
TX-107290,2024-09-01 16:43:54.096418,South Africa,Canada,46124.48,ZAR,ACH,16.27,Low,False,Yes
TX-107291,2024-05-02 16:42:15.096418,Japan,Germany,7623.7,JPY,Wire,68.88,Medium,False,Yes
TX-107292,2025-01-17 10:35:47.096418,UK,Russia,71933.63,GBP,Wire,7.88,Low,False,Yes
TX-107293,2024-03-18 01:54:54.096418,Australia,Australia,29256.01,AUD,Wire,54.68,Medium,False,Yes
TX-107294,2024-08-07 22:50:08.096418,UK,Canada,4983.93,GBP,RTGS,77.31,High,True,Yes
TX-107295,2024-04-13 17:25:12.096418,UK,Spain,90284.83,GBP,Wire,95.01,High,True,Yes
TX-107296,2024-12-19 21:36:15.096418,China,South Africa,48361.8,CNY,SEPA,69.85,Medium,False,Yes
TX-107297,2025-02-11 22:32:31.096418,China,Netherlands,28168.01,CNY,SEPA,9.95,Low,False,Yes
TX-107298,2024-09-11 05:04:43.096418,India,Australia,71667.02,INR,SEPA,8.85,Low,False,Yes
TX-107299,2024-08-31 08:43:13.096418,Russia,Italy,88601.65,RUB,RTGS,73.16,High,True,Yes
TX-107300,2024-05-29 21:39:33.096418,UK,Netherlands,130.68,GBP,ACH,21.53,Low,False,Yes
TX-107301,2024-11-21 14:43:57.096418,Brazil,Russia,68816.43,BRL,RTGS,44.72,Medium,False,Yes
TX-107302,2024-11-24 03:31:23.096418,Brazil,India,76724.47,BRL,Wire,97.66,High,True,Yes
TX-107303,2024-07-06 13:34:18.096418,Australia,Brazil,21071.75,AUD,SEPA,81.99,High,True,Yes
TX-107304,2024-09-21 14:10:34.096418,Spain,South Africa,49013.42,EUR,ACH,84.66,High,True,Yes
TX-107305,2024-10-09 16:57:52.097418,USA,Brazil,9019.66,USD,SWIFT,86.08,High,True,Yes
TX-107306,2024-04-10 01:43:28.097418,Germany,Italy,74700.31,EUR,ACH,61.95,Medium,False,Yes
TX-107307,2024-10-21 02:16:52.097418,South Africa,USA,84760.86,ZAR,ACH,74.39,High,True,Yes
TX-107308,2025-02-26 15:05:27.097418,Australia,Spain,10907.85,AUD,ACH,35.9,Low,False,Yes
TX-107309,2024-11-17 10:09:55.097418,Germany,South Africa,81664.38,EUR,ACH,99.84,High,True,Yes
TX-107310,2024-04-12 16:14:14.097418,Canada,Germany,77179.86,CAD,ACH,27.96,Low,False,Yes
TX-107311,2024-10-05 06:33:33.097418,France,Japan,34756.64,EUR,ACH,59.0,Medium,False,Yes
TX-107312,2024-11-12 13:05:02.097418,Spain,France,69059.92,EUR,SEPA,28.21,Low,False,Yes
TX-107313,2025-02-28 19:28:55.097418,Germany,France,104.81,EUR,Wire,11.21,Low,False,Yes
TX-107314,2024-06-08 16:23:09.097418,USA,Netherlands,93186.59,USD,RTGS,56.76,Medium,False,Yes
TX-107315,2024-04-29 10:45:01.097418,India,India,55083.29,INR,SWIFT,35.33,Low,False,Yes
TX-107316,2024-06-16 20:32:57.097418,Germany,France,62071.85,EUR,RTGS,58.32,Medium,False,Yes
TX-107317,2024-06-09 05:29:54.097418,Japan,France,66499.48,JPY,ACH,55.87,Medium,False,Yes
TX-107318,2025-01-07 12:39:08.097418,Netherlands,Russia,56180.76,EUR,Wire,54.23,Medium,False,Yes
TX-107319,2024-12-23 00:00:15.097418,South Africa,Netherlands,85690.71,ZAR,SEPA,12.33,Low,False,Yes
TX-107320,2024-05-14 18:51:31.097418,Spain,South Africa,61009.21,EUR,RTGS,44.02,Medium,False,Yes
TX-107321,2025-03-11 12:37:16.097418,Italy,Netherlands,90785.22,EUR,RTGS,81.2,High,True,Yes
TX-107322,2024-11-13 01:57:42.097418,Australia,Italy,58274.93,AUD,SWIFT,31.51,Low,False,Yes
TX-107323,2025-02-22 05:18:00.097418,Netherlands,India,17195.13,EUR,SEPA,44.38,Medium,False,Yes
TX-107324,2024-05-18 02:44:39.097418,Australia,Germany,91364.9,AUD,RTGS,49.38,Medium,False,Yes
TX-107325,2024-08-09 19:39:42.097418,Netherlands,USA,68194.59,EUR,Wire,86.27,High,True,Yes
TX-107326,2024-11-28 05:04:34.097418,USA,Netherlands,69953.98,USD,Wire,65.56,Medium,False,Yes
TX-107327,2025-01-27 15:02:40.097418,USA,Netherlands,98549.63,USD,ACH,10.02,Low,False,Yes
TX-107328,2024-11-30 03:30:30.097418,India,Italy,7612.14,INR,SWIFT,86.52,High,True,Yes
TX-107329,2024-06-28 00:55:55.097418,Spain,USA,42916.4,EUR,RTGS,83.21,High,True,Yes
TX-107330,2024-11-17 03:22:06.097418,Canada,USA,23985.63,CAD,Wire,75.36,High,True,Yes
TX-107331,2024-12-10 15:34:30.097418,Brazil,USA,63079.6,BRL,SWIFT,46.61,Medium,False,Yes
TX-107332,2024-10-23 15:01:49.097418,Japan,UK,80700.49,JPY,RTGS,75.75,High,True,Yes
TX-107333,2024-10-19 19:19:06.097418,India,South Africa,96634.44,INR,SEPA,47.87,Medium,False,Yes
TX-107334,2024-04-21 19:34:01.097418,Russia,Spain,45514.15,RUB,RTGS,73.66,High,True,Yes
TX-107335,2024-11-28 20:01:59.097418,France,Russia,78643.2,EUR,RTGS,88.01,High,True,Yes
TX-107336,2024-10-01 19:24:20.097418,Russia,Russia,91713.45,RUB,ACH,89.05,High,True,Yes
TX-107337,2024-05-04 07:25:24.097418,Brazil,Japan,68364.21,BRL,RTGS,45.46,Medium,False,Yes
TX-107338,2024-05-25 05:18:49.097418,France,Russia,24348.98,EUR,SEPA,85.93,High,True,Yes
TX-107339,2025-03-11 10:13:43.097418,China,Brazil,60824.63,CNY,RTGS,10.15,Low,False,Yes
TX-107340,2025-02-27 12:17:28.097418,Japan,China,96998.21,JPY,RTGS,10.18,Low,False,Yes
TX-107341,2025-02-25 04:40:32.097418,China,Spain,98756.63,CNY,RTGS,54.83,Medium,False,Yes
TX-107342,2024-05-12 14:57:56.097418,UK,Spain,64271.75,GBP,SEPA,65.18,Medium,False,Yes
TX-107343,2024-12-12 00:38:12.097418,Italy,UK,88710.08,EUR,RTGS,15.3,Low,False,Yes
TX-107344,2024-12-23 13:52:10.097418,India,China,20114.9,INR,RTGS,47.22,Medium,False,Yes
TX-107345,2024-11-11 13:39:01.097418,Italy,Italy,24683.25,EUR,RTGS,9.44,Low,False,Yes
TX-107346,2024-12-30 12:15:52.097418,Spain,Germany,95293.47,EUR,SWIFT,60.21,Medium,False,Yes
TX-107347,2025-02-13 23:22:08.097418,China,Japan,13610.01,CNY,RTGS,85.51,High,True,Yes
TX-107348,2024-09-25 16:40:03.097418,India,Italy,19191.53,INR,Wire,73.76,High,True,Yes
TX-107349,2024-12-17 16:38:08.097418,Netherlands,Germany,42112.81,EUR,ACH,37.83,Low,False,Yes
TX-107350,2024-03-26 17:55:45.097418,Russia,China,58999.47,RUB,ACH,99.38,High,True,Yes
TX-107351,2024-10-18 23:14:16.097418,Canada,India,60421.34,CAD,SEPA,66.29,Medium,False,Yes
TX-107352,2024-04-25 21:30:15.097418,Japan,Italy,29268.4,JPY,RTGS,81.52,High,True,Yes
TX-107353,2024-07-22 04:21:27.097418,France,Russia,92069.33,EUR,SWIFT,66.97,Medium,False,Yes
TX-107354,2024-05-27 12:08:15.097418,Italy,USA,91518.48,EUR,SEPA,98.94,High,True,Yes
TX-107355,2024-08-08 02:57:47.097418,Netherlands,South Africa,39267.6,EUR,Wire,82.14,High,True,Yes
TX-107356,2025-03-06 02:30:41.097418,Germany,Netherlands,43485.75,EUR,ACH,51.94,Medium,False,Yes
TX-107357,2025-02-24 16:44:15.097418,Japan,China,70279.46,JPY,SEPA,36.69,Low,False,Yes
TX-107358,2024-12-11 13:38:06.097418,Italy,Italy,66333.29,EUR,SWIFT,68.22,Medium,False,Yes
TX-107359,2024-08-03 13:56:41.097418,Spain,UK,38291.47,EUR,ACH,59.02,Medium,False,Yes
TX-107360,2024-04-03 09:18:03.097418,Russia,India,41483.0,RUB,SEPA,62.94,Medium,False,Yes
TX-107361,2024-03-30 15:21:37.097418,Russia,Italy,34869.09,RUB,SWIFT,34.3,Low,False,Yes
TX-107362,2025-02-20 07:21:43.097418,Spain,Brazil,23614.96,EUR,Wire,42.87,Medium,False,Yes
TX-107363,2025-03-14 12:11:50.097418,Australia,UK,45868.02,AUD,Wire,55.81,Medium,False,Yes
TX-107364,2024-12-06 01:38:11.097418,South Africa,Italy,68674.77,ZAR,RTGS,83.93,High,True,Yes
TX-107365,2024-06-29 14:01:54.097418,Australia,Netherlands,74222.47,AUD,RTGS,76.29,High,True,Yes
TX-107366,2025-03-11 12:03:34.097418,Netherlands,Spain,77909.48,EUR,SEPA,11.87,Low,False,Yes
TX-107367,2024-09-02 10:44:47.097418,China,Japan,37535.73,CNY,ACH,24.56,Low,False,Yes
TX-107368,2024-11-27 16:57:20.097418,USA,UK,76487.14,USD,SWIFT,2.67,Low,False,Yes
TX-107369,2024-11-15 17:09:11.097418,Japan,Italy,750.98,JPY,ACH,0.8,Low,False,Yes
TX-107370,2024-12-27 20:26:03.097418,Netherlands,Germany,47757.29,EUR,SWIFT,22.44,Low,False,Yes
TX-107371,2024-11-09 23:52:25.097418,UK,Canada,79411.05,GBP,SWIFT,79.93,High,True,Yes
TX-107372,2024-05-09 10:24:59.097418,Australia,Brazil,63041.47,AUD,RTGS,90.47,High,True,Yes
TX-107373,2024-12-15 08:30:06.097418,UK,South Africa,47458.91,GBP,SWIFT,39.18,Low,False,Yes
TX-107374,2024-10-16 12:33:18.097418,Germany,UK,64499.74,EUR,RTGS,56.32,Medium,False,Yes
TX-107375,2024-09-24 19:09:07.097418,Canada,Japan,90703.91,CAD,SEPA,70.61,High,True,Yes
TX-107376,2024-09-10 14:54:26.097418,Japan,Canada,56681.54,JPY,SWIFT,95.29,High,True,Yes
TX-107377,2024-06-05 23:55:19.097418,India,India,79998.64,INR,RTGS,91.29,High,True,Yes
TX-107378,2024-04-22 18:59:43.097418,France,China,98076.2,EUR,SWIFT,5.72,Low,False,Yes
TX-107379,2025-02-05 17:57:26.097418,Germany,South Africa,70586.26,EUR,SWIFT,24.82,Low,False,Yes
TX-107380,2024-11-20 23:13:26.097418,UK,Italy,57375.24,GBP,RTGS,4.91,Low,False,Yes
TX-107381,2025-01-04 12:27:49.097418,UK,Russia,3844.85,GBP,Wire,61.65,Medium,False,Yes
TX-107382,2024-10-07 07:51:37.097418,UK,South Africa,37510.34,GBP,SWIFT,71.05,High,True,Yes
TX-107383,2025-03-02 07:18:46.097418,Spain,India,56587.73,EUR,Wire,30.83,Low,False,Yes
TX-107384,2024-12-04 15:25:23.097418,China,Netherlands,79740.94,CNY,RTGS,85.39,High,True,Yes
TX-107385,2024-12-13 20:15:47.097418,Brazil,France,43866.67,BRL,SEPA,45.28,Medium,False,Yes
TX-107386,2025-01-11 08:22:40.097418,Russia,Russia,96009.82,RUB,Wire,99.84,High,True,Yes
TX-107387,2024-05-02 11:04:40.097418,Canada,Japan,27252.2,CAD,SEPA,0.04,Low,False,Yes
TX-107388,2024-05-19 22:08:03.097418,India,UK,74482.26,INR,SWIFT,10.95,Low,False,Yes
TX-107389,2024-07-26 03:59:43.097418,Germany,Spain,41961.24,EUR,RTGS,30.18,Low,False,Yes
TX-107390,2024-10-06 15:13:00.097418,Italy,Germany,48650.25,EUR,SWIFT,2.55,Low,False,Yes
TX-107391,2025-01-08 18:19:39.097418,South Africa,Canada,80269.95,ZAR,SWIFT,78.23,High,True,Yes
TX-107392,2024-08-20 16:50:45.097418,Spain,Canada,29691.9,EUR,RTGS,5.28,Low,False,Yes
TX-107393,2025-02-09 01:18:27.097418,Brazil,USA,9771.52,BRL,RTGS,74.9,High,True,Yes
TX-107394,2024-05-19 21:20:39.097418,Canada,Italy,52073.53,CAD,Wire,5.26,Low,False,Yes
TX-107395,2024-11-17 08:00:16.097418,Australia,USA,52926.58,AUD,RTGS,25.27,Low,False,Yes
TX-107396,2025-02-01 04:01:36.097418,India,India,79737.06,INR,RTGS,84.13,High,True,Yes
TX-107397,2025-01-29 02:27:25.097418,Australia,South Africa,96835.09,AUD,SWIFT,95.11,High,True,Yes
TX-107398,2025-01-26 22:31:48.097418,Australia,China,5624.54,AUD,SWIFT,41.45,Medium,False,Yes
TX-107399,2024-12-03 13:29:32.097418,Germany,UK,59209.78,EUR,SWIFT,96.99,High,True,Yes
TX-107400,2024-05-26 10:40:21.097418,China,USA,68159.73,CNY,Wire,62.69,Medium,False,Yes
TX-107401,2024-08-31 11:27:25.097418,UK,China,98581.55,GBP,Wire,41.58,Medium,False,Yes
TX-107402,2025-03-06 00:43:49.097418,India,Brazil,94264.76,INR,Wire,80.28,High,True,Yes
TX-107403,2024-03-29 02:55:21.097418,Russia,Japan,71273.83,RUB,Wire,29.53,Low,False,Yes
TX-107404,2024-07-03 13:45:26.097418,Italy,Netherlands,52226.76,EUR,SWIFT,26.58,Low,False,Yes
TX-107405,2025-02-03 03:45:44.097418,USA,Canada,16236.24,USD,SWIFT,65.65,Medium,False,Yes
TX-107406,2025-01-19 12:42:19.097418,Germany,China,38479.24,EUR,SWIFT,39.05,Low,False,Yes
TX-107407,2024-12-23 11:51:37.097418,USA,Italy,58553.72,USD,Wire,13.59,Low,False,Yes
TX-107408,2024-12-19 17:09:31.097418,UK,USA,72547.52,GBP,Wire,6.7,Low,False,Yes
TX-107409,2024-10-06 12:35:17.097418,China,Brazil,63576.42,CNY,Wire,78.78,High,True,Yes
TX-107410,2024-11-09 15:07:07.097418,China,Brazil,71440.87,CNY,RTGS,67.59,Medium,False,Yes
TX-107411,2024-09-25 10:40:42.097418,UK,UK,42972.34,GBP,SEPA,41.18,Medium,False,Yes
TX-107412,2024-04-03 18:07:21.097418,UK,Australia,72789.97,GBP,SEPA,89.62,High,True,Yes
TX-107413,2024-04-05 23:45:36.097418,India,India,14459.75,INR,SEPA,41.09,Medium,False,Yes
TX-107414,2024-08-01 06:43:02.097418,Japan,India,16342.37,JPY,SEPA,71.03,High,True,Yes
TX-107415,2024-08-17 22:15:40.097418,USA,South Africa,16366.93,USD,Wire,90.91,High,True,Yes
TX-107416,2024-04-10 20:19:45.097418,Netherlands,Spain,89097.41,EUR,Wire,84.07,High,True,Yes
TX-107417,2025-01-11 18:28:28.097418,China,UK,7695.8,CNY,Wire,51.11,Medium,False,Yes
TX-107418,2024-07-11 18:32:25.097418,UK,Germany,80170.69,GBP,RTGS,68.06,Medium,False,Yes
TX-107419,2024-12-11 18:55:33.097418,USA,India,23433.73,USD,RTGS,41.37,Medium,False,Yes
TX-107420,2024-03-19 17:36:24.097418,UK,Netherlands,46896.15,GBP,RTGS,64.72,Medium,False,Yes
TX-107421,2024-04-02 02:40:52.097418,France,Germany,91604.06,EUR,SEPA,25.76,Low,False,Yes
TX-107422,2024-12-06 18:31:49.098418,Netherlands,France,58635.13,EUR,SEPA,43.47,Medium,False,Yes
TX-107423,2024-12-05 01:15:32.098418,UK,Germany,21090.76,GBP,Wire,20.95,Low,False,Yes
TX-107424,2024-07-28 20:32:46.098418,Japan,Japan,28480.6,JPY,Wire,3.82,Low,False,Yes
TX-107425,2025-03-11 17:08:22.098418,Italy,Russia,92052.62,EUR,RTGS,58.85,Medium,False,Yes
TX-107426,2024-07-17 05:52:25.098418,China,Germany,42771.68,CNY,Wire,86.44,High,True,Yes
TX-107427,2024-09-29 23:19:18.098418,China,Brazil,58739.85,CNY,ACH,2.56,Low,False,Yes
TX-107428,2024-12-05 01:13:57.098418,India,South Africa,46047.23,INR,SWIFT,19.6,Low,False,Yes
TX-107429,2024-12-12 01:47:49.098418,USA,South Africa,37905.96,USD,ACH,46.02,Medium,False,Yes
TX-107430,2024-05-06 13:42:59.098418,Netherlands,South Africa,22405.58,EUR,SEPA,66.59,Medium,False,Yes
TX-107431,2025-01-07 20:25:15.098418,Brazil,Italy,68650.53,BRL,Wire,17.12,Low,False,Yes
TX-107432,2024-11-04 10:53:31.098418,Brazil,South Africa,71852.38,BRL,ACH,5.67,Low,False,Yes
TX-107433,2024-09-24 21:56:01.098418,India,France,27561.02,INR,Wire,51.9,Medium,False,Yes
TX-107434,2024-12-03 14:15:51.098418,Russia,India,78922.18,RUB,SWIFT,81.87,High,True,Yes
TX-107435,2025-03-04 14:48:42.098418,France,USA,85468.07,EUR,RTGS,3.52,Low,False,Yes
TX-107436,2024-06-03 22:56:57.098418,Canada,France,92075.44,CAD,ACH,34.94,Low,False,Yes
TX-107437,2024-12-20 07:52:40.098418,Germany,Canada,16205.12,EUR,ACH,66.35,Medium,False,Yes
TX-107438,2025-01-23 15:42:42.098418,Australia,Netherlands,30461.98,AUD,SWIFT,13.07,Low,False,Yes
TX-107439,2024-04-03 07:36:16.098418,China,UK,86049.3,CNY,Wire,23.59,Low,False,Yes
TX-107440,2024-10-13 14:39:21.098418,Australia,India,19934.17,AUD,RTGS,53.55,Medium,False,Yes
TX-107441,2024-06-03 10:33:04.098418,Russia,USA,446.5,RUB,RTGS,95.32,High,True,Yes
TX-107442,2024-04-03 21:47:34.098418,Australia,India,87095.65,AUD,Wire,28.73,Low,False,Yes
TX-107443,2024-07-30 07:23:52.098418,UK,China,32712.3,GBP,SEPA,48.75,Medium,False,Yes
TX-107444,2024-03-26 18:33:31.098418,Germany,Russia,41508.3,EUR,ACH,39.99,Low,False,Yes
TX-107445,2024-06-08 07:17:39.098418,Russia,Canada,44688.77,RUB,SEPA,89.74,High,True,Yes
TX-107446,2024-04-30 05:50:01.098418,Italy,Canada,84842.63,EUR,RTGS,7.19,Low,False,Yes
TX-107447,2024-07-26 23:51:47.098418,China,Australia,33855.43,CNY,SWIFT,56.61,Medium,False,Yes
TX-107448,2024-04-03 21:31:56.098418,UK,Netherlands,89238.76,GBP,SWIFT,84.61,High,True,Yes
TX-107449,2024-08-12 05:15:42.098418,South Africa,China,61732.22,ZAR,ACH,98.81,High,True,Yes
TX-107450,2024-09-04 19:19:21.098418,China,Canada,52775.94,CNY,ACH,69.87,Medium,False,Yes
TX-107451,2024-07-15 07:02:31.098418,Russia,Canada,32628.89,RUB,SEPA,37.99,Low,False,Yes
TX-107452,2024-05-22 03:44:51.098418,South Africa,UK,24446.8,ZAR,RTGS,41.18,Medium,False,Yes
TX-107453,2024-09-21 16:53:39.098418,UK,France,62443.44,GBP,ACH,35.17,Low,False,Yes
TX-107454,2024-08-22 06:10:12.098418,China,France,44744.73,CNY,Wire,60.36,Medium,False,Yes
TX-107455,2024-11-17 18:50:38.098418,India,Netherlands,91060.55,INR,Wire,73.94,High,True,Yes
TX-107456,2024-11-08 07:30:23.098418,Japan,UK,49214.71,JPY,Wire,81.95,High,True,Yes
TX-107457,2024-11-13 15:10:40.098418,France,Canada,51228.31,EUR,SWIFT,41.66,Medium,False,Yes
TX-107458,2025-02-18 10:28:09.098418,UK,Canada,41730.66,GBP,Wire,71.67,High,True,Yes
TX-107459,2024-05-26 23:41:45.098418,Brazil,Australia,78947.37,BRL,SEPA,91.62,High,True,Yes
TX-107460,2024-10-18 20:54:13.098418,India,Russia,42541.44,INR,SEPA,92.08,High,True,Yes
TX-107461,2024-09-02 11:53:52.098418,Spain,Spain,27007.27,EUR,SWIFT,70.4,High,True,Yes
TX-107462,2024-09-12 23:13:46.098418,Netherlands,Netherlands,86216.88,EUR,Wire,63.69,Medium,False,Yes
TX-107463,2024-12-02 01:43:07.098418,Australia,Russia,59723.14,AUD,ACH,53.15,Medium,False,Yes
TX-107464,2025-01-07 18:50:37.098418,China,Germany,59191.87,CNY,ACH,18.32,Low,False,Yes
TX-107465,2025-03-12 07:09:15.098418,China,Italy,61121.14,CNY,ACH,12.36,Low,False,Yes
TX-107466,2025-03-09 15:36:17.098418,Canada,Canada,71912.09,CAD,RTGS,48.57,Medium,False,Yes
TX-107467,2025-02-11 06:24:51.098418,Germany,Australia,31375.49,EUR,SEPA,15.94,Low,False,Yes
TX-107468,2024-08-06 09:09:54.098418,Italy,South Africa,3481.05,EUR,SEPA,57.7,Medium,False,Yes
TX-107469,2024-12-23 02:25:41.098418,Italy,USA,81078.26,EUR,Wire,64.57,Medium,False,Yes
TX-107470,2024-07-09 23:08:02.098418,UK,Italy,12977.61,GBP,ACH,52.56,Medium,False,Yes
TX-107471,2024-11-07 20:41:28.098418,Canada,Canada,72209.79,CAD,Wire,3.64,Low,False,Yes
TX-107472,2024-03-27 01:21:38.098418,USA,Australia,8323.3,USD,Wire,5.77,Low,False,Yes
TX-107473,2024-05-06 00:50:26.098418,Germany,India,37593.25,EUR,SEPA,11.33,Low,False,Yes
TX-107474,2024-08-05 21:57:09.098418,Japan,Canada,6396.3,JPY,SEPA,15.36,Low,False,Yes
TX-107475,2024-04-01 23:20:36.098418,Russia,Germany,52269.15,RUB,SEPA,98.99,High,True,Yes
TX-107476,2024-04-15 19:11:01.098418,Netherlands,India,65348.26,EUR,SEPA,34.45,Low,False,Yes
TX-107477,2024-11-07 16:36:38.098418,Japan,Italy,17226.17,JPY,ACH,29.2,Low,False,Yes
TX-107478,2025-02-13 14:42:02.098418,India,Italy,37225.6,INR,Wire,5.23,Low,False,Yes
TX-107479,2024-09-09 17:03:05.098418,Italy,Netherlands,93030.93,EUR,Wire,63.53,Medium,False,Yes
TX-107480,2024-04-08 18:21:04.098418,Russia,Spain,44294.67,RUB,Wire,65.22,Medium,False,Yes
TX-107481,2024-06-22 08:19:21.098418,UK,India,80274.1,GBP,SEPA,17.54,Low,False,Yes
TX-107482,2024-06-24 22:59:47.098418,China,Netherlands,92725.76,CNY,ACH,91.92,High,True,Yes
TX-107483,2024-05-10 22:54:30.098418,Canada,Australia,97437.15,CAD,ACH,80.05,High,True,Yes
TX-107484,2024-04-18 12:16:03.098418,UK,South Africa,89842.37,GBP,Wire,23.03,Low,False,Yes
TX-107485,2024-03-24 14:52:24.098418,Australia,UK,31808.79,AUD,Wire,48.58,Medium,False,Yes
TX-107486,2025-02-21 09:10:26.098418,Netherlands,UK,96261.03,EUR,SWIFT,45.84,Medium,False,Yes
TX-107487,2024-11-12 15:24:00.098418,China,France,81258.28,CNY,ACH,34.85,Low,False,Yes
TX-107488,2024-04-22 11:13:10.098418,China,USA,83733.84,CNY,Wire,81.76,High,True,Yes
TX-107489,2024-04-30 16:50:24.098418,USA,Netherlands,1615.78,USD,SEPA,10.93,Low,False,Yes
TX-107490,2025-01-20 01:17:35.098418,Netherlands,UK,95428.46,EUR,RTGS,41.53,Medium,False,Yes
TX-107491,2024-06-11 20:07:52.098418,South Africa,India,77831.21,ZAR,ACH,42.8,Medium,False,Yes
TX-107492,2025-02-11 11:17:43.098418,Japan,China,76819.95,JPY,Wire,46.87,Medium,False,Yes
TX-107493,2024-07-25 07:36:09.098418,Japan,India,8244.32,JPY,SEPA,86.13,High,True,Yes
TX-107494,2024-03-28 02:07:05.098418,South Africa,China,23333.6,ZAR,RTGS,21.82,Low,False,Yes
TX-107495,2024-07-17 12:29:41.098418,Canada,Russia,96229.94,CAD,RTGS,10.29,Low,False,Yes
TX-107496,2024-11-07 02:22:41.098418,Canada,USA,50117.64,CAD,ACH,61.78,Medium,False,Yes
TX-107497,2024-04-17 08:21:22.098418,Australia,Canada,39846.02,AUD,RTGS,17.38,Low,False,Yes
TX-107498,2024-10-27 13:43:22.098418,India,Spain,84010.09,INR,SEPA,7.49,Low,False,Yes
TX-107499,2024-06-16 16:52:15.098418,UK,Spain,8825.31,GBP,Wire,42.66,Medium,False,Yes
TX-107500,2025-02-11 12:11:46.098418,Netherlands,Australia,41752.51,EUR,RTGS,21.96,Low,False,Yes
TX-107501,2024-07-23 22:51:13.098418,China,China,37632.51,CNY,RTGS,36.12,Low,False,Yes
TX-107502,2024-09-29 20:00:48.098418,Japan,China,35050.15,JPY,Wire,25.97,Low,False,Yes
TX-107503,2024-04-28 06:14:32.098418,Russia,Japan,30838.46,RUB,ACH,9.26,Low,False,Yes
TX-107504,2024-10-31 15:42:32.098418,USA,USA,21086.49,USD,RTGS,56.03,Medium,False,Yes
TX-107505,2024-04-04 06:13:07.098418,Netherlands,UK,17373.79,EUR,SWIFT,2.7,Low,False,Yes
TX-107506,2024-11-15 08:06:00.098418,South Africa,Japan,64076.57,ZAR,SEPA,96.64,High,True,Yes
TX-107507,2024-07-22 04:43:29.098418,India,Brazil,91947.54,INR,SEPA,34.13,Low,False,Yes
TX-107508,2024-05-17 21:00:52.098418,India,France,50934.28,INR,RTGS,69.52,Medium,False,Yes
TX-107509,2024-12-29 19:22:08.098418,Italy,Netherlands,29867.66,EUR,SWIFT,81.04,High,True,Yes
TX-107510,2024-09-10 22:01:08.098418,Japan,Canada,16000.1,JPY,ACH,27.91,Low,False,Yes
TX-107511,2024-08-30 02:09:06.098418,Italy,Germany,83031.32,EUR,RTGS,74.87,High,True,Yes
TX-107512,2025-02-09 16:49:33.098418,Spain,China,97152.06,EUR,SWIFT,83.24,High,True,Yes
TX-107513,2025-02-16 15:54:36.098418,Russia,USA,34980.62,RUB,SEPA,24.13,Low,False,Yes
TX-107514,2024-06-21 07:26:24.098418,USA,Japan,29165.95,USD,RTGS,99.25,High,True,Yes
TX-107515,2024-11-22 03:23:13.098418,Brazil,USA,60189.15,BRL,RTGS,2.07,Low,False,Yes
TX-107516,2025-01-19 01:24:26.098418,Japan,Japan,77555.37,JPY,RTGS,21.7,Low,False,Yes
TX-107517,2025-02-13 17:18:02.098418,Italy,Japan,45594.74,EUR,RTGS,78.0,High,True,Yes
TX-107518,2025-02-06 09:40:52.098418,Germany,South Africa,63044.31,EUR,SEPA,19.41,Low,False,Yes
TX-107519,2024-07-31 21:40:54.099419,South Africa,UK,71683.25,ZAR,SWIFT,69.83,Medium,False,Yes
TX-107520,2025-02-12 10:58:43.099419,Australia,Germany,96063.17,AUD,SEPA,85.55,High,True,Yes
TX-107521,2024-11-22 15:38:44.099419,South Africa,Russia,16587.23,ZAR,RTGS,95.92,High,True,Yes
TX-107522,2024-06-19 18:24:14.099419,South Africa,Spain,99738.51,ZAR,SEPA,47.42,Medium,False,Yes
TX-107523,2024-09-16 18:23:38.099419,Italy,Canada,39276.45,EUR,Wire,97.11,High,True,Yes
TX-107524,2024-12-29 09:17:53.099419,Spain,Netherlands,72347.69,EUR,RTGS,41.16,Medium,False,Yes
TX-107525,2024-09-18 22:59:11.099419,China,Germany,57284.2,CNY,SWIFT,21.81,Low,False,Yes
TX-107526,2024-05-25 05:04:44.099419,South Africa,USA,48718.19,ZAR,RTGS,51.39,Medium,False,Yes
TX-107527,2024-12-03 11:16:41.099419,Brazil,Spain,69837.73,BRL,SEPA,64.98,Medium,False,Yes
TX-107528,2025-02-26 23:30:55.099419,Netherlands,UK,39635.81,EUR,RTGS,45.8,Medium,False,Yes
TX-107529,2024-12-13 05:50:02.099419,South Africa,Germany,12698.39,ZAR,RTGS,56.7,Medium,False,Yes
TX-107530,2024-11-21 14:24:15.099419,Russia,Canada,48940.45,RUB,RTGS,41.64,Medium,False,Yes
TX-107531,2024-12-05 02:29:26.099419,Brazil,Brazil,52239.4,BRL,RTGS,52.48,Medium,False,Yes
TX-107532,2025-02-08 04:33:25.099419,China,Brazil,20270.03,CNY,Wire,95.26,High,True,Yes
TX-107533,2024-12-12 22:19:37.099419,Canada,UK,93568.37,CAD,SEPA,49.98,Medium,False,Yes
TX-107534,2025-01-05 16:53:53.099419,Italy,France,22824.82,EUR,RTGS,25.32,Low,False,Yes
TX-107535,2024-10-14 00:05:51.099419,UK,France,40981.84,GBP,SEPA,75.87,High,True,Yes
TX-107536,2024-06-17 08:04:07.099419,France,Australia,15577.48,EUR,RTGS,33.76,Low,False,Yes
TX-107537,2024-07-21 18:05:25.099419,Australia,Germany,53626.08,AUD,Wire,81.62,High,True,Yes
TX-107538,2024-08-23 12:28:33.099419,South Africa,Canada,30833.0,ZAR,ACH,5.68,Low,False,Yes
TX-107539,2025-02-15 04:44:01.099419,Germany,Spain,48978.32,EUR,Wire,33.22,Low,False,Yes
TX-107540,2024-06-12 14:32:04.099419,Netherlands,Brazil,22539.23,EUR,ACH,9.44,Low,False,Yes
TX-107541,2024-08-10 15:07:43.099419,Russia,Japan,5472.14,RUB,RTGS,8.53,Low,False,Yes
TX-107542,2024-07-02 05:02:24.099419,Canada,India,77944.74,CAD,SEPA,65.84,Medium,False,Yes
TX-107543,2025-03-01 11:43:20.099419,France,France,64144.52,EUR,SWIFT,38.53,Low,False,Yes
TX-107544,2025-02-15 00:47:44.099419,China,Australia,34139.86,CNY,ACH,87.15,High,True,Yes
TX-107545,2024-08-12 22:22:21.099419,Netherlands,Brazil,4844.67,EUR,SEPA,51.64,Medium,False,Yes
TX-107546,2024-11-25 22:09:30.099419,Japan,South Africa,86570.95,JPY,Wire,29.53,Low,False,Yes
TX-107547,2024-04-14 17:19:34.099419,Italy,Australia,17062.52,EUR,RTGS,72.09,High,True,Yes
TX-107548,2024-12-08 07:33:41.099419,France,Italy,93081.15,EUR,SEPA,62.4,Medium,False,Yes
TX-107549,2024-08-15 08:02:05.099419,Germany,Japan,47911.68,EUR,SEPA,79.96,High,True,Yes
TX-107550,2024-07-27 06:39:22.099419,USA,Italy,34104.63,USD,Wire,64.36,Medium,False,Yes
TX-107551,2024-07-07 23:13:38.099419,Brazil,Netherlands,74201.77,BRL,RTGS,16.7,Low,False,Yes
TX-107552,2025-02-20 22:02:03.099419,Brazil,Germany,87696.26,BRL,SWIFT,67.03,Medium,False,Yes
TX-107553,2024-07-25 15:36:10.099419,South Africa,France,37134.29,ZAR,SWIFT,39.15,Low,False,Yes
TX-107554,2024-09-25 17:37:57.099419,USA,UK,40793.64,USD,Wire,46.31,Medium,False,Yes
TX-107555,2024-05-13 02:35:51.099419,China,Germany,43372.51,CNY,Wire,92.16,High,True,Yes
TX-107556,2024-09-30 17:55:57.099419,Japan,India,92240.07,JPY,SWIFT,36.0,Low,False,Yes
TX-107557,2024-08-10 17:56:34.099419,Canada,Russia,69287.14,CAD,SEPA,61.2,Medium,False,Yes
TX-107558,2024-05-18 16:12:23.099419,Japan,Netherlands,24839.85,JPY,ACH,36.35,Low,False,Yes
TX-107559,2025-01-06 11:52:25.099419,USA,Brazil,18581.47,USD,SEPA,9.47,Low,False,Yes
TX-107560,2024-07-04 07:52:50.099419,Italy,France,23113.73,EUR,RTGS,45.35,Medium,False,Yes
TX-107561,2024-03-28 21:25:16.099419,India,Italy,26430.03,INR,RTGS,59.71,Medium,False,Yes
TX-107562,2025-02-13 09:12:28.099419,Germany,Canada,23095.33,EUR,RTGS,40.75,Medium,False,Yes
TX-107563,2024-12-28 14:05:26.099419,Brazil,China,65884.79,BRL,SWIFT,39.07,Low,False,Yes
TX-107564,2024-09-05 09:14:34.099419,South Africa,South Africa,11681.76,ZAR,SEPA,82.04,High,True,Yes
TX-107565,2024-11-08 11:39:45.099419,Spain,South Africa,38797.11,EUR,Wire,2.97,Low,False,Yes
TX-107566,2024-08-30 02:42:46.099419,Italy,China,62542.85,EUR,ACH,29.56,Low,False,Yes
TX-107567,2025-01-30 15:41:03.099419,Spain,France,29156.91,EUR,Wire,81.18,High,True,Yes
TX-107568,2024-08-26 10:15:43.099419,Canada,UK,6620.91,CAD,RTGS,92.05,High,True,Yes
TX-107569,2025-03-15 17:39:23.099419,UK,South Africa,8274.21,GBP,Wire,41.23,Medium,False,Yes
TX-107570,2025-02-01 01:57:48.099419,Italy,Germany,12684.08,EUR,RTGS,88.88,High,True,Yes
TX-107571,2025-02-15 15:24:54.099419,India,Brazil,83600.72,INR,ACH,19.89,Low,False,Yes
TX-107572,2024-12-06 02:48:39.099419,China,Australia,65820.56,CNY,SWIFT,22.14,Low,False,Yes
TX-107573,2024-04-04 14:56:03.099419,France,Italy,6545.79,EUR,Wire,84.62,High,True,Yes
TX-107574,2025-03-04 14:57:11.099419,France,Netherlands,39167.78,EUR,SEPA,90.33,High,True,Yes
TX-107575,2024-12-03 06:19:36.099419,Russia,Australia,27930.66,RUB,ACH,22.28,Low,False,Yes
TX-107576,2025-02-09 18:25:40.099419,Japan,Italy,57846.21,JPY,ACH,5.93,Low,False,Yes
TX-107577,2024-08-28 05:06:05.099419,Italy,China,52328.31,EUR,RTGS,9.03,Low,False,Yes
TX-107578,2024-03-21 20:58:45.099419,China,Brazil,48164.29,CNY,ACH,26.14,Low,False,Yes
TX-107579,2024-05-27 11:48:07.099419,Spain,France,31519.79,EUR,Wire,76.14,High,True,Yes
TX-107580,2025-02-28 07:02:36.099419,China,Russia,13866.2,CNY,SEPA,51.0,Medium,False,Yes
TX-107581,2024-07-20 11:46:19.099419,France,Spain,74263.4,EUR,SEPA,45.56,Medium,False,Yes
TX-107582,2024-04-01 15:34:48.099419,India,China,87997.69,INR,SEPA,58.41,Medium,False,Yes
TX-107583,2024-08-17 07:42:19.099419,Italy,Canada,94420.68,EUR,ACH,89.02,High,True,Yes
TX-107584,2024-08-13 05:39:24.099419,South Africa,China,5956.04,ZAR,Wire,9.04,Low,False,Yes
TX-107585,2024-10-22 10:19:39.099419,Germany,Italy,74016.88,EUR,SWIFT,69.47,Medium,False,Yes
TX-107586,2024-06-08 13:21:44.099419,Italy,Italy,72677.7,EUR,SEPA,92.68,High,True,Yes
TX-107587,2024-10-21 07:16:05.099419,Japan,Germany,94716.25,JPY,ACH,21.34,Low,False,Yes
TX-107588,2025-01-01 14:03:54.099419,South Africa,China,25366.17,ZAR,SEPA,83.78,High,True,Yes
TX-107589,2025-02-19 01:38:55.099419,Japan,Spain,74243.69,JPY,RTGS,69.8,Medium,False,Yes
TX-107590,2024-10-01 23:03:32.099419,Australia,Spain,5557.17,AUD,SWIFT,1.45,Low,False,Yes
TX-107591,2025-02-13 05:41:21.099419,UK,Netherlands,63161.45,GBP,Wire,23.16,Low,False,Yes
TX-107592,2024-10-09 17:57:48.099419,Spain,India,35149.7,EUR,Wire,60.58,Medium,False,Yes
TX-107593,2024-04-22 15:45:31.099419,Japan,Russia,76914.05,JPY,RTGS,50.24,Medium,False,Yes
TX-107594,2024-11-30 23:26:00.099419,Japan,Canada,86344.1,JPY,RTGS,52.79,Medium,False,Yes
TX-107595,2024-04-05 05:40:18.099419,Australia,Australia,36545.62,AUD,SWIFT,23.19,Low,False,Yes
TX-107596,2024-04-08 22:02:54.099419,France,UK,52606.05,EUR,ACH,67.5,Medium,False,Yes
TX-107597,2024-11-13 09:06:27.099419,France,Netherlands,11828.67,EUR,Wire,26.64,Low,False,Yes
TX-107598,2025-03-12 17:57:06.099419,China,USA,41749.01,CNY,RTGS,38.94,Low,False,Yes
TX-107599,2024-11-25 04:36:04.099419,Spain,Japan,36143.96,EUR,RTGS,36.89,Low,False,Yes
TX-107600,2025-01-12 21:37:57.099419,South Africa,France,18394.03,ZAR,SEPA,67.2,Medium,False,Yes
TX-107601,2024-12-12 19:49:45.099419,Brazil,China,89458.41,BRL,SWIFT,9.03,Low,False,Yes
TX-107602,2024-07-04 22:35:26.099419,Italy,Italy,14893.98,EUR,SEPA,20.55,Low,False,Yes
TX-107603,2024-05-25 13:51:21.099419,Brazil,France,63610.36,BRL,ACH,20.05,Low,False,Yes
TX-107604,2024-05-18 21:11:06.099419,UK,China,89025.25,GBP,SWIFT,10.84,Low,False,Yes
TX-107605,2024-10-09 11:21:26.099419,Russia,Russia,91205.66,RUB,SWIFT,20.76,Low,False,Yes
TX-107606,2024-03-23 13:06:13.099419,Russia,Netherlands,79344.65,RUB,SWIFT,60.71,Medium,False,Yes
TX-107607,2024-03-23 04:24:41.099419,India,India,17696.5,INR,RTGS,73.22,High,True,Yes
TX-107608,2024-10-09 18:47:31.099419,Canada,Japan,81761.4,CAD,SEPA,66.03,Medium,False,Yes
TX-107609,2024-05-23 07:40:33.099419,Brazil,Spain,27728.82,BRL,ACH,47.52,Medium,False,Yes
TX-107610,2025-02-10 10:20:55.099419,Germany,Italy,92247.56,EUR,RTGS,5.24,Low,False,Yes
TX-107611,2025-02-16 08:30:25.099419,Australia,USA,70937.76,AUD,RTGS,95.9,High,True,Yes
TX-107612,2024-12-30 18:01:46.099419,South Africa,Canada,78548.23,ZAR,Wire,16.81,Low,False,Yes
TX-107613,2024-08-04 11:45:22.099419,Brazil,UK,8594.74,BRL,SEPA,66.84,Medium,False,Yes
TX-107614,2024-03-29 21:38:06.099419,UK,South Africa,58318.23,GBP,Wire,91.29,High,True,Yes
TX-107615,2025-01-24 14:47:34.099419,Canada,Spain,82132.1,CAD,ACH,69.78,Medium,False,Yes
TX-107616,2024-07-03 19:01:31.099419,Germany,Italy,86172.88,EUR,ACH,21.8,Low,False,Yes
TX-107617,2025-03-08 04:53:15.099419,Japan,South Africa,2960.31,JPY,ACH,31.58,Low,False,Yes
TX-107618,2024-10-06 17:33:13.099419,Italy,UK,93922.01,EUR,SWIFT,3.02,Low,False,Yes
TX-107619,2024-04-07 05:42:58.099419,South Africa,Spain,4429.54,ZAR,Wire,61.28,Medium,False,Yes
TX-107620,2024-04-07 14:03:16.099419,Spain,Germany,61490.42,EUR,RTGS,61.3,Medium,False,Yes
TX-107621,2024-11-16 18:26:47.099419,South Africa,Canada,69369.41,ZAR,ACH,72.55,High,True,Yes
TX-107622,2024-05-31 22:12:48.099419,Japan,Germany,10823.79,JPY,ACH,1.1,Low,False,Yes
TX-107623,2024-06-03 15:27:56.099419,China,India,4896.39,CNY,ACH,81.78,High,True,Yes
TX-107624,2024-12-31 18:45:50.099419,Brazil,Spain,78512.72,BRL,SEPA,73.87,High,True,Yes
TX-107625,2025-02-10 17:32:25.099419,India,Spain,38528.6,INR,Wire,14.09,Low,False,Yes
TX-107626,2024-09-22 18:05:25.099419,Brazil,UK,10800.54,BRL,ACH,34.76,Low,False,Yes
TX-107627,2024-08-11 19:56:48.099419,USA,South Africa,76290.51,USD,SEPA,63.85,Medium,False,Yes
TX-107628,2024-06-14 19:24:14.099419,UK,Spain,84931.39,GBP,RTGS,49.58,Medium,False,Yes
TX-107629,2025-03-04 06:33:20.099419,Italy,Canada,58779.88,EUR,SWIFT,11.51,Low,False,Yes
TX-107630,2024-06-12 08:45:20.099419,India,USA,16207.56,INR,Wire,8.73,Low,False,Yes
TX-107631,2025-02-06 14:16:29.099419,USA,Spain,1620.72,USD,RTGS,78.15,High,True,Yes
TX-107632,2024-07-08 13:23:16.099419,South Africa,Brazil,70110.17,ZAR,SWIFT,15.6,Low,False,Yes
TX-107633,2024-07-22 18:54:44.099419,Canada,USA,55058.95,CAD,SWIFT,17.21,Low,False,Yes
TX-107634,2024-05-11 08:40:38.099419,Russia,Brazil,65114.63,RUB,ACH,83.09,High,True,Yes
TX-107635,2025-01-16 07:50:32.099419,UK,Spain,81337.15,GBP,SEPA,61.21,Medium,False,Yes
TX-107636,2024-06-30 14:50:58.099419,Australia,Germany,43479.35,AUD,Wire,60.47,Medium,False,Yes
TX-107637,2024-04-08 10:53:57.099419,Netherlands,Australia,12539.1,EUR,RTGS,47.93,Medium,False,Yes
TX-107638,2024-06-29 21:14:30.099419,China,China,94004.33,CNY,Wire,56.9,Medium,False,Yes
TX-107639,2024-12-17 20:21:38.099419,Italy,South Africa,54571.69,EUR,Wire,60.18,Medium,False,Yes
TX-107640,2024-05-03 05:35:20.099419,Canada,Spain,61567.88,CAD,Wire,96.78,High,True,Yes
TX-107641,2024-12-17 03:04:54.099419,Canada,Netherlands,93347.8,CAD,SEPA,22.3,Low,False,Yes
TX-107642,2024-10-10 12:22:03.100441,France,Germany,93165.21,EUR,SWIFT,21.46,Low,False,Yes
TX-107643,2024-11-13 18:58:27.100441,Germany,Japan,57252.25,EUR,ACH,5.72,Low,False,Yes
TX-107644,2024-09-29 11:23:03.100441,Spain,Canada,29831.38,EUR,SEPA,65.82,Medium,False,Yes
TX-107645,2024-08-28 05:05:01.100441,Canada,Italy,99711.65,CAD,ACH,54.9,Medium,False,Yes
TX-107646,2024-12-12 19:29:24.100441,China,France,68113.63,CNY,Wire,11.12,Low,False,Yes
TX-107647,2024-09-04 18:52:25.100441,USA,China,40902.82,USD,SEPA,36.45,Low,False,Yes
TX-107648,2025-03-04 03:28:48.100441,Brazil,Germany,56027.7,BRL,SWIFT,17.87,Low,False,Yes
TX-107649,2024-08-31 16:47:08.100441,Italy,Japan,41641.82,EUR,SWIFT,33.15,Low,False,Yes
TX-107650,2024-06-11 03:36:20.100441,Netherlands,Germany,88841.68,EUR,SWIFT,95.13,High,True,Yes
TX-107651,2025-02-16 22:30:19.100441,Italy,Canada,48301.69,EUR,ACH,68.33,Medium,False,Yes
TX-107652,2024-05-07 05:09:42.100441,China,Japan,82370.48,CNY,SEPA,0.76,Low,False,Yes
TX-107653,2024-12-13 13:49:27.100441,India,France,84033.61,INR,SWIFT,25.25,Low,False,Yes
TX-107654,2025-02-24 10:49:20.100441,Japan,Brazil,82450.8,JPY,RTGS,1.04,Low,False,Yes
TX-107655,2024-11-05 20:06:40.100441,France,China,72246.64,EUR,SWIFT,71.49,High,True,Yes
TX-107656,2024-11-15 16:11:15.100441,Brazil,Netherlands,85502.28,BRL,RTGS,46.94,Medium,False,Yes
TX-107657,2025-03-03 05:52:28.100441,China,South Africa,38784.24,CNY,RTGS,99.4,High,True,Yes
TX-107658,2024-08-08 02:14:59.100441,USA,Russia,11554.85,USD,ACH,73.36,High,True,Yes
TX-107659,2024-10-04 12:29:45.100441,South Africa,India,84261.18,ZAR,ACH,51.79,Medium,False,Yes
TX-107660,2024-11-18 01:43:10.100441,Russia,Canada,49867.02,RUB,Wire,80.47,High,True,Yes
TX-107661,2024-08-16 13:46:22.100441,UK,China,12824.87,GBP,Wire,70.48,High,True,Yes
TX-107662,2024-10-14 01:54:12.100441,India,Netherlands,11619.72,INR,Wire,24.38,Low,False,Yes
TX-107663,2024-05-14 05:26:20.100441,Australia,India,16008.32,AUD,SEPA,53.03,Medium,False,Yes
TX-107664,2024-05-11 09:18:39.100441,Australia,Italy,75122.23,AUD,RTGS,55.6,Medium,False,Yes
TX-107665,2024-07-17 13:56:48.100441,USA,India,71114.58,USD,RTGS,45.12,Medium,False,Yes
TX-107666,2024-07-03 05:24:53.100441,Germany,South Africa,20461.49,EUR,SWIFT,17.92,Low,False,Yes
TX-107667,2025-01-15 03:10:34.100441,Russia,Italy,84707.65,RUB,SWIFT,22.34,Low,False,Yes
TX-107668,2024-10-01 07:08:05.100441,India,Spain,28201.35,INR,ACH,28.1,Low,False,Yes
TX-107669,2024-10-31 01:38:35.100441,Netherlands,Russia,79319.26,EUR,SEPA,1.03,Low,False,Yes
TX-107670,2024-10-06 01:13:15.100441,South Africa,Spain,48931.71,ZAR,SWIFT,91.69,High,True,Yes
TX-107671,2024-09-11 02:11:33.100441,Japan,Germany,73181.71,JPY,Wire,68.61,Medium,False,Yes
TX-107672,2024-12-15 23:49:14.100441,France,Germany,38200.63,EUR,SWIFT,68.96,Medium,False,Yes
TX-107673,2024-12-03 06:37:56.100441,Germany,USA,34779.35,EUR,SEPA,57.23,Medium,False,Yes
TX-107674,2024-03-18 05:32:04.100441,USA,South Africa,84151.82,USD,Wire,68.93,Medium,False,Yes
TX-107675,2024-05-24 23:44:05.100441,South Africa,Australia,3626.7,ZAR,SEPA,98.19,High,True,Yes
TX-107676,2024-09-30 18:09:34.100441,China,Australia,97476.22,CNY,RTGS,38.52,Low,False,Yes
TX-107677,2025-03-01 11:13:06.100441,Japan,USA,64853.14,JPY,ACH,71.25,High,True,Yes
TX-107678,2024-04-01 23:48:44.100441,Japan,France,43305.09,JPY,Wire,35.95,Low,False,Yes
TX-107679,2024-12-18 05:47:36.100441,Brazil,Italy,62842.65,BRL,SEPA,85.43,High,True,Yes
TX-107680,2024-08-26 10:09:01.100441,Germany,Canada,12361.82,EUR,Wire,85.8,High,True,Yes
TX-107681,2025-03-17 11:42:15.100441,China,Canada,51453.84,CNY,Wire,90.23,High,True,Yes
TX-107682,2024-12-14 18:05:10.100441,UK,Australia,98511.04,GBP,ACH,0.55,Low,False,Yes
TX-107683,2024-08-12 22:50:54.100441,India,UK,23603.42,INR,RTGS,29.82,Low,False,Yes
TX-107684,2024-10-25 17:15:21.100441,USA,China,72255.58,USD,Wire,13.39,Low,False,Yes
TX-107685,2024-12-14 19:30:43.100441,Spain,Spain,43553.64,EUR,Wire,45.4,Medium,False,Yes
TX-107686,2025-01-16 21:50:24.100441,Germany,China,65280.57,EUR,Wire,49.54,Medium,False,Yes
TX-107687,2024-06-15 06:04:45.100441,India,Italy,20568.23,INR,RTGS,25.59,Low,False,Yes
TX-107688,2024-12-04 08:18:10.100441,USA,Germany,47099.45,USD,ACH,72.34,High,True,Yes
TX-107689,2024-10-02 17:46:05.100441,UK,China,98011.26,GBP,Wire,26.98,Low,False,Yes
TX-107690,2024-11-26 14:55:28.100441,Canada,USA,19609.19,CAD,RTGS,85.39,High,True,Yes
TX-107691,2024-09-06 13:33:00.100441,France,France,63680.86,EUR,SWIFT,17.77,Low,False,Yes
TX-107692,2024-12-27 15:15:33.100441,South Africa,USA,57602.22,ZAR,SEPA,36.72,Low,False,Yes
TX-107693,2024-12-08 03:52:33.100441,Italy,India,56548.65,EUR,Wire,62.22,Medium,False,Yes
TX-107694,2024-09-09 17:01:27.100441,Spain,South Africa,61550.82,EUR,Wire,60.53,Medium,False,Yes
TX-107695,2024-11-03 06:59:15.100441,India,Russia,50273.57,INR,ACH,7.8,Low,False,Yes
TX-107696,2025-01-12 02:46:01.100441,Italy,China,1791.38,EUR,SWIFT,84.63,High,True,Yes
TX-107697,2025-01-17 22:49:47.100441,Italy,USA,90019.67,EUR,SEPA,59.81,Medium,False,Yes
TX-107698,2024-12-08 22:38:52.100441,China,Netherlands,82715.18,CNY,Wire,86.99,High,True,Yes
TX-107699,2024-06-06 16:41:16.100441,Germany,Australia,17499.35,EUR,Wire,86.76,High,True,Yes
TX-107700,2024-05-23 09:26:03.100441,Japan,France,41385.99,JPY,ACH,54.59,Medium,False,Yes
TX-107701,2024-07-31 15:54:14.100441,USA,UK,77077.84,USD,SWIFT,91.08,High,True,Yes
TX-107702,2024-10-14 02:16:33.100441,Brazil,Russia,98008.23,BRL,SEPA,84.84,High,True,Yes
TX-107703,2024-10-08 14:35:15.100441,Brazil,Italy,95118.59,BRL,Wire,95.81,High,True,Yes
TX-107704,2024-04-24 00:35:29.100441,Canada,USA,89945.98,CAD,RTGS,85.05,High,True,Yes
TX-107705,2024-07-12 01:49:47.100441,Netherlands,Netherlands,15921.55,EUR,SWIFT,82.12,High,True,Yes
TX-107706,2024-09-22 20:53:40.100441,Canada,Japan,91456.06,CAD,SWIFT,46.94,Medium,False,Yes
TX-107707,2024-08-29 18:07:19.100441,Japan,Netherlands,87856.65,JPY,Wire,21.2,Low,False,Yes
TX-107708,2024-10-05 19:10:13.100441,France,Japan,37757.3,EUR,Wire,91.07,High,True,Yes
TX-107709,2024-11-04 21:31:07.100441,Brazil,USA,39512.81,BRL,SEPA,72.25,High,True,Yes
TX-107710,2024-10-12 01:38:38.100441,Russia,Spain,46044.9,RUB,Wire,28.17,Low,False,Yes
TX-107711,2025-01-06 13:02:37.100441,Japan,India,65651.95,JPY,SEPA,34.1,Low,False,Yes
TX-107712,2024-08-22 12:04:11.100441,Netherlands,USA,26157.48,EUR,RTGS,68.61,Medium,False,Yes
TX-107713,2024-03-17 21:08:22.100441,China,Canada,2392.55,CNY,ACH,47.78,Medium,False,Yes
TX-107714,2024-11-21 02:43:55.100441,Spain,Australia,14208.83,EUR,Wire,8.15,Low,False,Yes
TX-107715,2024-04-16 03:52:57.100441,Spain,Canada,44067.58,EUR,Wire,14.14,Low,False,Yes
TX-107716,2024-03-25 03:40:07.100441,Russia,Russia,28272.06,RUB,SEPA,74.56,High,True,Yes
TX-107717,2024-12-17 02:08:18.100441,France,South Africa,76475.2,EUR,ACH,32.86,Low,False,Yes
TX-107718,2025-01-26 02:15:57.100441,Germany,Italy,10758.34,EUR,Wire,50.76,Medium,False,Yes
TX-107719,2025-02-15 11:58:02.100441,China,Brazil,91754.78,CNY,RTGS,76.66,High,True,Yes
TX-107720,2025-01-22 05:08:34.100441,Germany,France,89543.19,EUR,RTGS,75.12,High,True,Yes
TX-107721,2024-08-18 20:09:00.100441,Australia,France,90884.81,AUD,ACH,16.7,Low,False,Yes
TX-107722,2024-04-16 06:16:19.100441,Netherlands,Spain,73987.04,EUR,RTGS,9.84,Low,False,Yes
TX-107723,2024-07-17 11:47:57.100441,Italy,South Africa,10789.3,EUR,ACH,59.12,Medium,False,Yes
TX-107724,2024-11-19 06:37:17.100441,China,Spain,43869.94,CNY,ACH,74.16,High,True,Yes
TX-107725,2024-04-30 23:15:41.100441,USA,Italy,13227.4,USD,SWIFT,14.9,Low,False,Yes
TX-107726,2025-01-02 08:48:02.100441,France,Canada,98771.15,EUR,SWIFT,37.2,Low,False,Yes
TX-107727,2024-03-24 04:54:48.100441,UK,Japan,33370.54,GBP,RTGS,87.03,High,True,Yes
TX-107728,2024-07-05 03:56:09.100441,Italy,South Africa,58574.52,EUR,RTGS,94.42,High,True,Yes
TX-107729,2025-01-12 17:49:46.100441,Japan,Spain,77961.37,JPY,SEPA,45.41,Medium,False,Yes
TX-107730,2024-06-20 20:30:27.100441,Canada,Australia,92069.55,CAD,SEPA,7.95,Low,False,Yes
TX-107731,2025-03-11 16:58:46.100441,Japan,China,75579.22,JPY,RTGS,25.77,Low,False,Yes
TX-107732,2024-08-18 01:18:24.100441,Canada,USA,67482.93,CAD,RTGS,23.3,Low,False,Yes
TX-107733,2025-02-17 21:27:52.100441,Japan,Italy,46651.58,JPY,RTGS,23.9,Low,False,Yes
TX-107734,2024-10-10 00:21:15.100441,France,France,60579.47,EUR,SWIFT,49.39,Medium,False,Yes
TX-107735,2024-05-21 16:17:31.100441,Spain,Brazil,9506.96,EUR,SEPA,58.32,Medium,False,Yes
TX-107736,2025-01-10 00:11:41.100441,Canada,Australia,88403.86,CAD,ACH,12.25,Low,False,Yes
TX-107737,2024-10-08 15:00:53.100441,South Africa,Australia,54423.35,ZAR,SWIFT,88.94,High,True,Yes
TX-107738,2024-07-31 16:34:31.100441,Japan,Russia,4109.49,JPY,RTGS,62.0,Medium,False,Yes
TX-107739,2024-07-30 00:16:15.100441,France,India,91998.22,EUR,ACH,59.73,Medium,False,Yes
TX-107740,2024-05-09 18:20:23.100441,Netherlands,Netherlands,48981.27,EUR,ACH,98.73,High,True,Yes
TX-107741,2024-03-18 23:15:00.100441,Japan,Canada,86872.06,JPY,SEPA,62.81,Medium,False,Yes
TX-107742,2024-04-18 11:20:42.100441,Russia,Russia,85703.11,RUB,Wire,92.9,High,True,Yes
TX-107743,2025-03-11 21:47:18.100441,South Africa,Spain,81593.58,ZAR,SEPA,28.63,Low,False,Yes
TX-107744,2024-08-06 09:17:46.100441,China,China,6234.16,CNY,Wire,24.01,Low,False,Yes
TX-107745,2024-06-13 20:52:32.100441,France,Canada,24781.96,EUR,RTGS,51.65,Medium,False,Yes
TX-107746,2024-05-05 07:35:10.100441,Brazil,USA,87567.23,BRL,RTGS,50.86,Medium,False,Yes
TX-107747,2024-09-24 10:30:44.100441,Australia,Germany,89909.21,AUD,SWIFT,22.65,Low,False,Yes
TX-107748,2024-08-12 22:59:18.100441,Italy,USA,45861.08,EUR,SEPA,69.97,Medium,False,Yes
TX-107749,2024-03-25 10:12:27.100441,China,Russia,44060.14,CNY,SWIFT,2.96,Low,False,Yes
TX-107750,2024-04-02 05:43:44.100441,Australia,USA,17596.55,AUD,ACH,69.06,Medium,False,Yes
TX-107751,2024-12-25 05:09:34.100441,South Africa,UK,96844.24,ZAR,RTGS,45.72,Medium,False,Yes
TX-107752,2025-03-12 23:37:28.100441,Germany,Canada,21392.53,EUR,Wire,68.9,Medium,False,Yes
TX-107753,2024-04-20 20:51:01.100441,South Africa,Spain,19174.58,ZAR,SWIFT,47.71,Medium,False,Yes
TX-107754,2024-05-09 00:49:05.100441,Spain,Russia,66106.82,EUR,Wire,97.73,High,True,Yes
TX-107755,2024-06-05 19:58:32.100441,South Africa,Brazil,24360.15,ZAR,Wire,33.47,Low,False,Yes
TX-107756,2024-11-14 12:15:01.100441,Australia,Brazil,93883.28,AUD,ACH,98.26,High,True,Yes
TX-107757,2025-01-27 22:49:47.100441,India,Italy,1189.61,INR,ACH,6.5,Low,False,Yes
TX-107758,2025-03-13 09:07:20.101431,Australia,Germany,674.75,AUD,Wire,68.38,Medium,False,Yes
TX-107759,2024-11-14 18:03:13.101431,Netherlands,UK,50537.19,EUR,SWIFT,45.42,Medium,False,Yes
TX-107760,2024-12-01 01:51:51.101431,China,Canada,48857.44,CNY,ACH,82.21,High,True,Yes
TX-107761,2024-06-03 14:08:52.101431,Russia,Germany,16420.07,RUB,RTGS,78.96,High,True,Yes
TX-107762,2025-01-13 07:35:40.101431,USA,Brazil,49502.5,USD,RTGS,80.02,High,True,Yes
TX-107763,2025-01-02 02:36:06.101431,Australia,Netherlands,41224.94,AUD,SEPA,9.47,Low,False,Yes
TX-107764,2025-01-28 08:12:55.101431,Canada,South Africa,89043.92,CAD,SWIFT,82.24,High,True,Yes
TX-107765,2024-08-09 08:12:48.101431,France,Spain,1024.47,EUR,SWIFT,21.4,Low,False,Yes
TX-107766,2024-07-31 13:55:20.101431,Canada,Russia,97629.35,CAD,Wire,2.57,Low,False,Yes
TX-107767,2025-01-26 04:16:56.101431,Italy,Netherlands,62476.84,EUR,SEPA,21.77,Low,False,Yes
TX-107768,2025-03-03 14:50:41.101431,India,Japan,15269.16,INR,ACH,47.93,Medium,False,Yes
TX-107769,2024-12-14 09:15:12.101431,South Africa,USA,4771.33,ZAR,SWIFT,74.21,High,True,Yes
TX-107770,2024-12-08 03:13:54.101431,Germany,Netherlands,53856.76,EUR,ACH,21.86,Low,False,Yes
TX-107771,2024-04-01 20:53:06.101431,India,Brazil,23565.53,INR,SEPA,11.3,Low,False,Yes
TX-107772,2024-05-30 15:49:14.101431,Brazil,Russia,30186.44,BRL,ACH,64.6,Medium,False,Yes
TX-107773,2024-09-11 21:03:35.101431,Germany,USA,24588.7,EUR,RTGS,98.39,High,True,Yes
TX-107774,2024-12-25 15:25:29.101431,South Africa,France,65052.21,ZAR,SWIFT,60.09,Medium,False,Yes
TX-107775,2024-12-09 17:11:32.101431,Spain,Netherlands,55397.54,EUR,ACH,69.11,Medium,False,Yes
TX-107776,2024-03-25 20:40:59.101431,Italy,South Africa,7889.64,EUR,SWIFT,56.12,Medium,False,Yes
TX-107777,2025-01-20 17:39:23.101431,Spain,USA,52700.0,EUR,SEPA,78.23,High,True,Yes
TX-107778,2024-09-26 03:39:03.101431,Japan,Canada,79139.86,JPY,RTGS,97.58,High,True,Yes
TX-107779,2024-12-02 00:12:22.101431,Japan,USA,8211.34,JPY,Wire,54.41,Medium,False,Yes
TX-107780,2024-06-03 19:39:05.101431,USA,France,88984.92,USD,SEPA,41.68,Medium,False,Yes
TX-107781,2024-06-16 04:24:14.101431,Brazil,Canada,57872.83,BRL,ACH,86.03,High,True,Yes
TX-107782,2024-10-17 23:44:53.101431,Russia,France,95067.38,RUB,RTGS,96.97,High,True,Yes
TX-107783,2024-06-28 14:41:25.101431,France,Spain,14899.31,EUR,SEPA,12.92,Low,False,Yes
TX-107784,2025-01-25 06:09:46.101431,Germany,Brazil,99357.14,EUR,Wire,57.82,Medium,False,Yes
TX-107785,2024-11-07 00:30:52.101431,France,China,64462.86,EUR,SEPA,79.25,High,True,Yes
TX-107786,2025-02-15 10:25:13.101431,Canada,South Africa,56792.67,CAD,SEPA,53.33,Medium,False,Yes
TX-107787,2024-04-24 02:24:52.101431,Italy,South Africa,51576.43,EUR,SWIFT,40.92,Medium,False,Yes
TX-107788,2024-07-11 21:44:32.101431,India,Italy,2463.07,INR,RTGS,65.52,Medium,False,Yes
TX-107789,2024-07-31 03:17:44.101431,Brazil,France,93969.96,BRL,RTGS,27.01,Low,False,Yes
TX-107790,2025-01-05 03:40:32.101431,Russia,Brazil,64435.05,RUB,SWIFT,34.91,Low,False,Yes
TX-107791,2025-01-09 09:03:07.101431,Spain,UK,9253.49,EUR,ACH,99.23,High,True,Yes
TX-107792,2024-08-17 21:05:06.101431,Canada,Netherlands,2193.12,CAD,ACH,63.65,Medium,False,Yes
TX-107793,2024-08-03 18:44:10.101431,Japan,UK,5173.29,JPY,RTGS,87.29,High,True,Yes
TX-107794,2024-05-05 14:59:00.101431,Netherlands,China,60978.64,EUR,RTGS,80.78,High,True,Yes
TX-107795,2024-05-02 04:10:49.101431,UK,Australia,61440.14,GBP,SWIFT,65.23,Medium,False,Yes
TX-107796,2024-12-26 19:57:38.101431,Australia,Canada,50016.76,AUD,RTGS,84.07,High,True,Yes
TX-107797,2024-07-11 02:52:02.101431,Spain,UK,30745.91,EUR,ACH,28.72,Low,False,Yes
TX-107798,2024-09-27 11:02:00.101431,Spain,Spain,53221.1,EUR,SWIFT,63.71,Medium,False,Yes
TX-107799,2024-12-14 18:42:56.101431,Germany,Russia,51678.55,EUR,ACH,59.06,Medium,False,Yes
TX-107800,2024-12-15 15:55:37.101431,Netherlands,UK,2039.61,EUR,SWIFT,62.24,Medium,False,Yes
TX-107801,2024-05-14 01:35:23.101431,China,South Africa,28318.68,CNY,SEPA,16.86,Low,False,Yes
TX-107802,2024-03-17 17:06:44.101431,France,China,5413.22,EUR,ACH,27.72,Low,False,Yes
TX-107803,2024-08-23 01:47:49.101431,UK,Netherlands,90025.46,GBP,SEPA,28.67,Low,False,Yes
TX-107804,2024-05-22 01:07:05.101431,Brazil,Russia,72549.79,BRL,SWIFT,60.19,Medium,False,Yes
TX-107805,2025-01-19 22:25:52.101431,India,Netherlands,99611.91,INR,RTGS,97.25,High,True,Yes
TX-107806,2024-06-20 14:09:39.101431,Netherlands,Italy,30286.91,EUR,Wire,95.41,High,True,Yes
TX-107807,2024-08-13 20:36:13.101431,Netherlands,India,87860.74,EUR,ACH,22.72,Low,False,Yes
TX-107808,2024-11-16 06:53:49.101431,Germany,Australia,60345.12,EUR,ACH,30.48,Low,False,Yes
TX-107809,2024-07-26 09:03:57.101431,Australia,India,45367.23,AUD,Wire,3.61,Low,False,Yes
TX-107810,2024-08-11 21:33:23.101431,Brazil,Canada,22335.05,BRL,SEPA,39.88,Low,False,Yes
TX-107811,2024-07-04 10:07:10.101431,Germany,Japan,73865.38,EUR,SEPA,83.47,High,True,Yes
TX-107812,2024-07-15 18:07:09.101431,Germany,Japan,90423.66,EUR,ACH,91.58,High,True,Yes
TX-107813,2024-07-15 05:32:30.101431,Brazil,Germany,23607.31,BRL,Wire,23.65,Low,False,Yes
TX-107814,2024-04-04 13:34:36.101431,Germany,China,17621.49,EUR,SEPA,26.58,Low,False,Yes
TX-107815,2024-08-07 07:07:55.101431,Russia,Australia,69652.57,RUB,ACH,22.08,Low,False,Yes
TX-107816,2024-09-19 06:54:35.101431,France,India,97699.62,EUR,SEPA,35.01,Low,False,Yes
TX-107817,2024-11-03 03:47:59.101431,Germany,Australia,75020.51,EUR,RTGS,80.48,High,True,Yes
TX-107818,2025-01-08 02:34:24.101431,Germany,France,28529.62,EUR,ACH,64.69,Medium,False,Yes
TX-107819,2025-02-03 20:05:32.101431,Germany,Spain,42053.55,EUR,ACH,78.59,High,True,Yes
TX-107820,2024-04-10 03:43:48.101431,Russia,South Africa,38493.33,RUB,Wire,58.3,Medium,False,Yes
TX-107821,2024-09-25 23:11:15.101431,Germany,Brazil,85224.29,EUR,ACH,25.77,Low,False,Yes
TX-107822,2024-12-21 21:59:29.101431,Russia,Australia,77159.94,RUB,SEPA,22.8,Low,False,Yes
TX-107823,2024-12-05 08:21:03.101431,China,Germany,58938.65,CNY,SWIFT,0.9,Low,False,Yes
TX-107824,2025-03-14 23:40:57.101431,Spain,Canada,27568.42,EUR,SWIFT,78.1,High,True,Yes
TX-107825,2024-12-09 21:15:39.101431,UK,France,93805.05,GBP,RTGS,84.71,High,True,Yes
TX-107826,2024-12-01 09:12:21.101431,South Africa,South Africa,65366.19,ZAR,SWIFT,76.83,High,True,Yes
TX-107827,2024-06-10 09:15:28.101431,Canada,France,97050.62,CAD,Wire,7.44,Low,False,Yes
TX-107828,2024-12-31 04:13:08.101431,Canada,Brazil,58053.69,CAD,RTGS,76.22,High,True,Yes
TX-107829,2024-05-14 21:38:22.101431,Netherlands,Canada,82137.16,EUR,Wire,4.58,Low,False,Yes
TX-107830,2025-03-04 22:25:46.101431,Canada,Spain,81329.23,CAD,RTGS,10.56,Low,False,Yes
TX-107831,2024-11-23 01:31:22.101431,India,Japan,33799.14,INR,ACH,44.05,Medium,False,Yes
TX-107832,2024-10-31 21:55:48.101431,India,Russia,96405.67,INR,ACH,47.61,Medium,False,Yes
TX-107833,2025-01-27 07:34:58.101431,Australia,Russia,2291.95,AUD,Wire,81.61,High,True,Yes
TX-107834,2024-06-08 17:50:07.101431,China,Germany,76894.22,CNY,Wire,67.95,Medium,False,Yes
TX-107835,2024-10-18 11:56:40.101431,USA,India,96559.15,USD,SEPA,15.33,Low,False,Yes
TX-107836,2024-07-08 03:05:11.101431,South Africa,India,33956.93,ZAR,ACH,22.61,Low,False,Yes
TX-107837,2024-11-17 21:34:30.101431,Russia,Brazil,64846.25,RUB,Wire,28.57,Low,False,Yes
TX-107838,2025-02-14 20:01:12.101431,Japan,Russia,56266.1,JPY,RTGS,12.37,Low,False,Yes
TX-107839,2024-04-23 05:13:32.101431,USA,Germany,76174.58,USD,Wire,28.76,Low,False,Yes
TX-107840,2024-04-20 01:18:33.101431,Russia,Brazil,86631.17,RUB,SWIFT,72.86,High,True,Yes
TX-107841,2024-10-11 22:20:46.101431,Australia,Canada,60344.15,AUD,Wire,24.14,Low,False,Yes
TX-107842,2025-03-17 01:35:59.101431,Spain,Canada,81608.87,EUR,Wire,83.54,High,True,Yes
TX-107843,2024-11-19 20:49:45.101431,China,Australia,31297.33,CNY,Wire,46.95,Medium,False,Yes
TX-107844,2024-06-04 13:47:47.101431,Spain,USA,22935.85,EUR,SEPA,32.29,Low,False,Yes
TX-107845,2024-12-27 15:23:41.101431,Australia,Germany,43123.7,AUD,RTGS,41.24,Medium,False,Yes
TX-107846,2024-04-25 08:22:07.101431,Netherlands,USA,67805.89,EUR,SEPA,70.95,High,True,Yes
TX-107847,2024-06-25 22:22:18.101431,Netherlands,India,18805.97,EUR,Wire,51.68,Medium,False,Yes
TX-107848,2024-11-04 08:30:44.101431,Netherlands,Germany,68067.18,EUR,RTGS,0.73,Low,False,Yes
TX-107849,2024-05-23 18:39:34.101431,China,Australia,39469.96,CNY,Wire,92.23,High,True,Yes
TX-107850,2024-04-14 07:08:35.101431,Russia,Russia,79577.97,RUB,SWIFT,6.6,Low,False,Yes
TX-107851,2024-10-26 12:00:13.101431,France,Italy,3779.9,EUR,ACH,93.86,High,True,Yes
TX-107852,2024-12-26 06:27:50.101431,Australia,Germany,66831.47,AUD,ACH,2.82,Low,False,Yes
TX-107853,2024-06-13 20:29:35.101431,UK,Australia,65017.25,GBP,SEPA,77.1,High,True,Yes
TX-107854,2024-08-20 08:17:09.101431,South Africa,Canada,94099.45,ZAR,SEPA,53.47,Medium,False,Yes
TX-107855,2024-04-03 12:16:27.101431,Netherlands,Spain,71365.42,EUR,Wire,50.57,Medium,False,Yes
TX-107856,2025-02-12 17:24:45.101431,Japan,Germany,79650.56,JPY,SWIFT,7.28,Low,False,Yes
TX-107857,2024-03-26 16:30:36.101431,France,Russia,90468.64,EUR,SWIFT,23.87,Low,False,Yes
TX-107858,2024-10-05 17:30:02.101431,Italy,China,67537.69,EUR,Wire,77.75,High,True,Yes
TX-107859,2024-10-22 17:08:05.101431,Germany,South Africa,29086.35,EUR,SEPA,89.13,High,True,Yes
TX-107860,2025-01-27 07:20:48.101431,South Africa,Japan,86990.4,ZAR,RTGS,52.91,Medium,False,Yes
TX-107861,2024-11-19 22:15:47.101431,China,Japan,74783.05,CNY,ACH,35.33,Low,False,Yes
TX-107862,2024-05-27 12:17:06.101431,UK,Russia,42501.32,GBP,SWIFT,5.99,Low,False,Yes
TX-107863,2024-06-27 07:24:35.101431,USA,Spain,71081.86,USD,ACH,68.22,Medium,False,Yes
TX-107864,2024-12-13 12:16:27.101431,Japan,South Africa,86782.12,JPY,ACH,27.84,Low,False,Yes
TX-107865,2025-02-11 01:14:45.101431,South Africa,France,97567.65,ZAR,Wire,5.5,Low,False,Yes
TX-107866,2024-07-26 17:48:56.101431,Italy,Brazil,95239.92,EUR,SWIFT,66.59,Medium,False,Yes
TX-107867,2025-01-19 10:57:05.101431,Australia,Australia,32600.25,AUD,Wire,48.57,Medium,False,Yes
TX-107868,2024-10-24 18:22:11.101431,Japan,India,42227.2,JPY,Wire,1.2,Low,False,Yes
TX-107869,2025-02-20 09:15:12.101431,USA,UK,11042.71,USD,SWIFT,11.09,Low,False,Yes
TX-107870,2025-01-19 22:37:49.101431,Japan,Russia,24829.67,JPY,SWIFT,69.92,Medium,False,Yes
TX-107871,2024-09-18 09:15:39.101431,Spain,Japan,88253.88,EUR,SEPA,6.37,Low,False,Yes
TX-107872,2024-07-06 20:38:08.101431,Italy,Canada,36148.91,EUR,ACH,86.6,High,True,Yes
TX-107873,2024-11-04 16:25:22.101431,Russia,Netherlands,62093.21,RUB,RTGS,31.13,Low,False,Yes
TX-107874,2024-04-16 03:11:03.101431,India,UK,66629.97,INR,ACH,8.87,Low,False,Yes
TX-107875,2024-06-03 12:19:08.101431,South Africa,Germany,78204.74,ZAR,Wire,75.98,High,True,Yes
TX-107876,2025-01-30 18:28:11.101431,UK,Netherlands,18361.72,GBP,Wire,52.44,Medium,False,Yes
TX-107877,2025-03-15 13:33:41.102431,Australia,Spain,30550.83,AUD,SWIFT,30.66,Low,False,Yes
TX-107878,2024-04-22 05:29:57.102431,Canada,Italy,44888.8,CAD,SEPA,40.61,Medium,False,Yes
TX-107879,2024-10-17 02:03:12.102431,Brazil,Australia,36547.62,BRL,Wire,2.14,Low,False,Yes
TX-107880,2024-09-07 00:04:48.102431,Japan,Russia,98292.23,JPY,Wire,66.27,Medium,False,Yes
TX-107881,2024-11-23 13:21:17.102431,Australia,China,83510.59,AUD,ACH,36.58,Low,False,Yes
TX-107882,2024-12-20 17:45:12.102431,Spain,Japan,48020.71,EUR,Wire,71.4,High,True,Yes
TX-107883,2024-09-26 16:49:33.102431,Brazil,Germany,87938.94,BRL,ACH,62.82,Medium,False,Yes
TX-107884,2024-11-15 23:28:20.102431,USA,South Africa,34830.53,USD,SWIFT,65.13,Medium,False,Yes
TX-107885,2025-02-03 01:08:29.102431,USA,Italy,78604.25,USD,SWIFT,79.29,High,True,Yes
TX-107886,2024-05-27 00:46:02.102431,India,Germany,22445.19,INR,ACH,63.12,Medium,False,Yes
TX-107887,2024-12-26 20:16:29.102431,Germany,Canada,77254.97,EUR,RTGS,41.87,Medium,False,Yes
TX-107888,2024-07-07 16:36:48.102431,Italy,France,45699.69,EUR,ACH,38.99,Low,False,Yes
TX-107889,2024-10-31 05:49:49.102431,China,Italy,10839.18,CNY,SEPA,11.96,Low,False,Yes
TX-107890,2025-01-11 21:35:50.102431,Canada,UK,27398.92,CAD,RTGS,77.94,High,True,Yes
TX-107891,2024-04-17 12:45:12.102431,Spain,India,40287.23,EUR,ACH,76.11,High,True,Yes
TX-107892,2024-09-26 07:53:28.102431,Spain,France,74954.36,EUR,Wire,24.63,Low,False,Yes
TX-107893,2024-11-03 17:01:05.102431,China,Russia,7390.97,CNY,SEPA,86.27,High,True,Yes
TX-107894,2024-09-17 01:34:22.102431,Russia,China,65988.74,RUB,ACH,58.9,Medium,False,Yes
TX-107895,2024-03-31 23:08:06.102431,France,India,71629.76,EUR,Wire,47.87,Medium,False,Yes
TX-107896,2025-01-16 00:13:36.102431,UK,Canada,65426.74,GBP,SEPA,1.75,Low,False,Yes
TX-107897,2024-04-06 10:41:48.102431,Japan,UK,76090.9,JPY,Wire,38.27,Low,False,Yes
TX-107898,2024-03-25 12:47:15.102431,France,Australia,17899.04,EUR,SEPA,64.07,Medium,False,Yes
TX-107899,2024-04-20 00:17:39.102431,Germany,Netherlands,58751.63,EUR,SWIFT,8.97,Low,False,Yes
TX-107900,2024-10-26 17:39:37.102431,France,Canada,94120.38,EUR,SWIFT,45.96,Medium,False,Yes
TX-107901,2024-11-17 20:48:42.102431,Australia,Brazil,61117.35,AUD,SEPA,99.34,High,True,Yes
TX-107902,2024-07-02 20:08:45.102431,China,Canada,61172.5,CNY,RTGS,71.65,High,True,Yes
TX-107903,2024-04-10 12:35:10.102431,Spain,Germany,73670.32,EUR,RTGS,54.69,Medium,False,Yes
TX-107904,2024-05-10 18:23:59.102431,Spain,USA,33387.1,EUR,Wire,53.3,Medium,False,Yes
TX-107905,2025-01-03 02:39:41.102431,UK,Netherlands,70077.54,GBP,ACH,4.38,Low,False,Yes
TX-107906,2024-09-19 08:23:49.102431,Australia,Australia,91631.76,AUD,RTGS,95.73,High,True,Yes
TX-107907,2024-03-28 16:47:35.102431,Italy,UK,1188.46,EUR,ACH,92.82,High,True,Yes
TX-107908,2024-10-10 19:12:43.102431,Germany,France,87024.29,EUR,Wire,68.24,Medium,False,Yes
TX-107909,2025-02-18 17:14:18.102431,Italy,USA,21939.97,EUR,SWIFT,9.9,Low,False,Yes
TX-107910,2024-12-04 12:36:16.102431,Brazil,Australia,45646.74,BRL,Wire,20.78,Low,False,Yes
TX-107911,2024-06-28 13:42:53.102431,South Africa,India,85249.55,ZAR,Wire,18.39,Low,False,Yes
TX-107912,2024-03-26 08:41:55.102431,Spain,Japan,82408.82,EUR,Wire,51.96,Medium,False,Yes
TX-107913,2024-11-16 07:17:42.102431,Spain,Australia,89203.56,EUR,SEPA,20.78,Low,False,Yes
TX-107914,2024-05-11 14:20:31.102431,Russia,Spain,94047.64,RUB,ACH,69.58,Medium,False,Yes
TX-107915,2024-03-31 16:54:35.102431,Italy,France,44770.98,EUR,RTGS,54.52,Medium,False,Yes
TX-107916,2024-09-11 03:19:01.102431,France,Canada,65670.74,EUR,SWIFT,1.77,Low,False,Yes
TX-107917,2024-07-11 21:28:14.102431,Australia,Netherlands,39108.8,AUD,ACH,74.41,High,True,Yes
TX-107918,2025-03-04 10:42:29.102431,UK,Japan,35136.6,GBP,Wire,18.88,Low,False,Yes
TX-107919,2024-08-12 23:03:59.102431,China,Canada,43216.38,CNY,SWIFT,82.49,High,True,Yes
TX-107920,2024-06-29 20:46:49.102431,UK,Spain,74333.31,GBP,RTGS,35.5,Low,False,Yes
TX-107921,2024-10-24 12:45:20.102431,China,Italy,50193.93,CNY,Wire,33.86,Low,False,Yes
TX-107922,2025-03-03 13:11:56.102431,India,Germany,81424.56,INR,Wire,1.18,Low,False,Yes
TX-107923,2024-03-23 09:45:14.102431,Germany,UK,74547.33,EUR,ACH,98.77,High,True,Yes
TX-107924,2025-01-09 23:23:47.102431,Russia,Italy,2145.8,RUB,ACH,61.2,Medium,False,Yes
TX-107925,2024-04-27 23:17:38.102431,Canada,Japan,63060.79,CAD,SWIFT,42.27,Medium,False,Yes
TX-107926,2024-12-13 01:43:49.102431,Brazil,Italy,43713.46,BRL,Wire,9.66,Low,False,Yes
TX-107927,2024-06-09 18:30:44.102431,France,Japan,45717.24,EUR,SWIFT,69.91,Medium,False,Yes
TX-107928,2024-05-14 14:47:33.102431,South Africa,Spain,81855.47,ZAR,SEPA,28.27,Low,False,Yes
TX-107929,2024-10-02 00:52:29.102431,Germany,USA,54806.04,EUR,Wire,98.83,High,True,Yes
TX-107930,2024-11-23 22:16:36.102431,Japan,Australia,88573.62,JPY,RTGS,95.05,High,True,Yes
TX-107931,2025-01-02 11:18:56.102431,Italy,France,71309.28,EUR,RTGS,73.53,High,True,Yes
TX-107932,2024-05-08 12:06:12.102431,Russia,Spain,55328.72,RUB,ACH,97.11,High,True,Yes
TX-107933,2024-08-20 06:32:00.102431,Italy,Canada,75478.34,EUR,Wire,10.56,Low,False,Yes
TX-107934,2024-04-15 18:20:48.102431,Germany,USA,3931.07,EUR,Wire,27.99,Low,False,Yes
TX-107935,2024-08-31 12:54:29.102431,UK,India,2805.66,GBP,RTGS,25.32,Low,False,Yes
TX-107936,2024-05-25 02:59:33.102431,South Africa,Italy,8426.6,ZAR,ACH,7.2,Low,False,Yes
TX-107937,2024-05-07 16:55:01.102431,Brazil,Brazil,43812.78,BRL,RTGS,97.22,High,True,Yes
TX-107938,2025-01-02 23:28:01.102431,UK,Netherlands,23621.47,GBP,Wire,6.0,Low,False,Yes
TX-107939,2024-08-15 17:18:06.102431,Australia,Italy,98427.7,AUD,SWIFT,85.67,High,True,Yes
TX-107940,2024-08-21 05:04:27.102431,South Africa,Germany,54274.78,ZAR,ACH,76.82,High,True,Yes
TX-107941,2025-03-17 15:07:40.102431,USA,France,66275.33,USD,RTGS,37.59,Low,False,Yes
TX-107942,2025-02-08 13:44:21.102431,UK,Germany,27954.13,GBP,RTGS,1.88,Low,False,Yes
TX-107943,2024-05-24 17:05:42.102431,Italy,Italy,32247.51,EUR,SWIFT,0.61,Low,False,Yes
TX-107944,2024-03-21 08:35:01.102431,Australia,UK,33612.65,AUD,RTGS,20.4,Low,False,Yes
TX-107945,2025-02-06 01:54:37.102431,UK,China,69903.7,GBP,ACH,49.39,Medium,False,Yes
TX-107946,2024-04-01 22:37:09.102431,Netherlands,France,47423.25,EUR,ACH,45.79,Medium,False,Yes
TX-107947,2025-03-12 11:52:15.102431,Russia,Japan,51816.6,RUB,SWIFT,58.53,Medium,False,Yes
TX-107948,2024-07-02 01:32:17.102431,India,China,59241.1,INR,ACH,77.2,High,True,Yes
TX-107949,2024-08-26 06:37:39.102431,Japan,Australia,76904.28,JPY,RTGS,37.74,Low,False,Yes
TX-107950,2024-08-19 04:00:47.102431,Japan,Japan,9127.94,JPY,ACH,16.04,Low,False,Yes
TX-107951,2024-09-30 02:21:13.102431,Brazil,Italy,77709.7,BRL,SWIFT,80.0,High,True,Yes
TX-107952,2024-06-11 00:04:57.102431,Spain,Canada,56367.18,EUR,Wire,33.27,Low,False,Yes
TX-107953,2024-12-27 21:46:35.102431,South Africa,India,66942.63,ZAR,ACH,28.69,Low,False,Yes
TX-107954,2025-03-07 05:58:26.102431,Australia,USA,32822.42,AUD,SEPA,76.43,High,True,Yes
TX-107955,2024-09-22 18:57:03.102431,France,India,40997.74,EUR,Wire,93.41,High,True,Yes
TX-107956,2025-03-07 10:18:38.102431,France,Germany,23193.47,EUR,Wire,91.5,High,True,Yes
TX-107957,2025-01-31 06:31:32.102431,Japan,Canada,97932.07,JPY,Wire,13.74,Low,False,Yes
TX-107958,2024-06-12 01:11:35.102431,Russia,Germany,49750.6,RUB,SEPA,50.32,Medium,False,Yes
TX-107959,2024-09-24 00:24:42.102431,China,Canada,99608.08,CNY,SEPA,9.29,Low,False,Yes
TX-107960,2024-08-16 08:40:00.102431,USA,USA,49029.62,USD,RTGS,96.1,High,True,Yes
TX-107961,2024-05-02 11:56:35.102431,Italy,Netherlands,22053.15,EUR,RTGS,21.52,Low,False,Yes
TX-107962,2024-08-02 00:08:24.102431,Canada,USA,50794.49,CAD,Wire,19.74,Low,False,Yes
TX-107963,2024-12-30 15:36:39.102431,Brazil,China,4055.6,BRL,Wire,88.89,High,True,Yes
TX-107964,2024-08-28 11:13:06.102431,UK,France,90486.5,GBP,SEPA,96.79,High,True,Yes
TX-107965,2024-04-02 14:33:18.102431,USA,Germany,81873.17,USD,RTGS,69.76,Medium,False,Yes
TX-107966,2024-11-19 02:21:18.102431,Germany,Canada,72609.47,EUR,SEPA,12.1,Low,False,Yes
TX-107967,2025-02-11 15:17:00.102431,Russia,Japan,61021.69,RUB,RTGS,48.59,Medium,False,Yes
TX-107968,2024-03-17 16:48:36.102431,France,Canada,58025.44,EUR,Wire,81.66,High,True,Yes
TX-107969,2025-01-05 04:08:51.102431,Australia,France,99673.15,AUD,Wire,57.25,Medium,False,Yes
TX-107970,2025-02-16 21:27:34.102431,Russia,Germany,27871.94,RUB,RTGS,13.26,Low,False,Yes
TX-107971,2024-07-12 20:15:10.102431,India,Netherlands,77990.47,INR,SEPA,17.19,Low,False,Yes
TX-107972,2024-09-17 01:27:12.102431,Canada,China,58182.34,CAD,SEPA,86.41,High,True,Yes
TX-107973,2024-07-06 08:30:05.102431,Australia,Brazil,97590.47,AUD,SEPA,52.7,Medium,False,Yes
TX-107974,2024-05-30 14:03:54.102431,Brazil,Brazil,82797.54,BRL,ACH,70.58,High,True,Yes
TX-107975,2024-11-23 19:33:53.102431,Spain,Italy,99852.66,EUR,Wire,37.31,Low,False,Yes
TX-107976,2025-01-23 17:33:36.102431,France,Italy,58873.67,EUR,SWIFT,53.25,Medium,False,Yes
TX-107977,2025-02-18 20:56:52.102431,Spain,Italy,20533.94,EUR,SEPA,97.71,High,True,Yes
TX-107978,2024-09-06 14:32:21.102431,Spain,Canada,50418.33,EUR,RTGS,32.97,Low,False,Yes
TX-107979,2024-06-18 09:22:50.102431,Japan,Germany,71140.0,JPY,ACH,67.48,Medium,False,Yes
TX-107980,2024-05-06 08:54:27.102431,Japan,Brazil,77458.6,JPY,SWIFT,17.25,Low,False,Yes
TX-107981,2024-10-25 18:46:15.102431,Netherlands,Russia,150.95,EUR,SWIFT,12.17,Low,False,Yes
TX-107982,2024-12-07 19:50:51.102431,South Africa,Netherlands,50552.21,ZAR,SWIFT,78.36,High,True,Yes
TX-107983,2024-11-04 22:16:21.102431,France,Brazil,23599.93,EUR,RTGS,84.41,High,True,Yes
TX-107984,2025-01-27 14:00:50.102431,Spain,France,87503.69,EUR,ACH,66.83,Medium,False,Yes
TX-107985,2024-08-23 09:56:11.102431,USA,Australia,15375.25,USD,ACH,15.82,Low,False,Yes
TX-107986,2025-01-26 18:49:05.102431,Italy,Germany,66678.98,EUR,RTGS,24.06,Low,False,Yes
TX-107987,2025-01-24 21:59:43.102431,Canada,UK,26679.61,CAD,ACH,91.12,High,True,Yes
TX-107988,2025-01-12 10:38:26.102431,Spain,South Africa,35718.56,EUR,SWIFT,28.87,Low,False,Yes
TX-107989,2024-12-23 17:35:06.102431,Russia,Germany,94061.87,RUB,Wire,81.89,High,True,Yes
TX-107990,2024-05-07 17:23:03.102431,India,Spain,24120.77,INR,Wire,28.59,Low,False,Yes
TX-107991,2025-01-17 22:28:57.102431,China,India,9590.78,CNY,SEPA,93.95,High,True,Yes
TX-107992,2024-12-11 21:59:51.103431,Germany,France,7021.56,EUR,SEPA,91.45,High,True,Yes
TX-107993,2024-10-07 22:17:51.103431,China,Brazil,50511.05,CNY,SEPA,4.33,Low,False,Yes
TX-107994,2024-10-21 16:58:15.103431,China,China,64206.98,CNY,SEPA,77.04,High,True,Yes
TX-107995,2024-09-17 18:38:47.103431,India,France,32796.63,INR,SWIFT,16.95,Low,False,Yes
TX-107996,2024-09-10 21:26:32.103431,India,Brazil,69056.95,INR,ACH,21.53,Low,False,Yes
TX-107997,2024-03-31 03:12:28.103431,Japan,USA,6197.27,JPY,ACH,45.98,Medium,False,Yes
TX-107998,2024-09-19 17:50:47.103431,UK,Canada,85747.73,GBP,Wire,57.63,Medium,False,Yes
TX-107999,2024-12-01 07:55:52.103431,South Africa,UK,81675.06,ZAR,SWIFT,32.58,Low,False,Yes
TX-108000,2024-04-26 01:01:51.103431,France,Japan,98551.08,EUR,SWIFT,57.54,Medium,False,Yes
TX-108001,2024-07-20 06:15:28.103431,Spain,Netherlands,93656.85,EUR,ACH,17.07,Low,False,Yes
TX-108002,2025-03-03 14:02:44.103431,Spain,Brazil,35684.1,EUR,Wire,2.23,Low,False,Yes
TX-108003,2024-06-08 18:11:07.103431,India,China,39987.61,INR,Wire,57.12,Medium,False,Yes
TX-108004,2024-12-23 14:37:00.103431,Japan,Australia,74621.89,JPY,SEPA,51.74,Medium,False,Yes
TX-108005,2024-09-05 13:40:15.103431,Australia,Brazil,13494.87,AUD,SWIFT,68.97,Medium,False,Yes
TX-108006,2024-06-28 11:17:56.103431,South Africa,France,31470.07,ZAR,SEPA,64.98,Medium,False,Yes
TX-108007,2024-11-07 16:28:59.103431,Brazil,Russia,11942.24,BRL,ACH,89.75,High,True,Yes
TX-108008,2024-12-14 13:14:34.103431,Australia,Netherlands,45543.16,AUD,ACH,45.95,Medium,False,Yes
TX-108009,2024-08-01 07:57:49.103431,Netherlands,Brazil,55245.23,EUR,SWIFT,0.84,Low,False,Yes
TX-108010,2025-03-10 18:45:25.103431,Canada,Germany,21194.93,CAD,SEPA,63.07,Medium,False,Yes
TX-108011,2024-04-04 22:26:05.103431,Italy,UK,2760.51,EUR,SWIFT,67.51,Medium,False,Yes
TX-108012,2024-12-24 20:33:08.103431,China,Spain,71963.65,CNY,ACH,52.15,Medium,False,Yes
TX-108013,2025-02-20 18:32:50.103431,France,India,2098.52,EUR,Wire,68.93,Medium,False,Yes
TX-108014,2024-08-26 16:44:29.103431,Australia,Canada,97342.92,AUD,SEPA,32.36,Low,False,Yes
TX-108015,2024-08-14 04:05:04.103431,India,UK,22238.56,INR,RTGS,14.88,Low,False,Yes
TX-108016,2024-11-27 10:25:01.103431,UK,UK,66423.62,GBP,ACH,66.46,Medium,False,Yes
TX-108017,2025-03-01 20:50:59.103431,Russia,Spain,43531.7,RUB,SWIFT,24.52,Low,False,Yes
TX-108018,2024-07-27 08:00:08.103431,UK,Netherlands,6061.42,GBP,RTGS,45.63,Medium,False,Yes
TX-108019,2024-12-31 22:15:38.103431,India,Australia,47271.14,INR,Wire,49.16,Medium,False,Yes
TX-108020,2024-10-29 22:20:50.103431,South Africa,UK,51724.39,ZAR,SWIFT,47.72,Medium,False,Yes
TX-108021,2024-12-12 12:51:20.103431,Netherlands,USA,85482.85,EUR,RTGS,59.84,Medium,False,Yes
TX-108022,2024-07-07 07:25:59.103431,Spain,India,73261.67,EUR,SWIFT,2.95,Low,False,Yes
TX-108023,2024-05-11 10:22:32.103431,Italy,Australia,8022.32,EUR,SWIFT,98.97,High,True,Yes
TX-108024,2024-07-12 00:48:11.103431,India,Italy,20995.35,INR,SWIFT,71.63,High,True,Yes
TX-108025,2024-10-07 13:18:56.103431,China,Spain,31257.58,CNY,ACH,42.54,Medium,False,Yes
TX-108026,2024-09-21 22:23:37.103431,China,USA,11729.13,CNY,ACH,19.13,Low,False,Yes
TX-108027,2024-06-08 19:43:44.103431,Italy,UK,45744.22,EUR,Wire,8.02,Low,False,Yes
TX-108028,2024-09-12 21:57:12.103431,Russia,France,98432.49,RUB,Wire,67.22,Medium,False,Yes
TX-108029,2024-09-13 17:09:57.103431,Netherlands,Netherlands,51509.82,EUR,Wire,31.7,Low,False,Yes
TX-108030,2024-09-14 10:19:49.103431,Canada,Canada,74214.03,CAD,Wire,22.95,Low,False,Yes
TX-108031,2024-06-30 23:54:15.103431,Canada,UK,68325.49,CAD,RTGS,38.0,Low,False,Yes
TX-108032,2024-12-03 16:56:40.103431,UK,India,85006.15,GBP,Wire,59.29,Medium,False,Yes
TX-108033,2024-09-13 19:22:35.103431,Spain,South Africa,21650.78,EUR,SEPA,67.17,Medium,False,Yes
TX-108034,2024-12-16 04:16:59.103431,Germany,Russia,75407.24,EUR,Wire,64.52,Medium,False,Yes
TX-108035,2024-12-17 00:40:19.103431,Spain,USA,88147.39,EUR,ACH,86.33,High,True,Yes
TX-108036,2024-07-11 12:38:27.103431,Spain,China,17233.83,EUR,SWIFT,21.88,Low,False,Yes
TX-108037,2024-04-10 20:34:38.103431,India,Spain,34745.54,INR,Wire,63.67,Medium,False,Yes
TX-108038,2025-02-13 03:55:16.103431,France,Australia,97013.17,EUR,RTGS,10.11,Low,False,Yes
TX-108039,2024-10-14 08:12:07.103431,Brazil,China,78100.71,BRL,RTGS,54.79,Medium,False,Yes
TX-108040,2025-02-01 11:55:56.103431,France,USA,28330.82,EUR,SEPA,58.4,Medium,False,Yes
TX-108041,2025-02-19 10:30:50.103431,China,Australia,56437.78,CNY,RTGS,21.62,Low,False,Yes
TX-108042,2024-11-29 01:11:42.103431,India,Russia,40492.18,INR,ACH,39.17,Low,False,Yes
TX-108043,2025-02-17 04:25:31.103431,Italy,Germany,49047.52,EUR,SWIFT,82.72,High,True,Yes
TX-108044,2024-06-11 10:48:45.103431,France,Australia,35581.1,EUR,Wire,14.84,Low,False,Yes
TX-108045,2025-01-15 04:07:41.103431,Netherlands,Canada,28005.17,EUR,SWIFT,43.45,Medium,False,Yes
TX-108046,2025-01-16 07:10:34.103431,Australia,USA,67508.83,AUD,Wire,93.27,High,True,Yes
TX-108047,2025-03-16 10:44:43.103431,South Africa,Russia,77876.33,ZAR,Wire,50.41,Medium,False,Yes
TX-108048,2025-03-05 00:25:17.103431,Russia,USA,87408.32,RUB,SEPA,72.51,High,True,Yes
TX-108049,2024-10-03 22:57:32.103431,Spain,China,15617.46,EUR,SEPA,82.69,High,True,Yes
TX-108050,2024-07-21 18:05:09.103431,Brazil,India,82303.27,BRL,SEPA,20.38,Low,False,Yes
TX-108051,2024-07-29 06:51:20.103431,China,France,25554.6,CNY,SWIFT,21.82,Low,False,Yes
TX-108052,2025-03-17 09:02:20.103431,Japan,Russia,42790.91,JPY,SWIFT,75.86,High,True,Yes
TX-108053,2025-03-15 05:54:27.103431,Australia,Germany,90154.22,AUD,RTGS,75.33,High,True,Yes
TX-108054,2024-09-03 20:36:41.103431,Italy,Japan,45504.91,EUR,Wire,6.02,Low,False,Yes
TX-108055,2025-02-08 09:55:25.103431,UK,Japan,19786.65,GBP,ACH,32.25,Low,False,Yes
TX-108056,2024-08-17 12:24:22.103431,UK,UK,16070.88,GBP,ACH,39.85,Low,False,Yes
TX-108057,2024-08-09 14:01:28.103431,Russia,South Africa,47351.08,RUB,SEPA,82.9,High,True,Yes
TX-108058,2024-08-19 04:14:45.103431,USA,UK,76290.98,USD,ACH,42.19,Medium,False,Yes
TX-108059,2025-02-17 01:32:01.103431,UK,South Africa,99720.79,GBP,RTGS,92.59,High,True,Yes
TX-108060,2025-02-04 18:16:22.103431,Brazil,Canada,78762.12,BRL,RTGS,99.66,High,True,Yes
TX-108061,2024-08-06 17:33:04.103431,Germany,Canada,87713.49,EUR,RTGS,78.07,High,True,Yes
TX-108062,2024-04-20 13:47:37.103431,India,France,74808.45,INR,SEPA,66.64,Medium,False,Yes
TX-108063,2024-11-10 23:20:16.103431,France,South Africa,89553.97,EUR,ACH,39.19,Low,False,Yes
TX-108064,2024-11-26 03:34:03.103431,Brazil,Brazil,7721.72,BRL,RTGS,6.7,Low,False,Yes
TX-108065,2024-09-08 16:51:39.103431,Brazil,Spain,93000.17,BRL,SWIFT,57.31,Medium,False,Yes
TX-108066,2024-10-16 16:25:08.103431,Brazil,Australia,39700.97,BRL,Wire,36.17,Low,False,Yes
TX-108067,2024-03-29 17:09:03.103431,Canada,Australia,92169.26,CAD,SWIFT,35.09,Low,False,Yes
TX-108068,2024-11-13 06:20:42.103431,Germany,Brazil,7665.71,EUR,RTGS,68.77,Medium,False,Yes
TX-108069,2024-06-16 19:20:50.103431,UK,Spain,71552.77,GBP,RTGS,46.36,Medium,False,Yes
TX-108070,2024-11-01 06:17:54.103431,Italy,Japan,73595.31,EUR,SEPA,75.21,High,True,Yes
TX-108071,2024-12-31 13:21:38.103431,Canada,France,99691.4,CAD,ACH,39.82,Low,False,Yes
TX-108072,2024-09-09 11:11:34.103431,Canada,India,76908.64,CAD,SWIFT,15.09,Low,False,Yes
TX-108073,2024-12-27 17:33:35.103431,Canada,Australia,38319.11,CAD,SEPA,46.13,Medium,False,Yes
TX-108074,2025-03-16 23:20:23.103431,Netherlands,France,55769.13,EUR,Wire,95.1,High,True,Yes
TX-108075,2025-03-08 05:12:25.103431,Netherlands,Spain,36718.44,EUR,SWIFT,80.15,High,True,Yes
TX-108076,2024-05-26 18:50:09.103431,Australia,Australia,19682.26,AUD,SWIFT,20.57,Low,False,Yes
TX-108077,2024-09-27 17:42:31.103431,Japan,USA,24925.38,JPY,SEPA,39.13,Low,False,Yes
TX-108078,2025-01-11 14:12:22.103431,USA,Russia,22278.85,USD,SWIFT,92.78,High,True,Yes
TX-108079,2024-03-28 14:32:48.103431,USA,Spain,54926.65,USD,Wire,12.37,Low,False,Yes
TX-108080,2024-11-30 08:14:56.103431,South Africa,France,90625.45,ZAR,SWIFT,25.4,Low,False,Yes
TX-108081,2024-09-29 03:44:55.103431,Italy,Brazil,91281.39,EUR,SEPA,26.22,Low,False,Yes
TX-108082,2024-10-23 04:39:32.103431,Japan,Spain,5570.9,JPY,ACH,57.09,Medium,False,Yes
TX-108083,2024-09-06 23:47:10.103431,South Africa,Netherlands,8081.95,ZAR,ACH,41.07,Medium,False,Yes
TX-108084,2024-06-17 16:58:18.103431,Canada,Japan,24587.39,CAD,RTGS,7.99,Low,False,Yes
TX-108085,2024-05-19 11:36:25.103431,Canada,South Africa,25580.44,CAD,SWIFT,62.92,Medium,False,Yes
TX-108086,2025-02-27 13:27:31.103431,France,India,9579.43,EUR,Wire,9.91,Low,False,Yes
TX-108087,2024-05-25 17:00:17.103431,China,Russia,38907.49,CNY,ACH,60.64,Medium,False,Yes
TX-108088,2024-12-20 23:38:53.103431,UK,Russia,58813.77,GBP,SEPA,50.7,Medium,False,Yes
TX-108089,2025-01-13 14:35:17.103431,Canada,Netherlands,57858.4,CAD,SEPA,49.37,Medium,False,Yes
TX-108090,2024-09-04 17:05:30.103431,India,Russia,54388.63,INR,Wire,6.75,Low,False,Yes
TX-108091,2024-12-06 12:09:01.103431,Netherlands,China,33933.33,EUR,RTGS,63.92,Medium,False,Yes
TX-108092,2025-02-02 03:54:27.103431,Netherlands,Australia,70674.92,EUR,SWIFT,43.13,Medium,False,Yes
TX-108093,2024-11-20 22:04:43.103431,Italy,Canada,82665.75,EUR,Wire,41.11,Medium,False,Yes
TX-108094,2024-08-22 16:19:38.103431,France,France,34692.8,EUR,SEPA,59.65,Medium,False,Yes
TX-108095,2024-06-25 10:28:51.103431,Germany,India,8644.98,EUR,Wire,60.62,Medium,False,Yes
TX-108096,2024-07-07 03:47:38.103431,Germany,Japan,29703.39,EUR,Wire,1.5,Low,False,Yes
TX-108097,2024-08-30 04:42:50.103431,Brazil,Brazil,13823.13,BRL,ACH,12.52,Low,False,Yes
TX-108098,2024-07-07 05:27:57.103431,France,India,46789.14,EUR,SWIFT,23.65,Low,False,Yes
TX-108099,2024-06-10 08:45:39.103431,Australia,USA,15677.92,AUD,SWIFT,67.8,Medium,False,Yes
TX-108100,2024-08-29 02:47:49.103431,India,UK,46338.19,INR,RTGS,57.67,Medium,False,Yes
TX-108101,2024-06-15 12:48:14.103431,UK,Italy,22178.19,GBP,Wire,75.76,High,True,Yes
TX-108102,2024-11-10 00:17:17.103431,UK,Russia,73899.24,GBP,SWIFT,74.06,High,True,Yes
TX-108103,2024-04-07 22:29:33.103431,Japan,Germany,2854.07,JPY,SWIFT,85.32,High,True,Yes
TX-108104,2024-10-18 09:24:48.103431,Russia,India,55519.16,RUB,SEPA,37.68,Low,False,Yes
TX-108105,2024-04-15 17:26:16.103431,UK,UK,17031.88,GBP,SWIFT,34.51,Low,False,Yes
TX-108106,2024-06-30 23:16:08.103431,USA,Spain,199.09,USD,Wire,83.1,High,True,Yes
TX-108107,2025-02-10 13:20:04.103431,USA,Australia,86933.09,USD,RTGS,23.76,Low,False,Yes
TX-108108,2024-08-17 21:35:41.103431,India,USA,67185.63,INR,SWIFT,46.12,Medium,False,Yes
TX-108109,2024-09-30 08:46:31.103431,Spain,Germany,9984.39,EUR,Wire,19.43,Low,False,Yes
TX-108110,2024-05-01 22:10:00.103431,Russia,China,66440.83,RUB,ACH,91.38,High,True,Yes
TX-108111,2024-08-17 11:22:54.103431,Netherlands,Brazil,61203.57,EUR,RTGS,40.78,Medium,False,Yes
TX-108112,2024-12-06 10:25:16.104431,Spain,Brazil,47388.33,EUR,Wire,21.25,Low,False,Yes
TX-108113,2025-02-15 02:31:17.104431,Russia,Italy,41983.88,RUB,RTGS,69.2,Medium,False,Yes
TX-108114,2024-07-16 09:35:18.104431,Australia,Spain,88718.27,AUD,RTGS,24.46,Low,False,Yes
TX-108115,2024-05-19 09:28:46.104431,Australia,Germany,24590.29,AUD,SEPA,94.35,High,True,Yes
TX-108116,2024-06-09 05:56:25.104431,Russia,Brazil,39891.17,RUB,Wire,36.76,Low,False,Yes
TX-108117,2024-07-28 18:10:12.104431,Japan,Canada,32978.63,JPY,ACH,66.46,Medium,False,Yes
TX-108118,2024-07-16 10:37:25.104431,Netherlands,Germany,77142.98,EUR,RTGS,34.52,Low,False,Yes
TX-108119,2024-07-22 15:51:49.104431,France,Netherlands,91654.88,EUR,Wire,80.72,High,True,Yes
TX-108120,2024-12-29 18:30:50.104431,Japan,Italy,84993.19,JPY,SEPA,89.69,High,True,Yes
TX-108121,2024-06-07 00:52:03.104431,Australia,India,79790.62,AUD,Wire,78.79,High,True,Yes
TX-108122,2024-04-10 15:25:02.104431,UK,Canada,98680.32,GBP,Wire,84.85,High,True,Yes
TX-108123,2024-12-12 09:57:22.104431,Brazil,France,69744.74,BRL,RTGS,10.19,Low,False,Yes
TX-108124,2024-05-25 17:50:28.104431,Japan,Netherlands,75130.27,JPY,SEPA,92.41,High,True,Yes
TX-108125,2024-06-14 14:23:02.104431,UK,India,98281.97,GBP,SWIFT,62.43,Medium,False,Yes
TX-108126,2024-08-05 08:01:11.104431,China,India,798.38,CNY,RTGS,86.92,High,True,Yes
TX-108127,2024-04-17 23:29:02.104431,China,Japan,63441.43,CNY,ACH,68.44,Medium,False,Yes
TX-108128,2025-02-27 04:38:02.104431,Australia,Netherlands,73923.26,AUD,ACH,20.18,Low,False,Yes
TX-108129,2024-10-18 17:49:49.104431,India,Netherlands,91790.92,INR,RTGS,60.96,Medium,False,Yes
TX-108130,2024-12-27 07:56:43.104431,Brazil,Australia,88396.05,BRL,RTGS,9.09,Low,False,Yes
TX-108131,2024-04-15 22:37:46.104431,India,Netherlands,84211.87,INR,Wire,69.57,Medium,False,Yes
TX-108132,2024-08-07 18:37:29.104431,Netherlands,Japan,94584.55,EUR,RTGS,40.9,Medium,False,Yes
TX-108133,2025-03-08 21:26:38.104431,China,UK,53784.18,CNY,ACH,15.17,Low,False,Yes
TX-108134,2024-12-23 00:05:17.104431,Italy,France,791.32,EUR,RTGS,97.92,High,True,Yes
TX-108135,2024-11-07 16:51:19.104431,Japan,Netherlands,1204.33,JPY,SEPA,90.11,High,True,Yes
TX-108136,2024-07-23 09:31:52.104431,India,India,54509.44,INR,SEPA,89.35,High,True,Yes
TX-108137,2024-10-12 10:47:54.104431,India,Spain,43583.7,INR,SWIFT,78.88,High,True,Yes
TX-108138,2024-09-19 01:28:47.104431,Japan,Netherlands,45179.38,JPY,Wire,69.2,Medium,False,Yes
TX-108139,2024-09-05 04:03:54.104431,France,Spain,40100.43,EUR,SEPA,65.51,Medium,False,Yes
TX-108140,2024-10-07 21:54:53.104431,Netherlands,Italy,91780.81,EUR,RTGS,10.61,Low,False,Yes
TX-108141,2024-05-01 23:52:01.104431,Spain,China,35981.12,EUR,RTGS,90.06,High,True,Yes
TX-108142,2024-03-26 07:32:13.104431,Australia,Italy,85637.07,AUD,Wire,88.11,High,True,Yes
TX-108143,2024-08-24 20:06:31.104431,Japan,France,90296.19,JPY,Wire,74.79,High,True,Yes
TX-108144,2025-02-20 01:56:55.104431,Germany,France,50000.23,EUR,ACH,92.73,High,True,Yes
TX-108145,2024-07-01 01:22:16.104431,South Africa,Germany,44749.11,ZAR,SWIFT,55.31,Medium,False,Yes
TX-108146,2025-02-20 18:29:18.104431,Canada,USA,76125.96,CAD,SEPA,44.76,Medium,False,Yes
TX-108147,2024-09-24 21:40:45.104431,Australia,China,70826.35,AUD,RTGS,96.79,High,True,Yes
TX-108148,2024-08-01 15:24:43.104431,France,Japan,32920.66,EUR,RTGS,46.41,Medium,False,Yes
TX-108149,2024-09-21 12:08:19.104431,Spain,Brazil,10344.56,EUR,SWIFT,64.13,Medium,False,Yes
TX-108150,2024-07-26 06:24:17.104431,Italy,Spain,26558.75,EUR,Wire,37.31,Low,False,Yes
TX-108151,2024-12-04 22:27:12.104431,France,Russia,13189.75,EUR,RTGS,63.63,Medium,False,Yes
TX-108152,2024-04-10 00:51:29.104431,UK,China,29543.75,GBP,SEPA,72.01,High,True,Yes
TX-108153,2024-12-08 06:11:23.104431,France,Canada,26255.97,EUR,RTGS,62.47,Medium,False,Yes
TX-108154,2024-12-11 01:53:39.104431,USA,Italy,63807.37,USD,SWIFT,51.46,Medium,False,Yes
TX-108155,2024-09-04 16:15:12.104431,USA,South Africa,95454.15,USD,RTGS,30.01,Low,False,Yes
TX-108156,2025-01-06 04:48:57.104431,Japan,Australia,68605.8,JPY,RTGS,64.38,Medium,False,Yes
TX-108157,2024-12-16 18:48:28.104431,Russia,China,92672.28,RUB,SEPA,90.84,High,True,Yes
TX-108158,2024-08-22 07:10:42.104431,South Africa,South Africa,78434.81,ZAR,SWIFT,0.69,Low,False,Yes
TX-108159,2024-08-12 17:29:21.104431,Russia,South Africa,72814.97,RUB,RTGS,13.39,Low,False,Yes
TX-108160,2024-11-01 12:19:34.104431,UK,Spain,41464.79,GBP,ACH,11.98,Low,False,Yes
TX-108161,2024-05-18 09:33:20.104431,Spain,France,32546.97,EUR,ACH,92.32,High,True,Yes
TX-108162,2024-12-16 13:07:30.104431,France,Canada,84643.11,EUR,ACH,66.27,Medium,False,Yes
TX-108163,2024-09-19 18:52:49.104431,Australia,USA,90548.78,AUD,Wire,95.18,High,True,Yes
TX-108164,2024-11-01 06:16:54.104431,Japan,Australia,45243.06,JPY,Wire,58.28,Medium,False,Yes
TX-108165,2025-01-30 02:04:20.104431,USA,Netherlands,1005.4,USD,RTGS,46.17,Medium,False,Yes
TX-108166,2025-03-10 08:17:01.104431,Brazil,India,79273.85,BRL,SWIFT,79.23,High,True,Yes
TX-108167,2024-09-14 13:40:15.104431,Netherlands,UK,28578.38,EUR,SWIFT,16.09,Low,False,Yes
TX-108168,2024-10-24 20:35:16.104431,Australia,Australia,1087.8,AUD,SEPA,38.13,Low,False,Yes
TX-108169,2024-05-05 07:21:24.104431,South Africa,India,80518.36,ZAR,SWIFT,46.63,Medium,False,Yes
TX-108170,2024-09-08 10:37:17.104431,Australia,UK,51789.68,AUD,Wire,29.85,Low,False,Yes
TX-108171,2024-12-15 17:31:43.104431,France,Japan,68552.55,EUR,Wire,37.13,Low,False,Yes
TX-108172,2024-10-11 16:48:06.104431,USA,France,91477.51,USD,SWIFT,7.81,Low,False,Yes
TX-108173,2024-03-23 20:23:15.104431,South Africa,China,54163.27,ZAR,RTGS,19.8,Low,False,Yes
TX-108174,2024-07-21 11:29:14.104431,Italy,Japan,50369.09,EUR,SWIFT,33.55,Low,False,Yes
TX-108175,2024-06-15 03:31:31.104431,South Africa,India,29137.15,ZAR,RTGS,79.59,High,True,Yes
TX-108176,2024-08-23 13:09:04.104431,France,UK,30588.86,EUR,ACH,18.25,Low,False,Yes
TX-108177,2024-12-24 13:05:00.104431,China,France,79674.55,CNY,RTGS,34.66,Low,False,Yes
TX-108178,2025-02-11 16:24:38.104431,Germany,Australia,44958.02,EUR,SWIFT,6.49,Low,False,Yes
TX-108179,2024-06-16 11:14:15.104431,South Africa,France,16436.27,ZAR,SWIFT,55.71,Medium,False,Yes
TX-108180,2024-07-19 15:54:03.104431,USA,Canada,9543.42,USD,SWIFT,61.13,Medium,False,Yes
TX-108181,2024-07-20 18:00:26.104431,Japan,South Africa,47344.72,JPY,SWIFT,86.55,High,True,Yes
TX-108182,2024-06-28 14:19:59.104431,Spain,France,46549.01,EUR,Wire,81.91,High,True,Yes
TX-108183,2024-09-20 10:52:35.104431,Germany,USA,65380.48,EUR,ACH,28.54,Low,False,Yes
TX-108184,2024-03-30 17:35:56.104431,Italy,Australia,47159.64,EUR,Wire,13.7,Low,False,Yes
TX-108185,2025-01-15 03:01:23.104431,Netherlands,USA,14433.22,EUR,ACH,15.61,Low,False,Yes
TX-108186,2024-08-08 15:33:29.104431,Japan,Germany,50829.51,JPY,ACH,96.9,High,True,Yes
TX-108187,2024-05-09 05:23:20.104431,Italy,France,90688.26,EUR,SEPA,67.32,Medium,False,Yes
TX-108188,2024-03-19 21:28:10.104431,Italy,Russia,16028.2,EUR,ACH,4.26,Low,False,Yes
TX-108189,2024-11-17 17:21:52.104431,Germany,China,69006.49,EUR,SWIFT,13.68,Low,False,Yes
TX-108190,2025-01-19 08:48:03.104431,UK,Canada,59426.54,GBP,SWIFT,48.58,Medium,False,Yes
TX-108191,2025-03-04 01:31:45.104431,Brazil,USA,74883.71,BRL,RTGS,20.78,Low,False,Yes
TX-108192,2025-02-05 15:37:47.104431,Brazil,Australia,15144.97,BRL,Wire,80.37,High,True,Yes
TX-108193,2024-08-18 21:54:05.104431,India,France,94166.37,INR,Wire,57.32,Medium,False,Yes
TX-108194,2024-04-19 13:23:54.104431,Italy,USA,62134.55,EUR,SEPA,61.26,Medium,False,Yes
TX-108195,2024-09-20 05:45:31.104431,Russia,Italy,84722.41,RUB,ACH,46.28,Medium,False,Yes
TX-108196,2024-06-13 00:24:50.104431,Italy,Spain,24736.02,EUR,RTGS,25.61,Low,False,Yes
TX-108197,2025-03-02 22:20:02.104431,Germany,India,73967.35,EUR,RTGS,58.94,Medium,False,Yes
TX-108198,2024-11-12 14:33:59.104431,France,Russia,78124.97,EUR,SWIFT,71.7,High,True,Yes
TX-108199,2024-05-08 22:10:31.104431,Canada,USA,39803.78,CAD,Wire,37.09,Low,False,Yes
TX-108200,2024-07-09 08:25:41.104431,Italy,USA,38456.95,EUR,SWIFT,50.49,Medium,False,Yes
TX-108201,2024-04-10 21:20:42.104431,India,France,65813.85,INR,Wire,83.97,High,True,Yes
TX-108202,2024-09-12 02:14:42.104431,Germany,UK,9431.43,EUR,SWIFT,14.87,Low,False,Yes
TX-108203,2024-09-30 20:34:55.104431,Japan,Spain,73588.85,JPY,Wire,54.52,Medium,False,Yes
TX-108204,2025-02-04 21:38:11.104431,South Africa,Netherlands,4384.39,ZAR,SWIFT,34.84,Low,False,Yes
TX-108205,2024-06-10 10:39:43.104431,South Africa,France,19139.97,ZAR,Wire,70.28,High,True,Yes
TX-108206,2024-11-25 07:37:37.104431,Netherlands,South Africa,66447.96,EUR,ACH,1.88,Low,False,Yes
TX-108207,2024-12-05 20:41:31.104431,China,Russia,9922.53,CNY,SWIFT,67.05,Medium,False,Yes
TX-108208,2024-05-17 01:07:14.104431,South Africa,Japan,97187.02,ZAR,SWIFT,10.29,Low,False,Yes
TX-108209,2024-12-01 08:31:43.104431,Brazil,India,86852.78,BRL,SWIFT,6.48,Low,False,Yes
TX-108210,2024-03-24 08:15:38.104431,India,South Africa,62667.6,INR,SWIFT,72.46,High,True,Yes
TX-108211,2024-11-03 00:11:23.104431,France,Japan,81923.84,EUR,SEPA,64.03,Medium,False,Yes
TX-108212,2024-07-19 16:37:09.104431,France,UK,88769.25,EUR,SEPA,89.49,High,True,Yes
TX-108213,2024-03-29 20:29:16.104431,India,Canada,26021.62,INR,ACH,51.97,Medium,False,Yes
TX-108214,2024-11-12 01:04:45.104431,Brazil,Brazil,84956.22,BRL,SWIFT,53.0,Medium,False,Yes
TX-108215,2025-03-12 05:23:42.104431,Japan,France,19559.9,JPY,Wire,70.7,High,True,Yes
TX-108216,2025-01-31 07:28:13.104431,South Africa,UK,41392.89,ZAR,SWIFT,32.34,Low,False,Yes
TX-108217,2024-04-16 13:08:18.104431,France,Brazil,55870.14,EUR,ACH,3.69,Low,False,Yes
TX-108218,2024-07-12 21:07:06.104431,Italy,Germany,71417.71,EUR,SWIFT,23.0,Low,False,Yes
TX-108219,2024-09-26 02:22:56.104431,Germany,Italy,3111.12,EUR,Wire,23.8,Low,False,Yes
TX-108220,2024-09-27 22:03:58.104431,Russia,China,29121.89,RUB,SWIFT,33.57,Low,False,Yes
TX-108221,2024-11-11 14:20:00.104431,Canada,Netherlands,60891.06,CAD,RTGS,94.35,High,True,Yes
TX-108222,2024-11-16 05:17:31.104431,UK,Canada,35801.13,GBP,Wire,80.48,High,True,Yes
TX-108223,2024-06-19 16:02:33.104431,UK,France,77525.0,GBP,SEPA,93.6,High,True,Yes
TX-108224,2024-06-01 21:16:44.104431,France,Germany,65200.05,EUR,ACH,99.86,High,True,Yes
TX-108225,2024-05-17 18:21:52.104431,Canada,USA,23516.71,CAD,Wire,43.38,Medium,False,Yes
TX-108226,2024-12-15 23:10:14.105434,India,Australia,14678.31,INR,SEPA,22.71,Low,False,Yes
TX-108227,2024-08-01 09:40:55.105434,Australia,Netherlands,62941.79,AUD,ACH,56.0,Medium,False,Yes
TX-108228,2024-11-07 12:46:39.105434,China,Spain,45101.69,CNY,SEPA,88.11,High,True,Yes
TX-108229,2024-11-28 04:01:21.105434,Australia,Germany,16978.81,AUD,SWIFT,46.57,Medium,False,Yes
TX-108230,2024-09-06 10:40:32.105434,France,South Africa,32704.78,EUR,Wire,50.54,Medium,False,Yes
TX-108231,2024-07-25 08:22:12.105434,Brazil,India,30374.37,BRL,Wire,13.44,Low,False,Yes
TX-108232,2025-01-05 05:34:06.105434,China,India,10902.38,CNY,ACH,42.05,Medium,False,Yes
TX-108233,2025-02-18 07:56:11.105434,Australia,Italy,54736.21,AUD,RTGS,38.7,Low,False,Yes
TX-108234,2025-02-28 16:36:34.105434,Germany,Italy,76388.5,EUR,SWIFT,35.17,Low,False,Yes
TX-108235,2024-10-05 23:45:48.105434,Spain,Italy,57589.14,EUR,SEPA,88.73,High,True,Yes
TX-108236,2024-12-01 04:08:20.105434,USA,Netherlands,82646.51,USD,SEPA,5.93,Low,False,Yes
TX-108237,2024-05-22 13:30:46.105434,UK,Canada,12844.1,GBP,SEPA,97.21,High,True,Yes
TX-108238,2025-03-03 10:05:37.105434,USA,Netherlands,43617.62,USD,ACH,0.82,Low,False,Yes
TX-108239,2025-02-21 20:13:29.105434,Japan,France,60980.57,JPY,SEPA,94.56,High,True,Yes
TX-108240,2024-07-09 13:25:25.105434,USA,Netherlands,67632.56,USD,RTGS,54.8,Medium,False,Yes
TX-108241,2024-08-25 03:41:50.105434,UK,France,69609.05,GBP,Wire,70.24,High,True,Yes
TX-108242,2024-04-01 11:42:57.105434,Canada,China,72923.65,CAD,RTGS,18.71,Low,False,Yes
TX-108243,2024-04-13 05:41:38.105434,France,France,65177.84,EUR,RTGS,65.42,Medium,False,Yes
TX-108244,2024-03-29 12:49:45.105434,France,UK,9513.39,EUR,SWIFT,88.2,High,True,Yes
TX-108245,2024-04-16 02:03:41.105434,UK,China,69561.04,GBP,SWIFT,13.95,Low,False,Yes
TX-108246,2024-09-27 07:01:01.105434,Brazil,Italy,72505.79,BRL,Wire,12.71,Low,False,Yes
TX-108247,2024-12-31 17:54:14.105434,Australia,India,99348.65,AUD,Wire,30.4,Low,False,Yes
TX-108248,2024-04-25 09:21:10.105434,Brazil,Netherlands,69366.91,BRL,SWIFT,16.17,Low,False,Yes
TX-108249,2024-10-08 16:51:53.105434,USA,Spain,68714.36,USD,RTGS,11.06,Low,False,Yes
TX-108250,2024-04-29 01:48:39.105434,Germany,South Africa,51529.85,EUR,Wire,67.83,Medium,False,Yes
TX-108251,2024-12-01 14:35:11.105434,Canada,China,86805.5,CAD,SEPA,21.38,Low,False,Yes
TX-108252,2024-05-29 17:24:53.105434,UK,UK,99683.79,GBP,Wire,66.7,Medium,False,Yes
TX-108253,2025-01-07 06:29:12.105434,USA,India,77926.58,USD,SEPA,86.19,High,True,Yes
TX-108254,2025-02-02 22:15:41.105434,Australia,South Africa,61288.79,AUD,ACH,65.2,Medium,False,Yes
TX-108255,2024-09-22 23:11:44.105434,Germany,Germany,7987.59,EUR,SEPA,11.94,Low,False,Yes
TX-108256,2025-01-13 11:54:05.105434,Spain,France,72701.24,EUR,RTGS,57.36,Medium,False,Yes
TX-108257,2025-02-11 11:47:46.105434,Italy,UK,70885.3,EUR,Wire,39.36,Low,False,Yes
TX-108258,2025-03-05 11:22:50.105434,France,Italy,77579.26,EUR,SWIFT,34.34,Low,False,Yes
TX-108259,2024-12-24 14:42:20.105434,South Africa,Japan,12543.08,ZAR,RTGS,31.85,Low,False,Yes
TX-108260,2024-12-19 16:11:44.105434,South Africa,Germany,65407.88,ZAR,RTGS,92.94,High,True,Yes
TX-108261,2024-05-29 15:40:09.105434,Australia,France,29642.82,AUD,SWIFT,74.25,High,True,Yes
TX-108262,2024-09-03 20:14:42.105434,Spain,France,76051.1,EUR,Wire,13.38,Low,False,Yes
TX-108263,2024-03-20 00:55:20.105434,Australia,Canada,24113.36,AUD,Wire,47.6,Medium,False,Yes
TX-108264,2025-02-18 01:57:57.105434,Brazil,France,68429.47,BRL,ACH,31.82,Low,False,Yes
TX-108265,2025-02-22 12:24:57.105434,South Africa,China,29569.8,ZAR,SWIFT,97.79,High,True,Yes
TX-108266,2024-08-31 10:18:49.105434,USA,Netherlands,998.53,USD,RTGS,97.8,High,True,Yes
TX-108267,2024-08-15 10:34:02.105434,Spain,India,63372.46,EUR,ACH,31.95,Low,False,Yes
TX-108268,2024-06-13 14:43:36.105434,Canada,Australia,11415.58,CAD,Wire,35.21,Low,False,Yes
TX-108269,2025-03-11 21:49:35.105434,Russia,Japan,65963.22,RUB,RTGS,59.94,Medium,False,Yes
TX-108270,2025-02-13 05:50:08.105434,South Africa,UK,92568.38,ZAR,SEPA,47.93,Medium,False,Yes
TX-108271,2024-10-12 03:23:25.105434,UK,Italy,96927.67,GBP,SEPA,21.31,Low,False,Yes
TX-108272,2024-12-15 02:50:00.105434,USA,South Africa,23668.72,USD,SWIFT,66.04,Medium,False,Yes
TX-108273,2024-04-09 21:01:23.105434,France,Netherlands,80944.4,EUR,SWIFT,33.41,Low,False,Yes
TX-108274,2024-06-16 17:13:43.105434,South Africa,Russia,35419.97,ZAR,RTGS,65.37,Medium,False,Yes
TX-108275,2024-08-12 16:21:47.105434,Italy,Italy,90055.66,EUR,Wire,38.37,Low,False,Yes
TX-108276,2024-05-09 13:52:47.105434,Canada,Canada,78770.21,CAD,SWIFT,70.02,High,True,Yes
TX-108277,2024-12-04 07:03:53.105434,Japan,UK,7484.78,JPY,Wire,66.78,Medium,False,Yes
TX-108278,2024-11-06 04:39:57.105434,Australia,Japan,40772.99,AUD,SEPA,50.88,Medium,False,Yes
TX-108279,2024-04-21 13:20:57.105434,UK,Australia,33798.05,GBP,SEPA,70.47,High,True,Yes
TX-108280,2024-09-30 14:42:56.105434,Germany,Brazil,78539.58,EUR,Wire,46.1,Medium,False,Yes
TX-108281,2024-12-15 10:57:04.105434,Netherlands,Spain,41087.54,EUR,RTGS,11.61,Low,False,Yes
TX-108282,2024-10-25 16:00:06.105434,Russia,Japan,68490.38,RUB,Wire,18.21,Low,False,Yes
TX-108283,2024-12-19 06:53:22.105434,France,Netherlands,60283.28,EUR,ACH,24.6,Low,False,Yes
TX-108284,2024-11-29 10:08:52.105434,Russia,India,97566.31,RUB,SEPA,6.32,Low,False,Yes
TX-108285,2024-07-30 18:01:12.105434,Italy,Brazil,93784.72,EUR,RTGS,71.14,High,True,Yes
TX-108286,2025-01-17 22:11:01.105434,Russia,Spain,42827.18,RUB,ACH,36.74,Low,False,Yes
TX-108287,2025-01-02 21:36:36.105434,USA,Australia,72385.46,USD,SEPA,9.35,Low,False,Yes
TX-108288,2024-07-24 02:05:47.105434,Canada,Spain,82963.06,CAD,SEPA,82.0,High,True,Yes
TX-108289,2025-01-09 03:29:43.105434,South Africa,Italy,89898.69,ZAR,SEPA,68.37,Medium,False,Yes
TX-108290,2024-10-15 08:44:05.105434,Brazil,Australia,6906.61,BRL,Wire,45.22,Medium,False,Yes
TX-108291,2024-06-24 20:17:08.105434,Germany,Italy,30277.67,EUR,SEPA,24.74,Low,False,Yes
TX-108292,2024-12-05 08:52:12.105434,Italy,Italy,32090.98,EUR,SWIFT,15.17,Low,False,Yes
TX-108293,2024-07-16 06:52:14.105434,South Africa,Australia,43501.15,ZAR,SEPA,45.84,Medium,False,Yes
TX-108294,2024-05-27 16:34:56.105434,Australia,USA,17009.55,AUD,SWIFT,88.52,High,True,Yes
TX-108295,2025-01-13 13:07:45.105434,Germany,Netherlands,49670.97,EUR,Wire,18.84,Low,False,Yes
TX-108296,2024-11-16 11:16:01.105434,Brazil,Japan,66355.11,BRL,RTGS,56.87,Medium,False,Yes
TX-108297,2024-03-22 18:51:37.105434,USA,USA,49786.66,USD,RTGS,96.17,High,True,Yes
TX-108298,2024-06-27 18:16:30.105434,Germany,South Africa,66612.73,EUR,SEPA,63.71,Medium,False,Yes
TX-108299,2024-06-23 19:44:26.105434,Australia,Italy,6737.52,AUD,ACH,44.0,Medium,False,Yes
TX-108300,2025-01-29 08:04:33.105434,Brazil,Canada,87611.13,BRL,ACH,71.64,High,True,Yes
TX-108301,2024-06-07 23:03:55.105434,South Africa,South Africa,93913.01,ZAR,Wire,82.46,High,True,Yes
TX-108302,2024-08-16 04:17:34.105434,Canada,UK,61828.95,CAD,ACH,59.05,Medium,False,Yes
TX-108303,2024-09-23 12:47:04.105434,Japan,China,88150.96,JPY,RTGS,87.18,High,True,Yes
TX-108304,2024-04-08 02:43:54.105434,India,Netherlands,13231.46,INR,ACH,51.46,Medium,False,Yes
TX-108305,2024-09-17 20:27:28.105434,Germany,France,79765.15,EUR,ACH,83.0,High,True,Yes
TX-108306,2024-05-21 23:02:57.105434,Australia,South Africa,12002.9,AUD,ACH,95.2,High,True,Yes
TX-108307,2024-04-24 10:14:41.105434,Italy,Germany,40860.22,EUR,Wire,50.12,Medium,False,Yes
TX-108308,2024-07-18 00:48:36.105434,India,China,32449.47,INR,SEPA,60.5,Medium,False,Yes
TX-108309,2024-08-20 09:37:43.105434,France,Japan,58600.62,EUR,SEPA,60.95,Medium,False,Yes
TX-108310,2024-05-23 14:07:39.105434,Netherlands,Spain,30221.3,EUR,SEPA,78.14,High,True,Yes
TX-108311,2025-03-14 03:14:56.105434,Spain,UK,63767.63,EUR,SWIFT,82.3,High,True,Yes
TX-108312,2024-08-04 14:58:00.105434,UK,China,36801.99,GBP,ACH,2.72,Low,False,Yes
TX-108313,2024-05-13 20:29:47.105434,India,Japan,86092.96,INR,RTGS,73.34,High,True,Yes
TX-108314,2024-07-25 22:13:52.105434,Brazil,Netherlands,63425.0,BRL,SWIFT,78.38,High,True,Yes
TX-108315,2025-01-31 12:51:35.105434,USA,China,21608.3,USD,SWIFT,70.04,High,True,Yes
TX-108316,2024-05-28 01:51:51.105434,Brazil,Netherlands,33679.33,BRL,RTGS,71.37,High,True,Yes
TX-108317,2025-02-09 11:25:58.105434,Netherlands,France,84757.35,EUR,SEPA,4.14,Low,False,Yes
TX-108318,2024-05-26 08:43:03.105434,Japan,USA,38709.33,JPY,ACH,44.2,Medium,False,Yes
TX-108319,2024-11-04 08:07:23.105434,Japan,South Africa,53626.33,JPY,Wire,81.82,High,True,Yes
TX-108320,2024-07-30 04:18:29.105434,Canada,Russia,64929.3,CAD,ACH,93.4,High,True,Yes
TX-108321,2024-11-18 00:56:33.106419,France,Italy,34846.18,EUR,RTGS,22.95,Low,False,Yes
TX-108322,2024-03-25 13:51:49.106419,Australia,UK,29468.47,AUD,SEPA,57.92,Medium,False,Yes
TX-108323,2024-09-27 05:06:53.106419,India,Italy,47577.96,INR,SWIFT,80.43,High,True,Yes
TX-108324,2024-05-02 17:44:24.106419,France,India,21566.61,EUR,SEPA,75.24,High,True,Yes
TX-108325,2025-02-22 07:28:24.106419,Germany,USA,28492.64,EUR,SWIFT,61.89,Medium,False,Yes
TX-108326,2024-03-27 14:30:52.106419,Spain,Australia,6301.64,EUR,SWIFT,1.87,Low,False,Yes
TX-108327,2024-12-30 16:07:16.106419,Netherlands,South Africa,30466.63,EUR,SWIFT,72.39,High,True,Yes
TX-108328,2025-01-13 05:25:55.106419,USA,South Africa,32138.34,USD,SEPA,77.32,High,True,Yes
TX-108329,2024-08-28 12:40:19.106419,Russia,Russia,96187.13,RUB,SWIFT,72.28,High,True,Yes
TX-108330,2024-12-14 09:52:54.106419,India,Japan,59013.91,INR,SEPA,76.58,High,True,Yes
TX-108331,2024-11-18 02:36:27.106419,Germany,Australia,78759.5,EUR,Wire,43.09,Medium,False,Yes
TX-108332,2024-11-16 12:10:52.106419,Canada,Russia,4633.19,CAD,Wire,99.38,High,True,Yes
TX-108333,2024-04-24 05:14:06.106419,Germany,USA,10743.02,EUR,ACH,77.08,High,True,Yes
TX-108334,2024-05-04 00:59:44.106419,India,Canada,81472.24,INR,SWIFT,57.87,Medium,False,Yes
TX-108335,2024-05-15 10:41:55.106419,Italy,USA,62392.6,EUR,ACH,93.42,High,True,Yes
TX-108336,2024-10-20 23:18:53.106419,Spain,France,19179.1,EUR,SWIFT,90.82,High,True,Yes
TX-108337,2024-07-23 21:42:06.106419,USA,Russia,40539.06,USD,SEPA,81.46,High,True,Yes
TX-108338,2024-06-09 16:30:17.106419,UK,India,53913.38,GBP,SWIFT,56.37,Medium,False,Yes
TX-108339,2025-01-24 22:06:03.106419,South Africa,Canada,84376.62,ZAR,ACH,52.71,Medium,False,Yes
TX-108340,2024-05-04 22:53:29.106419,France,Spain,6135.16,EUR,RTGS,32.87,Low,False,Yes
TX-108341,2024-12-16 16:20:19.106419,China,China,59712.56,CNY,ACH,25.09,Low,False,Yes
TX-108342,2025-02-23 06:18:05.106419,Canada,Canada,71731.89,CAD,ACH,51.24,Medium,False,Yes
TX-108343,2024-09-13 07:05:51.106419,Italy,Russia,97791.4,EUR,SWIFT,57.78,Medium,False,Yes
TX-108344,2024-08-15 08:51:55.106419,South Africa,France,80735.29,ZAR,Wire,24.45,Low,False,Yes
TX-108345,2025-02-06 22:12:39.106419,Germany,China,27695.11,EUR,RTGS,92.26,High,True,Yes
TX-108346,2024-04-08 14:17:59.106419,USA,Australia,70986.96,USD,RTGS,55.73,Medium,False,Yes
TX-108347,2024-06-01 21:21:54.106419,USA,Brazil,76351.46,USD,Wire,52.65,Medium,False,Yes
TX-108348,2024-03-20 19:44:36.106419,China,Spain,73000.58,CNY,RTGS,43.56,Medium,False,Yes
TX-108349,2025-02-08 12:51:23.106419,South Africa,Russia,82032.39,ZAR,SEPA,5.81,Low,False,Yes
TX-108350,2024-07-23 03:17:39.106419,Brazil,USA,90382.62,BRL,RTGS,88.24,High,True,Yes
TX-108351,2024-10-20 19:55:58.106419,Australia,Canada,9933.14,AUD,RTGS,31.7,Low,False,Yes
TX-108352,2024-11-08 21:39:39.106419,Brazil,Brazil,10565.91,BRL,Wire,64.25,Medium,False,Yes
TX-108353,2025-03-12 10:16:23.106419,China,China,79660.36,CNY,RTGS,60.74,Medium,False,Yes
TX-108354,2024-11-19 04:27:27.106419,UK,India,25312.01,GBP,SEPA,58.45,Medium,False,Yes
TX-108355,2024-05-18 22:57:29.106419,Spain,Japan,5948.29,EUR,SWIFT,52.57,Medium,False,Yes
TX-108356,2024-07-11 05:01:11.106419,South Africa,Brazil,40182.8,ZAR,SWIFT,18.14,Low,False,Yes
TX-108357,2024-04-16 18:18:08.106419,Canada,Brazil,82005.7,CAD,ACH,28.06,Low,False,Yes
TX-108358,2024-03-19 20:49:29.106419,Germany,USA,12743.85,EUR,Wire,52.42,Medium,False,Yes
TX-108359,2024-11-14 22:27:42.106419,UK,Brazil,67217.01,GBP,RTGS,78.93,High,True,Yes
TX-108360,2024-05-29 07:41:36.106419,Australia,Germany,461.22,AUD,RTGS,43.2,Medium,False,Yes
TX-108361,2024-05-17 09:01:09.106419,Canada,Japan,11062.77,CAD,SEPA,20.39,Low,False,Yes
TX-108362,2024-03-18 06:15:32.106419,India,UK,35149.95,INR,ACH,8.79,Low,False,Yes
TX-108363,2024-04-24 10:43:48.106419,China,Japan,8451.87,CNY,SWIFT,66.3,Medium,False,Yes
TX-108364,2024-06-04 03:41:32.106419,Spain,Brazil,84605.58,EUR,SWIFT,42.33,Medium,False,Yes
TX-108365,2025-02-17 22:34:15.106419,Netherlands,Australia,86420.64,EUR,RTGS,12.54,Low,False,Yes
TX-108366,2024-09-23 13:42:54.106419,South Africa,UK,75581.51,ZAR,ACH,67.45,Medium,False,Yes
TX-108367,2024-05-22 16:20:07.106419,India,Germany,24323.72,INR,SWIFT,20.76,Low,False,Yes
TX-108368,2025-01-27 11:31:35.106419,USA,Netherlands,52372.38,USD,SWIFT,50.9,Medium,False,Yes
TX-108369,2025-01-06 18:48:23.106419,USA,India,18500.43,USD,ACH,30.62,Low,False,Yes
TX-108370,2025-02-25 08:07:43.106419,Spain,India,28199.72,EUR,SEPA,93.17,High,True,Yes
TX-108371,2024-07-10 11:42:02.106419,India,Russia,51648.93,INR,SWIFT,22.83,Low,False,Yes
TX-108372,2025-02-25 04:56:35.106419,UK,UK,73527.88,GBP,ACH,41.99,Medium,False,Yes
TX-108373,2024-08-03 11:20:02.106419,Brazil,France,9555.97,BRL,Wire,95.95,High,True,Yes
TX-108374,2025-02-03 23:31:32.106419,Japan,India,29740.0,JPY,ACH,31.87,Low,False,Yes
TX-108375,2025-01-05 11:39:15.106419,South Africa,France,92669.47,ZAR,RTGS,64.46,Medium,False,Yes
TX-108376,2024-04-03 12:11:20.106419,Canada,Brazil,42969.42,CAD,SWIFT,31.67,Low,False,Yes
TX-108377,2025-01-03 14:32:16.106419,UK,Netherlands,93893.08,GBP,SWIFT,11.07,Low,False,Yes
TX-108378,2024-12-04 19:10:46.106419,Australia,USA,99140.91,AUD,SWIFT,62.75,Medium,False,Yes
TX-108379,2024-03-31 05:47:34.106419,Germany,South Africa,52713.32,EUR,ACH,91.6,High,True,Yes
TX-108380,2024-12-22 20:50:23.106419,Spain,Australia,28875.6,EUR,SWIFT,45.26,Medium,False,Yes
TX-108381,2024-03-20 17:41:50.106419,Japan,China,79098.6,JPY,Wire,62.62,Medium,False,Yes
TX-108382,2024-03-23 13:24:55.106419,South Africa,Brazil,16015.14,ZAR,SWIFT,60.89,Medium,False,Yes
TX-108383,2024-11-04 07:55:11.106419,India,Germany,25279.48,INR,Wire,41.51,Medium,False,Yes
TX-108384,2024-09-28 14:32:07.106419,South Africa,Canada,78509.5,ZAR,Wire,61.49,Medium,False,Yes
TX-108385,2025-02-01 11:16:29.106419,Spain,Canada,43421.23,EUR,ACH,25.93,Low,False,Yes
TX-108386,2024-12-19 02:33:55.106419,South Africa,USA,20233.64,ZAR,RTGS,37.8,Low,False,Yes
TX-108387,2024-08-21 20:05:26.106419,Netherlands,UK,65147.46,EUR,SEPA,44.23,Medium,False,Yes
TX-108388,2024-12-31 07:05:58.106419,Australia,China,73302.91,AUD,SEPA,86.4,High,True,Yes
TX-108389,2024-12-19 17:27:32.106419,Brazil,Netherlands,12594.62,BRL,Wire,34.83,Low,False,Yes
TX-108390,2024-09-15 08:21:40.106419,Germany,Canada,27770.33,EUR,ACH,63.51,Medium,False,Yes
TX-108391,2024-03-20 16:06:21.106419,USA,Japan,22205.55,USD,ACH,21.34,Low,False,Yes
TX-108392,2024-10-20 00:24:18.106419,Brazil,Canada,38047.48,BRL,ACH,25.26,Low,False,Yes
TX-108393,2024-10-11 17:19:23.106419,Italy,Germany,76368.15,EUR,SEPA,64.84,Medium,False,Yes
TX-108394,2024-05-30 04:03:21.106419,Spain,Germany,71399.44,EUR,SEPA,76.23,High,True,Yes
TX-108395,2024-06-18 13:13:22.106419,Brazil,Canada,66286.14,BRL,RTGS,46.21,Medium,False,Yes
TX-108396,2024-05-21 00:39:49.106419,UK,Australia,727.93,GBP,ACH,33.51,Low,False,Yes
TX-108397,2025-02-02 13:13:18.106419,France,USA,14300.12,EUR,SEPA,91.03,High,True,Yes
TX-108398,2024-12-20 14:57:04.106419,Netherlands,Russia,22407.43,EUR,ACH,13.58,Low,False,Yes
TX-108399,2024-10-21 14:54:39.106419,USA,Japan,27268.39,USD,SEPA,72.07,High,True,Yes
TX-108400,2024-06-20 09:19:22.106419,Australia,Australia,14728.01,AUD,SEPA,69.02,Medium,False,Yes
TX-108401,2024-07-01 19:40:14.106419,Brazil,Italy,41090.52,BRL,RTGS,69.02,Medium,False,Yes
TX-108402,2024-03-30 16:21:01.106419,Australia,USA,7610.54,AUD,ACH,93.54,High,True,Yes
TX-108403,2024-08-16 09:05:51.106419,Japan,Netherlands,75027.22,JPY,ACH,72.82,High,True,Yes
TX-108404,2024-05-31 14:20:14.106419,France,Canada,78793.31,EUR,SWIFT,30.16,Low,False,Yes
TX-108405,2024-10-18 00:23:50.106419,Japan,France,57469.24,JPY,ACH,35.34,Low,False,Yes
TX-108406,2024-05-07 06:31:04.106419,Brazil,Italy,9061.52,BRL,SWIFT,39.11,Low,False,Yes
TX-108407,2024-08-06 21:16:57.106419,Australia,Australia,89019.31,AUD,SEPA,3.08,Low,False,Yes
TX-108408,2024-04-22 14:56:26.106419,Germany,UK,96567.02,EUR,ACH,91.35,High,True,Yes
TX-108409,2024-08-30 22:05:30.106419,China,Russia,20316.12,CNY,RTGS,7.36,Low,False,Yes
TX-108410,2024-09-24 21:47:28.106419,UK,Germany,70493.52,GBP,SEPA,69.98,Medium,False,Yes
TX-108411,2024-12-04 04:09:56.106419,Japan,Russia,84209.67,JPY,ACH,73.02,High,True,Yes
TX-108412,2024-06-24 15:42:40.106419,Spain,Russia,54030.37,EUR,SEPA,84.37,High,True,Yes
TX-108413,2024-07-17 00:43:15.106419,Spain,Japan,32399.98,EUR,SEPA,55.34,Medium,False,Yes
TX-108414,2024-07-12 11:59:02.106419,Brazil,France,47908.02,BRL,RTGS,72.53,High,True,Yes
TX-108415,2024-11-06 13:30:56.106419,Australia,Russia,51275.65,AUD,RTGS,30.27,Low,False,Yes
TX-108416,2024-05-22 21:24:46.106419,France,China,40123.64,EUR,SEPA,74.56,High,True,Yes
TX-108417,2024-10-21 14:05:41.106419,Russia,India,92991.27,RUB,Wire,34.34,Low,False,Yes
TX-108418,2024-12-15 06:30:49.106419,Russia,Australia,74413.92,RUB,SEPA,90.28,High,True,Yes
TX-108419,2024-08-11 14:19:30.106419,China,Russia,24206.03,CNY,SWIFT,16.34,Low,False,Yes
TX-108420,2025-02-23 22:42:51.106419,Netherlands,India,58597.16,EUR,ACH,31.58,Low,False,Yes
TX-108421,2024-08-16 00:23:29.106419,Russia,China,68900.05,RUB,SWIFT,49.88,Medium,False,Yes
TX-108422,2025-01-15 14:56:53.106419,Japan,Canada,14101.63,JPY,Wire,77.59,High,True,Yes
TX-108423,2025-03-06 00:55:02.106419,UK,Italy,35906.73,GBP,SWIFT,74.88,High,True,Yes
TX-108424,2024-04-27 13:54:14.106419,Canada,UK,90564.27,CAD,ACH,21.07,Low,False,Yes
TX-108425,2025-02-04 11:36:11.106419,Japan,India,56760.59,JPY,ACH,14.42,Low,False,Yes
TX-108426,2025-01-19 16:43:12.106419,UK,USA,21778.07,GBP,ACH,30.4,Low,False,Yes
TX-108427,2024-07-31 13:24:32.106419,Australia,UK,12366.2,AUD,Wire,48.38,Medium,False,Yes
TX-108428,2024-03-23 23:01:24.106419,France,UK,51870.87,EUR,RTGS,53.9,Medium,False,Yes
TX-108429,2024-07-20 22:24:11.106419,Russia,Russia,54813.8,RUB,Wire,42.91,Medium,False,Yes
TX-108430,2024-06-04 00:44:25.106419,France,Brazil,33508.0,EUR,RTGS,66.31,Medium,False,Yes
TX-108431,2024-04-08 19:39:15.106419,Japan,India,63078.56,JPY,ACH,42.76,Medium,False,Yes
TX-108432,2024-05-29 20:35:55.106419,Spain,Germany,6961.6,EUR,RTGS,94.63,High,True,Yes
TX-108433,2024-06-06 17:19:59.106419,Australia,UK,14599.46,AUD,ACH,26.1,Low,False,Yes
TX-108434,2024-12-06 15:21:41.107416,USA,Japan,54672.75,USD,RTGS,62.74,Medium,False,Yes
TX-108435,2024-03-19 05:56:13.107416,South Africa,Brazil,6275.39,ZAR,Wire,61.14,Medium,False,Yes
TX-108436,2024-10-26 16:12:30.107416,India,Brazil,88102.79,INR,ACH,28.16,Low,False,Yes
TX-108437,2024-05-24 05:13:10.107416,Japan,Japan,14300.42,JPY,SWIFT,41.17,Medium,False,Yes
TX-108438,2024-06-19 10:59:04.107416,Italy,Germany,67424.6,EUR,SEPA,36.55,Low,False,Yes
TX-108439,2024-11-26 14:29:47.107416,Brazil,Australia,39181.22,BRL,RTGS,17.25,Low,False,Yes
TX-108440,2024-10-23 17:16:45.107416,UK,Australia,40038.8,GBP,SWIFT,47.73,Medium,False,Yes
TX-108441,2024-06-22 00:35:38.107416,Netherlands,France,76512.46,EUR,ACH,38.67,Low,False,Yes
TX-108442,2024-09-08 05:13:28.107416,USA,France,49996.27,USD,ACH,17.83,Low,False,Yes
TX-108443,2024-09-15 05:47:51.107416,China,India,72592.98,CNY,RTGS,44.99,Medium,False,Yes
TX-108444,2024-07-10 10:03:46.107416,Russia,Canada,50568.6,RUB,SEPA,42.18,Medium,False,Yes
TX-108445,2024-03-17 16:15:26.107416,Spain,China,59331.24,EUR,SEPA,13.14,Low,False,Yes
TX-108446,2024-11-02 18:06:00.107416,South Africa,Australia,76095.39,ZAR,ACH,13.12,Low,False,Yes
TX-108447,2024-04-05 00:18:13.107416,China,Spain,60770.14,CNY,SEPA,64.75,Medium,False,Yes
TX-108448,2025-02-12 18:46:55.107416,Germany,India,61599.95,EUR,SWIFT,70.66,High,True,Yes
TX-108449,2024-04-10 05:07:09.107416,Spain,France,78943.04,EUR,Wire,94.12,High,True,Yes
TX-108450,2024-10-14 14:57:37.107416,Brazil,Italy,94913.77,BRL,SWIFT,8.7,Low,False,Yes
TX-108451,2024-07-09 01:24:23.107416,Canada,Italy,37733.94,CAD,Wire,11.79,Low,False,Yes
TX-108452,2024-08-23 20:34:41.107416,India,Brazil,57754.0,INR,SEPA,5.18,Low,False,Yes
TX-108453,2024-10-23 12:20:27.107416,Japan,South Africa,8718.69,JPY,ACH,53.22,Medium,False,Yes
TX-108454,2024-09-02 05:28:56.107416,Russia,Canada,35944.51,RUB,SWIFT,62.27,Medium,False,Yes
TX-108455,2024-08-02 23:11:03.107416,Italy,Australia,41263.72,EUR,SWIFT,40.35,Medium,False,Yes
TX-108456,2024-08-10 19:28:31.107416,Germany,Italy,83540.21,EUR,ACH,79.79,High,True,Yes
TX-108457,2024-04-28 05:05:12.107416,Japan,Russia,51387.9,JPY,RTGS,68.67,Medium,False,Yes
TX-108458,2024-10-01 18:11:17.107416,India,Italy,73133.53,INR,Wire,98.58,High,True,Yes
TX-108459,2024-09-12 19:09:00.107416,Australia,UK,1998.84,AUD,ACH,13.79,Low,False,Yes
TX-108460,2024-12-30 07:32:54.107416,South Africa,USA,46502.82,ZAR,SWIFT,5.83,Low,False,Yes
TX-108461,2024-10-21 12:01:08.107416,Japan,France,90141.63,JPY,SEPA,27.48,Low,False,Yes
TX-108462,2025-02-11 14:07:11.107416,UK,Australia,22508.96,GBP,Wire,1.91,Low,False,Yes
TX-108463,2024-07-21 20:06:07.107416,China,Canada,3249.07,CNY,ACH,93.26,High,True,Yes
TX-108464,2024-10-02 22:30:58.107416,France,China,43397.53,EUR,Wire,30.4,Low,False,Yes
TX-108465,2024-04-01 02:38:00.107416,Spain,Italy,70472.74,EUR,ACH,55.24,Medium,False,Yes
TX-108466,2025-03-05 05:09:35.107416,Italy,USA,45500.9,EUR,RTGS,31.81,Low,False,Yes
TX-108467,2024-11-05 13:28:05.107416,India,China,46051.83,INR,RTGS,24.58,Low,False,Yes
TX-108468,2024-10-21 20:06:19.107416,Spain,France,67013.52,EUR,SWIFT,15.24,Low,False,Yes
TX-108469,2024-12-02 18:34:11.107416,Canada,USA,25513.44,CAD,SWIFT,32.04,Low,False,Yes
TX-108470,2025-02-20 21:00:26.107416,Canada,India,75213.79,CAD,SWIFT,61.54,Medium,False,Yes
TX-108471,2025-02-15 17:45:03.107416,Japan,India,15396.04,JPY,SEPA,97.16,High,True,Yes
TX-108472,2024-09-22 18:51:06.107416,India,Netherlands,39635.49,INR,Wire,55.81,Medium,False,Yes
TX-108473,2024-10-01 11:20:39.107416,Canada,India,65635.21,CAD,ACH,53.27,Medium,False,Yes
TX-108474,2024-12-19 15:02:14.107416,USA,China,82854.06,USD,ACH,3.53,Low,False,Yes
TX-108475,2024-04-25 00:20:24.107416,Russia,Australia,79173.95,RUB,ACH,84.01,High,True,Yes
TX-108476,2024-07-16 10:38:45.107416,UK,USA,72196.39,GBP,SWIFT,4.48,Low,False,Yes
TX-108477,2024-12-04 00:16:40.107416,UK,Netherlands,35973.73,GBP,Wire,90.62,High,True,Yes
TX-108478,2024-10-19 05:21:34.107416,Russia,Netherlands,12318.2,RUB,SEPA,53.87,Medium,False,Yes
TX-108479,2024-05-04 19:29:43.107416,USA,Spain,21761.74,USD,RTGS,16.85,Low,False,Yes
TX-108480,2025-02-01 05:33:54.107416,Germany,UK,86496.9,EUR,SEPA,45.17,Medium,False,Yes
TX-108481,2025-03-08 14:04:06.107416,Canada,Australia,85747.4,CAD,SWIFT,99.5,High,True,Yes
TX-108482,2025-02-07 21:13:36.107416,Australia,Netherlands,95160.93,AUD,SEPA,30.51,Low,False,Yes
TX-108483,2024-05-07 06:57:21.107416,Germany,Brazil,7691.27,EUR,SWIFT,26.95,Low,False,Yes
TX-108484,2025-01-15 23:07:43.107416,Canada,Australia,53727.23,CAD,Wire,11.8,Low,False,Yes
TX-108485,2024-05-29 20:08:47.107416,USA,France,64903.44,USD,Wire,59.71,Medium,False,Yes
TX-108486,2024-10-02 02:20:22.107416,China,USA,71094.67,CNY,Wire,8.92,Low,False,Yes
TX-108487,2024-09-21 21:27:14.107416,India,UK,64421.94,INR,RTGS,76.6,High,True,Yes
TX-108488,2024-11-11 05:17:43.107416,Russia,Spain,77024.14,RUB,Wire,91.92,High,True,Yes
TX-108489,2024-12-12 08:46:00.107416,Italy,Japan,36011.21,EUR,SEPA,93.19,High,True,Yes
TX-108490,2024-05-03 23:12:55.107416,India,Russia,18025.33,INR,RTGS,10.79,Low,False,Yes
TX-108491,2024-04-20 19:20:07.107416,Australia,Russia,20537.88,AUD,ACH,55.83,Medium,False,Yes
TX-108492,2025-01-25 18:02:00.107416,Japan,Japan,1296.67,JPY,SWIFT,9.71,Low,False,Yes
TX-108493,2024-04-22 07:22:33.107416,China,Germany,35097.16,CNY,SWIFT,57.2,Medium,False,Yes
TX-108494,2024-11-14 19:03:07.107416,Brazil,Spain,9265.23,BRL,Wire,81.5,High,True,Yes
TX-108495,2024-07-02 01:26:37.107416,China,Netherlands,32216.72,CNY,Wire,53.78,Medium,False,Yes
TX-108496,2024-05-25 12:51:38.107416,France,Brazil,62858.19,EUR,ACH,87.21,High,True,Yes
TX-108497,2024-03-29 03:58:13.107416,USA,Japan,89458.36,USD,RTGS,80.17,High,True,Yes
TX-108498,2024-10-06 19:19:38.107416,Spain,Italy,83976.58,EUR,SEPA,27.65,Low,False,Yes
TX-108499,2024-07-20 18:36:06.107416,Germany,Japan,25342.15,EUR,Wire,63.01,Medium,False,Yes
TX-108500,2025-01-09 18:36:56.107416,China,Canada,13494.91,CNY,RTGS,0.74,Low,False,Yes
TX-108501,2024-11-11 22:28:23.107416,Brazil,UK,19387.92,BRL,ACH,39.6,Low,False,Yes
TX-108502,2024-05-05 12:25:28.107416,Canada,India,97101.57,CAD,ACH,23.8,Low,False,Yes
TX-108503,2024-07-20 05:22:11.107416,USA,UK,54992.5,USD,SWIFT,93.71,High,True,Yes
TX-108504,2024-07-04 14:56:43.107416,Netherlands,Spain,18331.97,EUR,SWIFT,40.54,Medium,False,Yes
TX-108505,2024-04-10 10:31:02.107416,Netherlands,India,84090.54,EUR,ACH,65.41,Medium,False,Yes
TX-108506,2025-01-25 19:49:32.107416,Germany,Brazil,39579.61,EUR,ACH,73.2,High,True,Yes
TX-108507,2024-03-27 02:59:19.107416,India,China,89932.29,INR,SWIFT,77.32,High,True,Yes
TX-108508,2024-10-18 04:33:36.107416,Australia,Spain,26141.64,AUD,SEPA,73.58,High,True,Yes
TX-108509,2024-07-21 06:03:29.107416,Netherlands,Australia,39382.85,EUR,RTGS,28.92,Low,False,Yes
TX-108510,2024-12-22 03:43:58.107416,Netherlands,Brazil,50544.28,EUR,SEPA,68.61,Medium,False,Yes
TX-108511,2024-07-09 11:52:59.107416,Russia,Russia,89272.27,RUB,ACH,54.9,Medium,False,Yes
TX-108512,2024-12-08 11:01:19.107416,Canada,South Africa,86888.87,CAD,ACH,59.74,Medium,False,Yes
TX-108513,2024-11-12 03:41:09.107416,Australia,UK,57478.07,AUD,SEPA,0.08,Low,False,Yes
TX-108514,2024-11-04 04:11:58.107416,South Africa,France,22255.37,ZAR,Wire,25.83,Low,False,Yes
TX-108515,2024-11-13 23:55:16.107416,India,South Africa,40395.36,INR,Wire,93.07,High,True,Yes
TX-108516,2024-11-01 11:56:34.107416,USA,South Africa,97565.74,USD,SEPA,29.01,Low,False,Yes
TX-108517,2024-12-21 13:35:47.107416,Spain,India,60816.55,EUR,SWIFT,43.8,Medium,False,Yes
TX-108518,2024-10-12 08:49:58.107416,Japan,France,78131.67,JPY,SWIFT,18.67,Low,False,Yes
TX-108519,2025-01-08 09:06:08.107416,Brazil,Netherlands,45041.48,BRL,Wire,13.86,Low,False,Yes
TX-108520,2024-10-23 14:26:47.107416,Netherlands,Italy,53247.53,EUR,RTGS,20.87,Low,False,Yes
TX-108521,2024-12-10 08:02:19.107416,Italy,Canada,42952.52,EUR,SEPA,55.36,Medium,False,Yes
TX-108522,2024-07-14 01:33:18.107416,Russia,Netherlands,70321.81,RUB,ACH,91.9,High,True,Yes
TX-108523,2024-09-11 15:31:06.107416,Spain,Russia,85161.95,EUR,SWIFT,32.62,Low,False,Yes
TX-108524,2024-04-22 09:03:49.107416,South Africa,India,50785.62,ZAR,SWIFT,32.34,Low,False,Yes
TX-108525,2024-07-02 22:21:12.107416,Brazil,Australia,48138.66,BRL,SEPA,56.41,Medium,False,Yes
TX-108526,2024-06-20 21:49:21.107416,USA,Italy,34094.62,USD,SEPA,35.67,Low,False,Yes
TX-108527,2024-04-06 06:39:32.107416,Russia,Australia,17791.96,RUB,SEPA,91.04,High,True,Yes
TX-108528,2024-06-22 07:09:41.107416,China,China,93930.85,CNY,SWIFT,37.78,Low,False,Yes
TX-108529,2024-05-17 18:23:20.107416,France,India,31676.36,EUR,RTGS,49.04,Medium,False,Yes
TX-108530,2024-11-10 01:11:05.107416,Japan,UK,80089.08,JPY,SEPA,53.34,Medium,False,Yes
TX-108531,2024-06-18 00:51:33.107416,USA,China,71563.17,USD,SEPA,78.21,High,True,Yes
TX-108532,2024-06-16 02:15:33.107416,Brazil,Brazil,79112.67,BRL,ACH,56.39,Medium,False,Yes
TX-108533,2025-02-22 01:19:24.107416,Canada,Netherlands,93683.14,CAD,SEPA,23.92,Low,False,Yes
TX-108534,2024-10-01 14:35:44.107416,Russia,Japan,62374.74,RUB,SWIFT,12.4,Low,False,Yes
TX-108535,2024-03-17 23:55:37.107416,France,South Africa,89805.24,EUR,SWIFT,93.78,High,True,Yes
TX-108536,2024-12-05 01:48:34.107416,Canada,India,16852.96,CAD,SEPA,80.16,High,True,Yes
TX-108537,2024-10-15 08:51:09.107416,Germany,Japan,62708.59,EUR,Wire,2.3,Low,False,Yes
TX-108538,2024-08-16 19:24:52.107416,Japan,France,77250.33,JPY,Wire,82.15,High,True,Yes
TX-108539,2024-09-19 19:45:39.107416,Canada,UK,27236.95,CAD,ACH,59.06,Medium,False,Yes
TX-108540,2024-12-27 04:52:21.107416,Canada,Brazil,74101.3,CAD,Wire,51.89,Medium,False,Yes
TX-108541,2024-12-16 00:22:39.107416,Brazil,Spain,77869.84,BRL,Wire,1.22,Low,False,Yes
TX-108542,2024-07-18 00:45:41.107416,Germany,China,83135.68,EUR,ACH,78.09,High,True,Yes
TX-108543,2024-09-15 15:33:58.107416,Japan,China,31357.0,JPY,SWIFT,19.81,Low,False,Yes
TX-108544,2024-10-10 11:27:09.107416,Italy,Spain,68192.5,EUR,SEPA,72.8,High,True,Yes
TX-108545,2024-04-07 22:42:00.107416,Germany,China,30494.9,EUR,RTGS,1.59,Low,False,Yes
TX-108546,2024-06-04 15:47:52.107416,Germany,China,73930.13,EUR,Wire,79.64,High,True,Yes
TX-108547,2025-01-03 04:21:14.107416,Japan,Russia,46351.07,JPY,Wire,2.3,Low,False,Yes
TX-108548,2025-02-03 05:14:06.107416,India,Italy,59794.68,INR,ACH,23.59,Low,False,Yes
TX-108549,2024-05-11 01:52:40.107416,Germany,Canada,41642.41,EUR,ACH,26.83,Low,False,Yes
TX-108550,2024-10-30 06:16:32.107416,China,USA,16282.09,CNY,RTGS,15.75,Low,False,Yes
TX-108551,2024-11-24 18:12:56.108416,India,USA,17885.15,INR,Wire,48.11,Medium,False,Yes
TX-108552,2024-11-14 23:56:56.108416,UK,Russia,7849.13,GBP,Wire,28.37,Low,False,Yes
TX-108553,2024-10-29 04:43:10.108416,Japan,Brazil,61845.46,JPY,Wire,99.33,High,True,Yes
TX-108554,2024-05-10 16:07:22.108416,Brazil,UK,84878.98,BRL,SWIFT,58.0,Medium,False,Yes
TX-108555,2025-01-17 10:03:38.108416,Japan,Germany,2181.6,JPY,SEPA,56.65,Medium,False,Yes
TX-108556,2024-08-17 06:59:39.108416,Italy,Canada,6717.33,EUR,SWIFT,22.09,Low,False,Yes
TX-108557,2024-07-06 15:21:54.108416,Brazil,India,45800.95,BRL,SWIFT,40.87,Medium,False,Yes
TX-108558,2024-10-07 03:27:18.108416,Canada,Canada,73798.3,CAD,Wire,12.4,Low,False,Yes
TX-108559,2025-02-05 10:20:52.108416,South Africa,Australia,15854.99,ZAR,ACH,76.25,High,True,Yes
TX-108560,2024-08-30 08:30:28.108416,India,Netherlands,27237.97,INR,SWIFT,33.12,Low,False,Yes
TX-108561,2024-12-21 17:56:20.108416,China,India,23277.42,CNY,ACH,75.2,High,True,Yes
TX-108562,2024-11-21 07:10:19.108416,Spain,Australia,39965.22,EUR,SEPA,37.17,Low,False,Yes
TX-108563,2024-09-24 00:11:29.108416,India,Spain,22577.37,INR,SWIFT,98.88,High,True,Yes
TX-108564,2024-06-02 22:15:55.108416,Australia,South Africa,35324.61,AUD,Wire,17.11,Low,False,Yes
TX-108565,2025-02-16 00:19:07.108416,Brazil,Germany,72881.41,BRL,SEPA,0.15,Low,False,Yes
TX-108566,2024-09-15 18:47:57.108416,India,South Africa,61139.82,INR,Wire,59.48,Medium,False,Yes
TX-108567,2024-03-20 21:25:48.108416,Italy,South Africa,8210.05,EUR,RTGS,95.3,High,True,Yes
TX-108568,2025-01-28 11:25:09.108416,Netherlands,Netherlands,63810.79,EUR,ACH,64.71,Medium,False,Yes
TX-108569,2025-02-13 21:58:17.108416,Canada,Brazil,47760.01,CAD,SWIFT,8.57,Low,False,Yes
TX-108570,2024-11-22 20:35:31.108416,UK,South Africa,93463.1,GBP,RTGS,54.05,Medium,False,Yes
TX-108571,2024-09-05 07:47:16.108416,South Africa,Germany,29001.5,ZAR,Wire,90.95,High,True,Yes
TX-108572,2024-09-07 21:36:04.108416,UK,Canada,72644.03,GBP,SWIFT,0.65,Low,False,Yes
TX-108573,2024-05-11 06:25:19.108416,Japan,Netherlands,73113.0,JPY,SEPA,16.69,Low,False,Yes
TX-108574,2024-09-06 11:45:52.108416,Italy,Netherlands,22227.93,EUR,RTGS,81.46,High,True,Yes
TX-108575,2024-10-22 13:02:43.108416,Japan,UK,90332.04,JPY,Wire,89.39,High,True,Yes
TX-108576,2024-10-30 23:44:59.108416,Spain,Brazil,49169.2,EUR,SEPA,70.72,High,True,Yes
TX-108577,2024-09-05 16:34:22.108416,India,Netherlands,67920.45,INR,SWIFT,99.16,High,True,Yes
TX-108578,2024-09-06 06:55:49.108416,UK,Italy,14670.97,GBP,Wire,9.02,Low,False,Yes
TX-108579,2024-10-15 11:16:10.108416,Japan,South Africa,25854.61,JPY,SWIFT,54.57,Medium,False,Yes
TX-108580,2024-09-06 02:54:21.108416,China,Italy,58652.1,CNY,Wire,68.5,Medium,False,Yes
TX-108581,2024-07-28 01:42:52.108416,Australia,Netherlands,31970.82,AUD,SWIFT,70.26,High,True,Yes
TX-108582,2024-12-29 21:57:00.108416,Netherlands,Canada,50019.32,EUR,SEPA,79.35,High,True,Yes
TX-108583,2025-03-02 08:20:16.108416,Spain,USA,37463.12,EUR,RTGS,91.76,High,True,Yes
TX-108584,2025-01-03 20:40:19.108416,Netherlands,China,64091.32,EUR,ACH,36.16,Low,False,Yes
TX-108585,2025-03-01 09:44:11.108416,Spain,France,48765.82,EUR,ACH,4.3,Low,False,Yes
TX-108586,2024-04-11 14:24:51.108416,Japan,Canada,560.53,JPY,SWIFT,36.24,Low,False,Yes
TX-108587,2024-10-26 10:32:26.108416,Spain,USA,65003.12,EUR,RTGS,67.16,Medium,False,Yes
TX-108588,2024-11-18 23:06:22.108416,Russia,Russia,42269.94,RUB,SEPA,21.35,Low,False,Yes
TX-108589,2024-10-04 00:02:33.108416,Spain,Brazil,34235.66,EUR,SWIFT,81.0,High,True,Yes
TX-108590,2024-09-22 09:40:10.108416,Italy,Canada,9505.26,EUR,Wire,21.98,Low,False,Yes
TX-108591,2024-04-12 04:10:56.108416,South Africa,Australia,22114.93,ZAR,RTGS,1.01,Low,False,Yes
TX-108592,2024-03-28 08:07:29.108416,India,South Africa,22454.85,INR,SWIFT,50.81,Medium,False,Yes
TX-108593,2025-03-02 00:02:01.108416,Italy,Spain,93543.41,EUR,RTGS,72.65,High,True,Yes
TX-108594,2025-01-01 14:55:31.108416,Russia,China,43308.05,RUB,SEPA,34.97,Low,False,Yes
TX-108595,2024-06-12 07:55:19.108416,Brazil,India,4302.38,BRL,SWIFT,74.89,High,True,Yes
TX-108596,2024-08-20 00:56:36.108416,Spain,Russia,13967.79,EUR,ACH,43.84,Medium,False,Yes
TX-108597,2024-09-18 19:05:00.108416,China,USA,7995.36,CNY,SWIFT,17.17,Low,False,Yes
TX-108598,2024-08-06 20:42:52.108416,Germany,Netherlands,58928.05,EUR,ACH,9.06,Low,False,Yes
TX-108599,2024-10-09 09:34:44.108416,China,UK,18743.49,CNY,RTGS,71.06,High,True,Yes
TX-108600,2024-09-17 23:04:55.108416,Japan,Spain,49905.91,JPY,ACH,38.57,Low,False,Yes
TX-108601,2024-03-25 07:24:22.108416,Germany,Canada,37069.2,EUR,SWIFT,91.28,High,True,Yes
TX-108602,2024-05-28 12:29:45.108416,Italy,Brazil,80407.25,EUR,SWIFT,54.03,Medium,False,Yes
TX-108603,2024-12-30 03:43:11.108416,South Africa,Australia,32116.91,ZAR,SWIFT,34.84,Low,False,Yes
TX-108604,2025-02-11 12:44:35.108416,Japan,Italy,45880.72,JPY,SWIFT,34.9,Low,False,Yes
TX-108605,2024-08-19 01:34:22.108416,Netherlands,UK,72156.43,EUR,SWIFT,13.14,Low,False,Yes
TX-108606,2024-12-16 20:12:48.108416,Brazil,India,43391.79,BRL,SEPA,59.38,Medium,False,Yes
TX-108607,2024-05-08 22:04:09.108416,France,China,79342.23,EUR,SWIFT,58.22,Medium,False,Yes
TX-108608,2024-11-12 00:19:59.108416,Spain,Japan,66202.27,EUR,RTGS,80.0,High,True,Yes
TX-108609,2024-11-26 18:18:42.108416,Australia,Germany,41111.86,AUD,SWIFT,20.12,Low,False,Yes
TX-108610,2024-10-26 20:38:50.108416,Australia,Germany,50447.79,AUD,RTGS,29.08,Low,False,Yes
TX-108611,2024-09-14 16:51:58.108416,Italy,France,96723.63,EUR,RTGS,9.72,Low,False,Yes
TX-108612,2024-03-31 13:33:18.108416,USA,Australia,66194.99,USD,RTGS,29.53,Low,False,Yes
TX-108613,2024-12-11 03:28:17.108416,Brazil,Australia,90509.02,BRL,SWIFT,42.81,Medium,False,Yes
TX-108614,2024-05-27 23:46:13.108416,USA,India,17957.97,USD,Wire,96.4,High,True,Yes
TX-108615,2024-08-18 00:15:52.108416,France,France,48375.29,EUR,ACH,65.31,Medium,False,Yes
TX-108616,2024-06-07 04:18:30.108416,China,Germany,90875.3,CNY,ACH,78.29,High,True,Yes
TX-108617,2024-05-04 07:55:14.108416,USA,Germany,32328.94,USD,SEPA,32.55,Low,False,Yes
TX-108618,2024-04-18 17:36:30.108416,Japan,Brazil,96769.65,JPY,SWIFT,14.45,Low,False,Yes
TX-108619,2024-07-09 17:25:58.108416,UK,UK,9798.04,GBP,ACH,25.67,Low,False,Yes
TX-108620,2024-03-19 22:26:50.108416,Netherlands,Italy,90276.85,EUR,SWIFT,25.65,Low,False,Yes
TX-108621,2025-03-07 16:19:59.108416,France,Russia,44576.69,EUR,SWIFT,58.31,Medium,False,Yes
TX-108622,2025-01-17 23:54:31.108416,USA,Japan,7467.04,USD,SWIFT,34.15,Low,False,Yes
TX-108623,2024-06-22 03:38:34.108416,France,South Africa,87964.21,EUR,SEPA,85.74,High,True,Yes
TX-108624,2024-08-06 04:40:58.108416,Germany,South Africa,25268.83,EUR,SEPA,98.85,High,True,Yes
TX-108625,2024-04-13 10:49:53.108416,Germany,Germany,2322.79,EUR,Wire,34.33,Low,False,Yes
TX-108626,2024-07-26 02:54:54.108416,Russia,Canada,13667.13,RUB,RTGS,70.51,High,True,Yes
TX-108627,2024-06-19 14:56:46.108416,Spain,China,65945.56,EUR,ACH,65.75,Medium,False,Yes
TX-108628,2024-06-10 23:34:58.108416,USA,USA,97783.37,USD,Wire,19.45,Low,False,Yes
TX-108629,2024-08-01 20:50:31.108416,South Africa,India,11235.07,ZAR,SEPA,91.8,High,True,Yes
TX-108630,2024-11-17 18:53:14.108416,Russia,India,46248.61,RUB,SEPA,19.94,Low,False,Yes
TX-108631,2024-04-06 22:51:57.108416,Brazil,Canada,18145.59,BRL,Wire,73.7,High,True,Yes
TX-108632,2024-12-07 02:37:18.108416,Russia,Germany,74529.15,RUB,Wire,34.76,Low,False,Yes
TX-108633,2024-10-29 23:39:54.108416,France,USA,11894.08,EUR,RTGS,36.71,Low,False,Yes
TX-108634,2024-04-22 01:25:57.108416,Netherlands,South Africa,24060.19,EUR,SEPA,45.54,Medium,False,Yes
TX-108635,2024-05-29 15:24:44.108416,Japan,UK,19720.96,JPY,Wire,86.45,High,True,Yes
TX-108636,2024-03-18 13:06:51.108416,Japan,Netherlands,55296.73,JPY,RTGS,14.03,Low,False,Yes
TX-108637,2025-01-03 18:23:08.108416,Japan,USA,87331.09,JPY,SWIFT,5.46,Low,False,Yes
TX-108638,2024-10-14 00:01:50.108416,China,Spain,51157.91,CNY,SEPA,40.2,Medium,False,Yes
TX-108639,2025-03-15 12:04:03.108416,Netherlands,South Africa,5918.52,EUR,RTGS,5.56,Low,False,Yes
TX-108640,2024-06-08 23:31:29.108416,China,Italy,56382.55,CNY,SEPA,68.76,Medium,False,Yes
TX-108641,2024-11-07 16:41:47.108416,UK,China,79772.35,GBP,Wire,76.03,High,True,Yes
TX-108642,2024-10-25 11:09:57.108416,Canada,Japan,13302.4,CAD,RTGS,85.47,High,True,Yes
TX-108643,2024-12-23 13:09:18.108416,USA,Russia,7363.85,USD,SWIFT,74.38,High,True,Yes
TX-108644,2024-11-02 16:26:35.108416,Australia,Canada,18862.0,AUD,SWIFT,91.64,High,True,Yes
TX-108645,2024-09-02 00:58:56.108416,Spain,Spain,74634.02,EUR,SEPA,74.83,High,True,Yes
TX-108646,2024-04-27 22:48:08.108416,UK,UK,59208.87,GBP,Wire,93.61,High,True,Yes
TX-108647,2024-09-29 15:37:18.108416,UK,India,54105.41,GBP,Wire,19.31,Low,False,Yes
TX-108648,2024-06-21 08:12:19.108416,France,Brazil,25023.04,EUR,Wire,49.99,Medium,False,Yes
TX-108649,2024-03-31 14:52:43.108416,Spain,Netherlands,33290.44,EUR,SEPA,99.39,High,True,Yes
TX-108650,2025-01-30 23:07:44.108416,Netherlands,Brazil,96591.91,EUR,Wire,68.16,Medium,False,Yes
TX-108651,2024-08-23 18:44:34.108416,China,India,24138.46,CNY,SWIFT,87.86,High,True,Yes
TX-108652,2025-01-24 09:17:17.108416,Germany,Japan,90174.38,EUR,SEPA,3.04,Low,False,Yes
TX-108653,2024-08-25 04:55:54.108416,Germany,Australia,58095.1,EUR,Wire,87.18,High,True,Yes
TX-108654,2025-03-03 13:08:08.108416,France,Germany,12417.32,EUR,ACH,69.77,Medium,False,Yes
TX-108655,2024-08-26 18:01:55.108416,South Africa,Russia,46784.51,ZAR,RTGS,17.08,Low,False,Yes
TX-108656,2024-10-26 10:10:56.108416,France,Germany,94860.02,EUR,SWIFT,2.57,Low,False,Yes
TX-108657,2024-11-10 21:15:06.108416,Canada,China,41914.7,CAD,RTGS,25.99,Low,False,Yes
TX-108658,2024-04-20 15:39:00.108416,China,Russia,86352.32,CNY,RTGS,91.58,High,True,Yes
TX-108659,2024-08-31 10:38:38.108416,Italy,Australia,25717.23,EUR,SWIFT,66.81,Medium,False,Yes
TX-108660,2024-07-20 04:58:57.108416,China,Japan,57135.12,CNY,Wire,91.95,High,True,Yes
TX-108661,2024-08-14 10:31:08.108416,Netherlands,Spain,84400.82,EUR,SEPA,44.62,Medium,False,Yes
TX-108662,2024-09-21 22:35:47.108416,Germany,Spain,92076.78,EUR,SEPA,93.66,High,True,Yes
TX-108663,2025-03-13 21:54:38.108416,Brazil,China,48633.75,BRL,ACH,46.3,Medium,False,Yes
TX-108664,2025-02-17 02:17:41.108416,Canada,Netherlands,64004.84,CAD,RTGS,20.43,Low,False,Yes
TX-108665,2024-09-14 05:53:12.108416,Brazil,Japan,397.72,BRL,ACH,15.14,Low,False,Yes
TX-108666,2024-07-23 03:55:17.108416,Spain,Russia,25397.01,EUR,SEPA,99.38,High,True,Yes
TX-108667,2025-01-04 18:43:43.108416,South Africa,UK,27943.34,ZAR,SEPA,33.39,Low,False,Yes
TX-108668,2025-03-09 07:03:00.108416,Australia,South Africa,9439.95,AUD,SWIFT,16.01,Low,False,Yes
TX-108669,2024-07-25 08:07:37.109416,UK,Canada,28041.53,GBP,ACH,0.84,Low,False,Yes
TX-108670,2024-09-30 18:38:12.109416,Australia,Australia,32180.09,AUD,SEPA,28.56,Low,False,Yes
TX-108671,2025-02-08 08:39:23.109416,Russia,Italy,96879.73,RUB,ACH,88.91,High,True,Yes
TX-108672,2024-11-17 01:21:36.109416,Netherlands,India,66893.38,EUR,SWIFT,53.4,Medium,False,Yes
TX-108673,2025-01-27 19:47:21.109416,Brazil,Italy,42657.91,BRL,SWIFT,63.24,Medium,False,Yes
TX-108674,2024-05-04 08:22:13.109416,Brazil,Russia,98806.64,BRL,SWIFT,92.24,High,True,Yes
TX-108675,2024-07-28 15:49:41.109416,China,Canada,15407.91,CNY,SWIFT,51.28,Medium,False,Yes
TX-108676,2024-05-24 12:33:37.109416,Russia,China,47657.51,RUB,SWIFT,83.83,High,True,Yes
TX-108677,2024-04-08 12:50:28.109416,Netherlands,Canada,64741.51,EUR,SWIFT,32.38,Low,False,Yes
TX-108678,2024-12-13 13:12:02.109416,Canada,UK,5652.51,CAD,SWIFT,97.71,High,True,Yes
TX-108679,2025-01-10 23:36:57.109416,China,South Africa,71728.19,CNY,RTGS,7.88,Low,False,Yes
TX-108680,2024-10-23 02:50:56.109416,India,Japan,10076.75,INR,Wire,72.48,High,True,Yes
TX-108681,2024-11-02 04:29:22.109416,France,France,14114.2,EUR,Wire,66.06,Medium,False,Yes
TX-108682,2024-11-21 13:23:20.109416,USA,Canada,16052.98,USD,RTGS,19.17,Low,False,Yes
TX-108683,2024-10-31 09:47:33.109416,Brazil,Canada,92896.09,BRL,ACH,38.88,Low,False,Yes
TX-108684,2025-01-12 05:36:58.109416,South Africa,Australia,68355.23,ZAR,ACH,31.28,Low,False,Yes
TX-108685,2024-05-28 12:18:10.109416,China,Germany,65577.21,CNY,SWIFT,9.45,Low,False,Yes
TX-108686,2024-12-16 22:09:58.109416,Italy,USA,55593.8,EUR,ACH,58.48,Medium,False,Yes
TX-108687,2024-05-31 09:17:04.109416,Canada,China,29351.32,CAD,RTGS,99.37,High,True,Yes
TX-108688,2024-07-31 15:37:43.109416,South Africa,Japan,62126.88,ZAR,RTGS,55.96,Medium,False,Yes
TX-108689,2024-05-30 10:49:28.109416,USA,Spain,41073.96,USD,SWIFT,54.53,Medium,False,Yes
TX-108690,2024-04-28 20:19:36.109416,Netherlands,USA,14627.07,EUR,SWIFT,4.03,Low,False,Yes
TX-108691,2024-03-20 13:01:02.109416,South Africa,Germany,68990.77,ZAR,SWIFT,13.92,Low,False,Yes
TX-108692,2024-10-22 03:52:01.109416,Spain,Russia,13045.26,EUR,ACH,51.32,Medium,False,Yes
TX-108693,2024-12-26 11:15:50.109416,Spain,France,19147.79,EUR,SEPA,98.52,High,True,Yes
TX-108694,2024-05-26 05:44:20.109416,Netherlands,Netherlands,81788.16,EUR,Wire,87.66,High,True,Yes
TX-108695,2024-10-05 10:04:53.109416,Russia,Russia,66045.7,RUB,SEPA,34.02,Low,False,Yes
TX-108696,2024-10-24 09:46:56.109416,Italy,France,63136.02,EUR,SWIFT,54.3,Medium,False,Yes
TX-108697,2024-11-18 08:59:05.109416,Italy,Italy,41878.46,EUR,RTGS,55.27,Medium,False,Yes
TX-108698,2024-12-27 02:25:22.109416,Netherlands,Brazil,39688.42,EUR,ACH,68.54,Medium,False,Yes
TX-108699,2025-02-26 03:11:46.109416,Russia,Spain,69057.23,RUB,SWIFT,68.78,Medium,False,Yes
TX-108700,2024-04-11 00:33:39.109416,Canada,Canada,74026.55,CAD,ACH,78.98,High,True,Yes
TX-108701,2024-04-27 15:30:26.109416,Russia,Russia,51070.3,RUB,Wire,2.5,Low,False,Yes
TX-108702,2024-11-12 04:34:13.109416,South Africa,Russia,96930.0,ZAR,SEPA,94.37,High,True,Yes
TX-108703,2024-07-12 11:51:52.109416,Germany,UK,95574.39,EUR,SWIFT,7.01,Low,False,Yes
TX-108704,2024-08-08 22:34:10.109416,Brazil,France,41301.71,BRL,SEPA,47.62,Medium,False,Yes
TX-108705,2024-10-05 03:17:18.109416,India,Canada,82080.16,INR,SWIFT,91.96,High,True,Yes
TX-108706,2025-03-07 08:40:29.109416,Russia,Japan,54372.46,RUB,Wire,48.77,Medium,False,Yes
TX-108707,2024-06-29 20:14:49.109416,China,China,51224.41,CNY,Wire,6.36,Low,False,Yes
TX-108708,2025-02-02 06:59:46.109416,Netherlands,Germany,5590.91,EUR,RTGS,22.92,Low,False,Yes
TX-108709,2024-03-31 22:19:39.109416,USA,Russia,57440.07,USD,Wire,57.87,Medium,False,Yes
TX-108710,2024-09-30 06:02:57.109416,India,Japan,90067.74,INR,ACH,8.79,Low,False,Yes
TX-108711,2025-02-24 09:11:09.109416,South Africa,Netherlands,78035.37,ZAR,SEPA,42.37,Medium,False,Yes
TX-108712,2024-03-22 18:34:11.109416,India,China,78653.08,INR,SEPA,32.91,Low,False,Yes
TX-108713,2024-12-31 03:34:56.109416,Italy,Japan,16076.91,EUR,ACH,81.52,High,True,Yes
TX-108714,2024-08-09 06:13:40.109416,USA,France,35909.1,USD,Wire,11.01,Low,False,Yes
TX-108715,2024-04-28 02:23:00.109416,France,Italy,23397.17,EUR,SWIFT,68.28,Medium,False,Yes
TX-108716,2024-10-03 08:14:06.109416,Japan,China,31659.94,JPY,Wire,40.66,Medium,False,Yes
TX-108717,2024-09-07 12:30:36.109416,USA,USA,57995.98,USD,SEPA,58.78,Medium,False,Yes
TX-108718,2025-02-15 07:51:49.109416,Spain,Japan,36541.9,EUR,ACH,20.55,Low,False,Yes
TX-108719,2025-03-05 11:17:46.109416,Japan,Brazil,56113.71,JPY,SWIFT,60.97,Medium,False,Yes
TX-108720,2024-08-27 06:04:27.109416,China,Netherlands,43906.27,CNY,RTGS,67.4,Medium,False,Yes
TX-108721,2024-10-30 18:21:43.109416,UK,Canada,28732.89,GBP,ACH,7.02,Low,False,Yes
TX-108722,2025-01-18 19:21:24.109416,Spain,China,9630.8,EUR,Wire,82.43,High,True,Yes
TX-108723,2024-07-16 19:49:23.109416,Japan,Australia,89194.66,JPY,RTGS,86.13,High,True,Yes
TX-108724,2024-10-29 06:05:02.109416,Brazil,Netherlands,1236.2,BRL,ACH,6.36,Low,False,Yes
TX-108725,2024-11-29 04:29:55.109416,Germany,Netherlands,265.08,EUR,SWIFT,60.32,Medium,False,Yes
TX-108726,2024-08-29 02:12:19.109416,UK,France,82697.09,GBP,Wire,59.4,Medium,False,Yes
TX-108727,2024-05-24 18:15:55.109416,USA,India,99681.41,USD,Wire,1.25,Low,False,Yes
TX-108728,2024-10-27 12:16:34.109416,India,USA,72737.57,INR,SWIFT,34.23,Low,False,Yes
TX-108729,2025-02-24 15:02:17.109416,Brazil,USA,1625.86,BRL,SEPA,96.89,High,True,Yes
TX-108730,2024-03-29 02:02:15.109416,Italy,Spain,22746.35,EUR,SWIFT,55.55,Medium,False,Yes
TX-108731,2024-07-29 18:48:40.109416,Australia,Italy,97185.09,AUD,SEPA,93.32,High,True,Yes
TX-108732,2024-05-27 04:55:19.109416,South Africa,France,80879.56,ZAR,Wire,67.56,Medium,False,Yes
TX-108733,2024-09-19 18:19:21.109416,China,Germany,56723.3,CNY,RTGS,2.84,Low,False,Yes
TX-108734,2024-12-26 21:27:24.109416,China,Spain,23762.38,CNY,ACH,7.77,Low,False,Yes
TX-108735,2024-08-29 19:59:13.109416,Japan,Netherlands,1535.58,JPY,SEPA,72.22,High,True,Yes
TX-108736,2024-11-18 09:27:44.109416,Canada,South Africa,2184.06,CAD,SWIFT,55.46,Medium,False,Yes
TX-108737,2025-02-05 03:36:36.109416,Germany,USA,61236.89,EUR,RTGS,12.72,Low,False,Yes
TX-108738,2024-08-15 03:08:13.109416,Italy,UK,2281.0,EUR,SEPA,61.41,Medium,False,Yes
TX-108739,2024-10-16 10:04:14.109416,France,Germany,99363.65,EUR,ACH,81.03,High,True,Yes
TX-108740,2024-10-20 21:32:05.109416,South Africa,Japan,18420.04,ZAR,SEPA,75.3,High,True,Yes
TX-108741,2024-12-17 23:55:22.109416,Italy,Russia,71099.67,EUR,Wire,24.62,Low,False,Yes
TX-108742,2024-04-06 21:18:47.109416,UK,Brazil,15590.47,GBP,ACH,25.82,Low,False,Yes
TX-108743,2024-05-06 17:35:33.109416,UK,Spain,54055.33,GBP,ACH,96.78,High,True,Yes
TX-108744,2024-12-11 19:58:25.109416,Spain,Netherlands,8153.07,EUR,SEPA,88.74,High,True,Yes
TX-108745,2024-06-07 19:24:08.109416,Canada,South Africa,76701.16,CAD,Wire,31.83,Low,False,Yes
TX-108746,2024-07-19 01:56:24.109416,Australia,India,58533.62,AUD,ACH,82.41,High,True,Yes
TX-108747,2024-12-03 18:59:31.109416,China,Netherlands,8708.05,CNY,ACH,16.17,Low,False,Yes
TX-108748,2024-05-05 09:49:32.109416,Brazil,Netherlands,84873.76,BRL,ACH,19.68,Low,False,Yes
TX-108749,2024-07-11 16:10:19.109416,USA,USA,54747.16,USD,RTGS,18.12,Low,False,Yes
TX-108750,2024-12-05 03:05:43.109416,Japan,Germany,92167.07,JPY,Wire,8.77,Low,False,Yes
TX-108751,2024-07-23 18:47:45.109416,Italy,Australia,91670.68,EUR,SWIFT,85.47,High,True,Yes
TX-108752,2024-04-13 09:35:41.109416,France,Canada,92058.73,EUR,Wire,57.88,Medium,False,Yes
TX-108753,2025-01-25 00:49:03.109416,Canada,South Africa,7870.74,CAD,ACH,25.9,Low,False,Yes
TX-108754,2024-06-21 18:01:50.109416,Italy,China,12183.68,EUR,Wire,84.87,High,True,Yes
TX-108755,2024-04-02 21:38:27.109416,Japan,Netherlands,98771.81,JPY,SEPA,80.26,High,True,Yes
TX-108756,2024-06-26 00:29:18.109416,Italy,China,48811.32,EUR,ACH,10.1,Low,False,Yes
TX-108757,2024-10-18 11:43:58.109416,South Africa,Brazil,23897.58,ZAR,Wire,64.41,Medium,False,Yes
TX-108758,2024-04-15 12:49:32.109416,Brazil,Russia,76989.48,BRL,Wire,72.18,High,True,Yes
TX-108759,2024-12-25 08:08:44.109416,UK,South Africa,26502.09,GBP,RTGS,71.58,High,True,Yes
TX-108760,2024-07-11 15:55:58.109416,South Africa,South Africa,72748.85,ZAR,ACH,72.31,High,True,Yes
TX-108761,2024-05-01 13:24:40.109416,UK,USA,83744.85,GBP,ACH,16.95,Low,False,Yes
TX-108762,2025-02-23 03:24:39.109416,Australia,Spain,78447.91,AUD,SEPA,31.51,Low,False,Yes
TX-108763,2024-09-22 10:36:58.109416,Japan,Canada,27477.38,JPY,ACH,84.42,High,True,Yes
TX-108764,2024-12-02 18:00:52.109416,Germany,Italy,40221.7,EUR,Wire,89.84,High,True,Yes
TX-108765,2024-10-09 19:27:40.109416,Australia,China,41383.78,AUD,RTGS,27.92,Low,False,Yes
TX-108766,2024-10-26 22:52:45.109416,Italy,Brazil,49178.16,EUR,Wire,2.3,Low,False,Yes
TX-108767,2024-08-09 01:38:02.109416,India,China,16820.55,INR,RTGS,85.98,High,True,Yes
TX-108768,2025-01-10 16:29:03.109416,China,Netherlands,45301.76,CNY,SEPA,37.71,Low,False,Yes
TX-108769,2024-09-04 23:55:12.109416,Germany,Canada,51127.22,EUR,RTGS,32.95,Low,False,Yes
TX-108770,2024-10-16 20:23:52.109416,Japan,Netherlands,53217.73,JPY,SWIFT,34.7,Low,False,Yes
TX-108771,2024-05-08 02:26:52.109416,China,Japan,82008.05,CNY,RTGS,41.57,Medium,False,Yes
TX-108772,2024-09-28 16:01:41.109416,Brazil,Australia,51781.72,BRL,ACH,37.83,Low,False,Yes
TX-108773,2024-08-15 08:25:55.109416,Japan,UK,23155.31,JPY,SEPA,56.64,Medium,False,Yes
TX-108774,2024-07-13 05:52:05.109416,Germany,France,66346.56,EUR,RTGS,7.89,Low,False,Yes
TX-108775,2024-11-28 08:14:18.109416,Germany,Brazil,79751.68,EUR,SEPA,97.15,High,True,Yes
TX-108776,2024-05-23 13:42:26.109416,Canada,USA,32005.23,CAD,ACH,93.65,High,True,Yes
TX-108777,2025-02-02 15:49:08.109416,France,Canada,64566.06,EUR,SWIFT,93.44,High,True,Yes
TX-108778,2024-12-15 19:13:05.109416,South Africa,USA,14779.11,ZAR,Wire,87.93,High,True,Yes
TX-108779,2024-09-11 17:20:34.109416,Italy,Australia,34258.44,EUR,SEPA,66.03,Medium,False,Yes
TX-108780,2024-05-29 21:10:47.109416,Spain,Japan,90931.47,EUR,Wire,22.11,Low,False,Yes
TX-108781,2024-12-13 07:53:14.109416,India,Germany,91139.69,INR,SWIFT,4.95,Low,False,Yes
TX-108782,2024-09-12 13:41:02.109416,Netherlands,India,57574.93,EUR,Wire,9.93,Low,False,Yes
TX-108783,2024-07-08 03:20:59.109416,China,Spain,70264.91,CNY,ACH,32.4,Low,False,Yes
TX-108784,2025-01-19 22:37:57.109416,Canada,Italy,85416.14,CAD,SWIFT,50.39,Medium,False,Yes
TX-108785,2024-12-16 01:21:54.109416,Canada,Australia,95859.46,CAD,SEPA,99.33,High,True,Yes
TX-108786,2025-01-14 20:02:12.109416,India,France,49039.66,INR,SWIFT,43.54,Medium,False,Yes
TX-108787,2024-06-22 15:09:21.109416,Italy,South Africa,56201.42,EUR,Wire,52.46,Medium,False,Yes
TX-108788,2024-03-24 11:58:58.110416,Italy,Russia,41622.59,EUR,Wire,69.52,Medium,False,Yes
TX-108789,2024-07-08 13:27:05.110416,Spain,Netherlands,7291.0,EUR,RTGS,18.07,Low,False,Yes
TX-108790,2024-07-02 12:24:05.110416,Spain,Germany,42338.07,EUR,SEPA,93.28,High,True,Yes
TX-108791,2025-03-09 17:24:05.110416,Germany,USA,79083.67,EUR,Wire,52.9,Medium,False,Yes
TX-108792,2024-10-01 23:16:33.110416,Spain,Netherlands,80508.06,EUR,SWIFT,27.63,Low,False,Yes
TX-108793,2025-02-27 10:57:33.110416,Spain,USA,89248.47,EUR,Wire,93.51,High,True,Yes
TX-108794,2024-08-10 13:03:56.110416,China,USA,5241.52,CNY,SWIFT,62.55,Medium,False,Yes
TX-108795,2024-05-16 21:11:58.110416,India,South Africa,52762.74,INR,ACH,48.37,Medium,False,Yes
TX-108796,2024-05-17 02:56:27.110416,USA,South Africa,10831.71,USD,Wire,58.02,Medium,False,Yes
TX-108797,2024-04-11 19:55:05.110416,South Africa,South Africa,20154.14,ZAR,SWIFT,74.83,High,True,Yes
TX-108798,2024-04-26 13:14:35.110416,France,Germany,90031.63,EUR,RTGS,15.45,Low,False,Yes
TX-108799,2024-04-17 06:37:17.110416,UK,Japan,49729.45,GBP,SWIFT,86.48,High,True,Yes
TX-108800,2024-04-13 14:49:43.110416,Spain,China,75878.64,EUR,SEPA,95.95,High,True,Yes
TX-108801,2024-08-25 00:06:24.110416,China,Russia,6531.97,CNY,RTGS,56.7,Medium,False,Yes
TX-108802,2025-01-11 10:54:09.110416,Russia,Italy,41740.97,RUB,SEPA,68.23,Medium,False,Yes
TX-108803,2024-12-28 16:17:31.110416,South Africa,India,67456.6,ZAR,SEPA,85.98,High,True,Yes
TX-108804,2024-10-15 09:42:10.110416,Australia,India,13427.31,AUD,RTGS,37.48,Low,False,Yes
TX-108805,2024-08-07 07:21:26.110416,China,Brazil,32649.21,CNY,RTGS,99.28,High,True,Yes
TX-108806,2024-03-21 04:18:16.110416,UK,USA,6548.33,GBP,SEPA,68.05,Medium,False,Yes
TX-108807,2024-10-19 22:01:38.110416,Australia,Japan,65168.86,AUD,SEPA,42.4,Medium,False,Yes
TX-108808,2024-10-04 10:55:36.110416,USA,Australia,97092.04,USD,Wire,67.73,Medium,False,Yes
TX-108809,2024-12-15 10:17:09.110416,Netherlands,USA,82721.84,EUR,RTGS,52.17,Medium,False,Yes
TX-108810,2024-10-05 00:43:27.110416,Russia,Italy,97464.85,RUB,RTGS,11.16,Low,False,Yes
TX-108811,2024-12-29 04:58:16.110416,Germany,South Africa,84575.92,EUR,SEPA,79.59,High,True,Yes
TX-108812,2024-06-12 18:29:11.110416,Germany,Italy,85534.06,EUR,SWIFT,56.44,Medium,False,Yes
TX-108813,2024-07-02 02:24:48.110416,India,Brazil,57760.0,INR,Wire,79.58,High,True,Yes
TX-108814,2025-01-22 07:48:18.110416,Spain,UK,51873.41,EUR,SWIFT,15.49,Low,False,Yes
TX-108815,2024-11-02 10:42:30.110416,UK,Italy,40684.8,GBP,SEPA,53.84,Medium,False,Yes
TX-108816,2024-10-23 05:01:21.110416,South Africa,Brazil,81827.68,ZAR,SEPA,76.66,High,True,Yes
TX-108817,2024-11-16 15:14:47.110416,Brazil,Italy,18288.55,BRL,SEPA,98.83,High,True,Yes
TX-108818,2024-03-20 03:49:04.110416,Russia,Japan,5716.87,RUB,SWIFT,88.44,High,True,Yes
TX-108819,2024-04-06 20:49:15.110416,Canada,UK,94794.59,CAD,Wire,86.43,High,True,Yes
TX-108820,2024-03-31 17:40:04.110416,Canada,Canada,477.44,CAD,RTGS,24.75,Low,False,Yes
TX-108821,2024-10-05 06:01:02.110416,Brazil,Australia,97685.25,BRL,SWIFT,83.8,High,True,Yes
TX-108822,2024-07-31 22:31:46.110416,USA,Canada,72912.45,USD,SWIFT,16.93,Low,False,Yes
TX-108823,2025-01-06 02:40:43.110416,Germany,Netherlands,32917.04,EUR,SEPA,19.81,Low,False,Yes
TX-108824,2024-04-10 17:24:46.110416,China,China,69812.2,CNY,SEPA,11.01,Low,False,Yes
TX-108825,2024-11-06 03:35:59.110416,Netherlands,Netherlands,81805.73,EUR,Wire,85.76,High,True,Yes
TX-108826,2024-06-14 22:47:10.110416,UK,Spain,24611.67,GBP,SEPA,10.83,Low,False,Yes
TX-108827,2024-09-13 07:21:35.110416,Russia,Spain,77112.48,RUB,ACH,13.81,Low,False,Yes
TX-108828,2024-06-01 08:26:23.110416,Russia,Germany,80456.53,RUB,RTGS,24.59,Low,False,Yes
TX-108829,2024-08-02 08:35:59.110416,Russia,Spain,25010.53,RUB,RTGS,57.27,Medium,False,Yes
TX-108830,2025-01-28 22:24:00.110416,France,Italy,4288.44,EUR,RTGS,88.02,High,True,Yes
TX-108831,2024-10-21 21:20:57.110416,USA,Netherlands,20491.82,USD,RTGS,41.82,Medium,False,Yes
TX-108832,2024-07-01 21:37:48.110416,Spain,USA,20144.58,EUR,SEPA,54.63,Medium,False,Yes
TX-108833,2024-10-24 04:13:09.110416,Brazil,Germany,6617.52,BRL,RTGS,16.65,Low,False,Yes
TX-108834,2024-07-28 02:35:16.110416,South Africa,Germany,72628.14,ZAR,SEPA,26.59,Low,False,Yes
TX-108835,2024-04-08 19:36:52.110416,Canada,Canada,38059.49,CAD,ACH,13.39,Low,False,Yes
TX-108836,2024-08-11 09:01:50.110416,France,China,88450.18,EUR,SWIFT,40.99,Medium,False,Yes
TX-108837,2025-02-19 19:07:45.110416,Australia,USA,25291.89,AUD,SWIFT,59.03,Medium,False,Yes
TX-108838,2025-01-18 19:27:58.110416,Australia,Germany,45377.89,AUD,RTGS,28.4,Low,False,Yes
TX-108839,2024-08-09 09:25:19.110416,USA,Italy,63937.84,USD,ACH,84.6,High,True,Yes
TX-108840,2024-09-06 23:36:06.110416,Spain,Brazil,87758.75,EUR,SWIFT,98.12,High,True,Yes
TX-108841,2024-07-14 14:59:14.110416,Germany,South Africa,52509.65,EUR,Wire,12.02,Low,False,Yes
TX-108842,2024-09-11 13:05:37.110416,Brazil,Netherlands,37415.11,BRL,RTGS,1.79,Low,False,Yes
TX-108843,2025-01-31 12:46:58.110416,Japan,South Africa,86714.81,JPY,Wire,78.98,High,True,Yes
TX-108844,2025-02-22 03:00:46.110416,Germany,South Africa,31093.62,EUR,SEPA,19.06,Low,False,Yes
TX-108845,2024-05-15 07:22:19.110416,Germany,Japan,8034.43,EUR,ACH,35.31,Low,False,Yes
TX-108846,2024-10-23 14:17:03.110416,Japan,China,44559.71,JPY,ACH,39.42,Low,False,Yes
TX-108847,2024-05-03 14:04:34.110416,Japan,USA,78530.82,JPY,SWIFT,91.66,High,True,Yes
TX-108848,2024-06-27 10:24:18.110416,South Africa,South Africa,3175.01,ZAR,Wire,65.88,Medium,False,Yes
TX-108849,2024-04-01 03:54:58.110416,France,USA,58629.64,EUR,RTGS,4.06,Low,False,Yes
TX-108850,2025-03-13 11:45:31.110416,Japan,Russia,59486.96,JPY,RTGS,1.48,Low,False,Yes
TX-108851,2024-04-20 08:09:06.110416,Australia,Brazil,92861.32,AUD,ACH,19.96,Low,False,Yes
TX-108852,2024-06-02 07:05:18.110416,China,Germany,28717.84,CNY,SWIFT,31.82,Low,False,Yes
TX-108853,2024-07-18 06:36:35.110416,Brazil,Russia,27955.78,BRL,SWIFT,48.45,Medium,False,Yes
TX-108854,2024-10-31 04:34:52.110416,UK,USA,44104.32,GBP,Wire,83.78,High,True,Yes
TX-108855,2024-11-01 20:09:42.110416,Brazil,Canada,35755.8,BRL,SWIFT,31.48,Low,False,Yes
TX-108856,2024-04-06 16:21:38.110416,Brazil,USA,73660.95,BRL,Wire,37.65,Low,False,Yes
TX-108857,2025-03-16 06:54:15.110416,India,UK,64211.03,INR,SWIFT,32.93,Low,False,Yes
TX-108858,2024-11-23 15:41:33.110416,USA,Australia,75916.21,USD,Wire,0.9,Low,False,Yes
TX-108859,2024-06-14 23:02:13.110416,Italy,UK,82022.17,EUR,RTGS,95.52,High,True,Yes
TX-108860,2024-09-10 05:12:48.110416,China,France,92305.82,CNY,Wire,13.9,Low,False,Yes
TX-108861,2025-01-19 15:41:00.110416,Netherlands,USA,43150.58,EUR,ACH,28.77,Low,False,Yes
TX-108862,2025-03-13 05:21:57.110416,India,Spain,98471.27,INR,Wire,12.93,Low,False,Yes
TX-108863,2024-07-07 05:02:19.110416,Japan,Spain,21644.52,JPY,ACH,49.05,Medium,False,Yes
TX-108864,2024-06-29 13:49:58.110416,USA,China,71465.08,USD,SEPA,93.22,High,True,Yes
TX-108865,2025-01-04 11:12:58.110416,France,India,53447.53,EUR,SEPA,10.07,Low,False,Yes
TX-108866,2025-01-13 07:24:24.110416,UK,Netherlands,81708.37,GBP,ACH,44.09,Medium,False,Yes
TX-108867,2024-07-14 08:08:36.110416,USA,Germany,47729.38,USD,ACH,2.24,Low,False,Yes
TX-108868,2024-09-23 22:52:25.110416,France,France,78415.47,EUR,RTGS,77.09,High,True,Yes
TX-108869,2024-07-05 21:48:23.110416,Germany,UK,93023.85,EUR,SEPA,64.12,Medium,False,Yes
TX-108870,2025-03-12 22:27:08.110416,South Africa,China,73256.2,ZAR,ACH,69.97,Medium,False,Yes
TX-108871,2024-10-23 10:44:22.110416,Brazil,Italy,77631.82,BRL,SEPA,47.23,Medium,False,Yes
TX-108872,2024-05-20 21:05:35.110416,China,Australia,6810.83,CNY,Wire,90.76,High,True,Yes
TX-108873,2024-12-02 06:01:13.110416,France,India,20575.27,EUR,Wire,40.96,Medium,False,Yes
TX-108874,2024-07-08 05:38:12.110416,USA,Canada,97432.94,USD,Wire,51.41,Medium,False,Yes
TX-108875,2024-12-29 02:12:09.110416,Australia,India,69349.38,AUD,SWIFT,69.53,Medium,False,Yes
TX-108876,2024-04-06 08:02:41.110416,India,Canada,56188.76,INR,SEPA,52.06,Medium,False,Yes
TX-108877,2024-12-12 22:25:01.110416,USA,Canada,36760.94,USD,RTGS,18.93,Low,False,Yes
TX-108878,2024-09-13 02:11:21.110416,Canada,France,4534.46,CAD,SEPA,31.71,Low,False,Yes
TX-108879,2024-10-04 22:15:29.110416,Italy,Japan,36976.68,EUR,SEPA,9.23,Low,False,Yes
TX-108880,2024-11-18 11:42:01.110416,India,Germany,49941.4,INR,ACH,43.26,Medium,False,Yes
TX-108881,2024-04-18 22:39:35.110416,France,Australia,21224.8,EUR,ACH,60.94,Medium,False,Yes
TX-108882,2024-04-20 02:34:33.110416,India,Brazil,17396.37,INR,RTGS,11.85,Low,False,Yes
TX-108883,2024-08-15 16:53:36.110416,Russia,Brazil,50890.81,RUB,SEPA,63.06,Medium,False,Yes
TX-108884,2024-12-01 20:12:58.110416,Netherlands,Russia,58631.83,EUR,SEPA,89.29,High,True,Yes
TX-108885,2024-06-02 07:04:00.110416,India,Spain,24067.8,INR,SEPA,33.77,Low,False,Yes
TX-108886,2024-08-01 07:47:25.110416,Spain,Netherlands,58780.21,EUR,ACH,22.2,Low,False,Yes
TX-108887,2024-10-11 15:24:10.110416,Russia,Netherlands,90043.96,RUB,RTGS,89.3,High,True,Yes
TX-108888,2024-10-05 11:29:34.110416,Canada,Russia,47370.01,CAD,SEPA,69.19,Medium,False,Yes
TX-108889,2024-11-21 19:52:04.110416,USA,Germany,85753.28,USD,RTGS,10.54,Low,False,Yes
TX-108890,2024-12-20 04:18:30.110416,France,Australia,92734.42,EUR,SEPA,40.81,Medium,False,Yes
TX-108891,2025-02-10 21:17:51.110416,Russia,Brazil,9330.16,RUB,ACH,67.41,Medium,False,Yes
TX-108892,2024-11-06 02:45:42.110416,Netherlands,France,9671.58,EUR,Wire,57.44,Medium,False,Yes
TX-108893,2024-08-07 11:23:50.110416,India,Spain,47656.81,INR,SEPA,61.85,Medium,False,Yes
TX-108894,2024-09-14 00:43:22.110416,Italy,South Africa,58851.43,EUR,SWIFT,56.71,Medium,False,Yes
TX-108895,2024-12-28 15:43:47.110416,Germany,Japan,42645.76,EUR,SEPA,79.81,High,True,Yes
TX-108896,2024-11-08 03:51:43.110416,Italy,France,32712.43,EUR,ACH,32.04,Low,False,Yes
TX-108897,2024-07-15 17:27:48.110416,Japan,Russia,64135.31,JPY,SEPA,70.85,High,True,Yes
TX-108898,2024-12-16 17:06:21.110416,Brazil,India,307.94,BRL,Wire,99.11,High,True,Yes
TX-108899,2025-01-15 07:42:52.110416,Canada,Germany,96810.52,CAD,ACH,39.0,Low,False,Yes
TX-108900,2024-05-19 03:45:42.110416,Netherlands,Japan,23284.7,EUR,ACH,79.1,High,True,Yes
TX-108901,2025-01-04 01:09:25.110416,Spain,Netherlands,91718.17,EUR,Wire,24.61,Low,False,Yes
TX-108902,2025-02-09 21:20:56.110416,Australia,France,10990.57,AUD,Wire,28.19,Low,False,Yes
TX-108903,2024-07-01 16:30:12.110416,Russia,Spain,23884.91,RUB,SEPA,93.49,High,True,Yes
TX-108904,2024-12-18 14:26:00.110416,China,Brazil,23563.88,CNY,SWIFT,2.59,Low,False,Yes
TX-108905,2024-08-02 17:21:00.110416,Japan,Japan,99615.68,JPY,ACH,21.74,Low,False,Yes
TX-108906,2024-04-30 09:41:58.110416,Canada,Japan,559.59,CAD,ACH,48.29,Medium,False,Yes
TX-108907,2025-02-22 19:20:16.111416,UK,Canada,63999.86,GBP,SWIFT,40.18,Medium,False,Yes
TX-108908,2024-07-23 22:16:44.111416,Germany,USA,86981.69,EUR,SEPA,62.92,Medium,False,Yes
TX-108909,2024-11-03 15:30:31.111416,Japan,Spain,67260.14,JPY,SWIFT,19.27,Low,False,Yes
TX-108910,2024-07-31 19:59:01.111416,Australia,Netherlands,36337.11,AUD,Wire,7.05,Low,False,Yes
TX-108911,2025-03-07 05:52:22.111416,Japan,Italy,95835.11,JPY,RTGS,36.93,Low,False,Yes
TX-108912,2025-01-19 01:28:24.111416,Netherlands,Brazil,89362.72,EUR,SEPA,52.44,Medium,False,Yes
TX-108913,2024-04-18 21:31:22.111416,Brazil,China,43452.1,BRL,ACH,56.2,Medium,False,Yes
TX-108914,2024-06-12 07:55:29.111416,USA,Australia,57375.52,USD,RTGS,60.15,Medium,False,Yes
TX-108915,2024-12-07 15:36:06.111416,USA,France,96755.17,USD,SEPA,54.87,Medium,False,Yes
TX-108916,2024-04-16 06:02:54.111416,Germany,Canada,98257.78,EUR,RTGS,24.58,Low,False,Yes
TX-108917,2024-05-31 18:43:49.111416,Netherlands,Germany,45037.35,EUR,SWIFT,76.45,High,True,Yes
TX-108918,2024-07-24 01:13:25.111416,Japan,Netherlands,84750.27,JPY,SEPA,8.78,Low,False,Yes
TX-108919,2024-06-13 22:43:04.111416,France,UK,30267.82,EUR,SEPA,19.84,Low,False,Yes
TX-108920,2024-09-02 18:38:30.111416,Spain,Russia,37244.11,EUR,Wire,73.94,High,True,Yes
TX-108921,2024-09-07 11:48:53.111416,Australia,Japan,16565.71,AUD,Wire,27.97,Low,False,Yes
TX-108922,2024-05-22 19:17:16.111416,Italy,Germany,20997.54,EUR,RTGS,49.35,Medium,False,Yes
TX-108923,2024-04-12 00:02:01.111416,Brazil,France,65721.64,BRL,ACH,32.72,Low,False,Yes
TX-108924,2025-03-15 22:58:29.111416,UK,Brazil,51127.08,GBP,SWIFT,50.7,Medium,False,Yes
TX-108925,2024-05-16 04:25:49.111416,USA,Japan,23190.07,USD,RTGS,34.67,Low,False,Yes
TX-108926,2024-07-18 11:53:31.111416,Spain,Germany,40350.67,EUR,SEPA,99.42,High,True,Yes
TX-108927,2025-01-14 20:49:04.111416,India,Canada,37381.03,INR,SWIFT,35.75,Low,False,Yes
TX-108928,2024-09-23 19:55:42.111416,Spain,Spain,98737.28,EUR,ACH,62.7,Medium,False,Yes
TX-108929,2024-11-05 06:06:56.111416,Spain,Brazil,85371.23,EUR,SWIFT,88.83,High,True,Yes
TX-108930,2024-08-10 11:10:45.111416,India,Russia,38857.84,INR,Wire,63.79,Medium,False,Yes
TX-108931,2025-02-15 13:25:37.111416,France,South Africa,91400.27,EUR,ACH,56.59,Medium,False,Yes
TX-108932,2024-04-13 21:29:18.111416,Germany,UK,34329.28,EUR,RTGS,56.92,Medium,False,Yes
TX-108933,2024-11-12 18:16:30.111416,Japan,USA,66823.36,JPY,SEPA,49.65,Medium,False,Yes
TX-108934,2024-10-30 16:50:13.111416,France,Germany,96668.33,EUR,Wire,80.76,High,True,Yes
TX-108935,2025-01-14 07:07:52.111416,South Africa,Brazil,39088.86,ZAR,SWIFT,5.04,Low,False,Yes
TX-108936,2024-03-19 14:51:21.111416,USA,Australia,68020.51,USD,ACH,88.51,High,True,Yes
TX-108937,2024-06-18 21:58:06.111416,India,India,29662.79,INR,ACH,58.63,Medium,False,Yes
TX-108938,2025-01-19 05:52:45.111416,France,South Africa,26704.6,EUR,Wire,84.89,High,True,Yes
TX-108939,2024-10-07 08:18:01.111416,Netherlands,Australia,57458.25,EUR,SWIFT,1.04,Low,False,Yes
TX-108940,2025-02-26 06:38:58.111416,Italy,Canada,97928.53,EUR,RTGS,86.93,High,True,Yes
TX-108941,2024-11-26 14:37:41.111416,Netherlands,USA,45368.07,EUR,SWIFT,12.01,Low,False,Yes
TX-108942,2025-02-14 13:42:46.111416,Russia,Australia,93769.93,RUB,SEPA,72.12,High,True,Yes
TX-108943,2024-07-20 06:11:45.111416,USA,Russia,91444.92,USD,SEPA,41.65,Medium,False,Yes
TX-108944,2024-07-26 12:58:43.111416,Japan,USA,25450.88,JPY,SWIFT,68.11,Medium,False,Yes
TX-108945,2025-01-21 04:31:40.111416,France,France,40241.76,EUR,SEPA,62.82,Medium,False,Yes
TX-108946,2024-10-23 02:31:16.111416,Germany,France,64365.92,EUR,ACH,16.34,Low,False,Yes
TX-108947,2025-02-14 00:00:58.111416,UK,China,51852.78,GBP,SWIFT,51.46,Medium,False,Yes
TX-108948,2024-10-08 07:34:25.111416,Spain,Italy,9686.26,EUR,Wire,27.72,Low,False,Yes
TX-108949,2025-03-06 20:38:43.111416,Netherlands,France,99370.43,EUR,ACH,56.04,Medium,False,Yes
TX-108950,2024-09-21 15:59:26.111416,Italy,Russia,75290.13,EUR,RTGS,73.8,High,True,Yes
TX-108951,2024-03-18 17:43:47.111416,India,Canada,43825.63,INR,ACH,8.13,Low,False,Yes
TX-108952,2024-08-31 18:42:30.111416,UK,USA,61855.04,GBP,RTGS,51.58,Medium,False,Yes
TX-108953,2024-04-10 15:21:13.111416,Canada,France,8848.52,CAD,RTGS,61.76,Medium,False,Yes
TX-108954,2025-03-17 12:58:18.111416,Brazil,Russia,49580.64,BRL,RTGS,29.54,Low,False,Yes
TX-108955,2024-09-27 09:16:42.111416,Italy,China,93090.16,EUR,RTGS,95.3,High,True,Yes
TX-108956,2024-10-10 01:56:51.111416,Japan,Italy,89670.44,JPY,ACH,52.03,Medium,False,Yes
TX-108957,2024-09-03 04:41:09.111416,India,Australia,33804.35,INR,RTGS,18.25,Low,False,Yes
TX-108958,2024-06-27 08:16:09.111416,China,USA,53183.65,CNY,SEPA,10.78,Low,False,Yes
TX-108959,2025-01-18 15:08:29.111416,Russia,Russia,69768.61,RUB,ACH,54.17,Medium,False,Yes
TX-108960,2025-01-12 13:31:32.111416,India,Italy,34066.93,INR,ACH,37.52,Low,False,Yes
TX-108961,2025-02-28 17:02:24.111416,India,Italy,6581.43,INR,SEPA,19.25,Low,False,Yes
TX-108962,2024-07-25 16:57:56.111416,Germany,Australia,50593.62,EUR,SEPA,3.07,Low,False,Yes
TX-108963,2024-12-21 20:43:02.111416,Italy,USA,60203.41,EUR,SWIFT,56.66,Medium,False,Yes
TX-108964,2024-08-02 02:55:47.111416,Germany,Germany,683.58,EUR,ACH,59.86,Medium,False,Yes
TX-108965,2024-10-30 23:29:51.111416,China,Germany,9647.98,CNY,ACH,14.18,Low,False,Yes
TX-108966,2024-08-06 03:06:37.111416,UK,Italy,20808.34,GBP,ACH,60.17,Medium,False,Yes
TX-108967,2024-06-24 05:55:41.111416,Italy,UK,34870.42,EUR,ACH,95.2,High,True,Yes
TX-108968,2025-01-30 00:31:41.111416,France,India,54151.02,EUR,SWIFT,97.83,High,True,Yes
TX-108969,2025-03-07 03:52:08.111416,Netherlands,Italy,29454.91,EUR,ACH,88.85,High,True,Yes
TX-108970,2025-02-15 02:56:47.111416,China,Japan,27690.76,CNY,ACH,80.71,High,True,Yes
TX-108971,2024-05-03 15:19:19.111416,Spain,USA,86948.0,EUR,Wire,20.94,Low,False,Yes
TX-108972,2024-11-02 20:06:50.111416,Australia,India,14590.56,AUD,ACH,15.64,Low,False,Yes
TX-108973,2024-08-09 18:32:29.111416,Japan,France,49596.47,JPY,RTGS,44.49,Medium,False,Yes
TX-108974,2024-08-04 04:16:59.111416,UK,USA,95287.19,GBP,Wire,61.96,Medium,False,Yes
TX-108975,2024-11-26 05:45:36.111416,Germany,Japan,62538.82,EUR,SEPA,85.07,High,True,Yes
TX-108976,2024-05-28 07:44:08.111416,India,South Africa,71748.83,INR,RTGS,23.2,Low,False,Yes
TX-108977,2024-07-25 00:27:23.111416,UK,Spain,43180.58,GBP,RTGS,47.96,Medium,False,Yes
TX-108978,2024-10-28 05:49:32.111416,China,Netherlands,2091.22,CNY,RTGS,64.74,Medium,False,Yes
TX-108979,2024-07-02 07:26:05.111416,Japan,USA,64648.42,JPY,SWIFT,44.56,Medium,False,Yes
TX-108980,2024-08-05 10:35:25.111416,India,Netherlands,63229.24,INR,RTGS,45.42,Medium,False,Yes
TX-108981,2024-08-19 09:22:34.111416,South Africa,China,11131.72,ZAR,SWIFT,22.51,Low,False,Yes
TX-108982,2024-11-21 16:00:31.111416,Germany,South Africa,46269.76,EUR,ACH,98.67,High,True,Yes
TX-108983,2024-06-12 07:37:58.111416,Russia,Netherlands,91541.36,RUB,ACH,47.52,Medium,False,Yes
TX-108984,2024-11-13 03:18:22.111416,UK,Spain,20587.97,GBP,RTGS,53.27,Medium,False,Yes
TX-108985,2025-02-03 22:04:02.111416,France,Netherlands,46163.77,EUR,SEPA,21.86,Low,False,Yes
TX-108986,2025-03-08 18:31:33.111416,Brazil,Russia,46164.21,BRL,ACH,51.41,Medium,False,Yes
TX-108987,2025-01-05 02:40:48.111416,Brazil,Netherlands,81095.07,BRL,SWIFT,25.53,Low,False,Yes
TX-108988,2025-01-20 16:45:12.111416,Netherlands,France,82475.13,EUR,RTGS,20.23,Low,False,Yes
TX-108989,2024-10-22 00:07:08.111416,Japan,South Africa,75951.02,JPY,ACH,27.57,Low,False,Yes
TX-108990,2024-11-20 15:03:08.111416,Netherlands,South Africa,36608.87,EUR,SEPA,0.28,Low,False,Yes
TX-108991,2024-05-08 01:48:26.111416,UK,China,7296.49,GBP,ACH,57.02,Medium,False,Yes
TX-108992,2024-07-07 07:41:16.111416,Italy,Germany,35013.35,EUR,Wire,38.75,Low,False,Yes
TX-108993,2024-09-16 17:59:42.111416,Netherlands,South Africa,68011.14,EUR,RTGS,89.87,High,True,Yes
TX-108994,2024-03-24 01:18:17.111416,South Africa,USA,70304.38,ZAR,RTGS,4.07,Low,False,Yes
TX-108995,2025-01-24 16:49:27.111416,UK,Spain,96503.52,GBP,SWIFT,4.32,Low,False,Yes
TX-108996,2024-11-16 16:42:59.111416,India,Brazil,45418.76,INR,SWIFT,88.59,High,True,Yes
TX-108997,2024-09-18 16:07:33.111416,Netherlands,Russia,63280.31,EUR,SWIFT,12.66,Low,False,Yes
TX-108998,2024-06-17 13:42:16.111416,China,China,53965.17,CNY,Wire,0.22,Low,False,Yes
TX-108999,2024-07-13 18:14:09.111416,Netherlands,Italy,15146.79,EUR,RTGS,17.89,Low,False,Yes
TX-109000,2024-08-04 20:54:49.111416,UK,Russia,46174.13,GBP,ACH,82.39,High,True,Yes
TX-109001,2024-08-16 00:58:12.111416,Spain,Italy,54529.03,EUR,RTGS,80.27,High,True,Yes
TX-109002,2024-08-21 10:28:44.111416,Canada,South Africa,95079.89,CAD,SEPA,34.01,Low,False,Yes
TX-109003,2024-07-28 00:03:21.111416,Japan,Brazil,36717.25,JPY,SWIFT,66.8,Medium,False,Yes
TX-109004,2024-12-17 08:12:27.111416,Japan,Netherlands,98011.9,JPY,RTGS,50.72,Medium,False,Yes
TX-109005,2024-04-29 22:47:16.111416,Brazil,Brazil,54275.78,BRL,SEPA,90.47,High,True,Yes
TX-109006,2024-04-23 17:02:52.111416,Canada,South Africa,24322.68,CAD,SWIFT,5.64,Low,False,Yes
TX-109007,2024-05-28 16:15:19.111416,UK,USA,19247.27,GBP,RTGS,81.32,High,True,Yes
TX-109008,2024-08-18 00:26:19.111416,Spain,South Africa,14255.32,EUR,RTGS,17.06,Low,False,Yes
TX-109009,2024-10-23 16:07:56.111416,Russia,Canada,45347.99,RUB,RTGS,39.16,Low,False,Yes
TX-109010,2024-06-11 14:51:03.111416,Netherlands,Japan,2290.45,EUR,RTGS,19.2,Low,False,Yes
TX-109011,2024-12-01 07:07:56.111416,UK,Italy,44560.02,GBP,ACH,70.26,High,True,Yes
TX-109012,2024-08-06 05:49:09.111416,Brazil,Brazil,98841.63,BRL,Wire,67.83,Medium,False,Yes
TX-109013,2024-11-07 09:15:01.111416,USA,Netherlands,67043.67,USD,SWIFT,54.79,Medium,False,Yes
TX-109014,2024-09-05 00:19:47.111416,South Africa,India,76002.63,ZAR,SWIFT,69.82,Medium,False,Yes
TX-109015,2025-02-05 15:58:55.111416,Spain,France,11988.64,EUR,Wire,63.96,Medium,False,Yes
TX-109016,2024-12-14 14:52:10.111416,Netherlands,Russia,47362.78,EUR,Wire,77.64,High,True,Yes
TX-109017,2024-04-01 02:38:00.111416,Italy,Japan,28693.69,EUR,RTGS,23.94,Low,False,Yes
TX-109018,2024-07-26 12:09:13.111416,Italy,Australia,89420.34,EUR,SEPA,42.89,Medium,False,Yes
TX-109019,2025-01-04 02:46:15.111416,France,Italy,18211.12,EUR,SWIFT,15.16,Low,False,Yes
TX-109020,2024-07-08 00:20:28.111416,Australia,China,45927.46,AUD,Wire,42.96,Medium,False,Yes
TX-109021,2024-09-24 13:01:27.111416,Brazil,Brazil,58845.97,BRL,SWIFT,70.17,High,True,Yes
TX-109022,2025-02-07 05:07:33.111416,Netherlands,China,51452.71,EUR,Wire,69.14,Medium,False,Yes
TX-109023,2025-03-10 17:11:54.111416,Russia,South Africa,83041.33,RUB,SEPA,70.94,High,True,Yes
TX-109024,2024-08-22 09:46:57.111416,Netherlands,Japan,23222.17,EUR,Wire,30.88,Low,False,Yes
TX-109025,2024-05-11 15:35:15.111416,India,France,37801.37,INR,SEPA,66.22,Medium,False,Yes
TX-109026,2025-02-19 19:54:40.111416,Netherlands,UK,79229.22,EUR,ACH,36.75,Low,False,Yes
TX-109027,2024-04-12 22:53:51.111416,Brazil,Italy,52854.33,BRL,ACH,94.45,High,True,Yes
TX-109028,2024-04-27 12:36:02.111416,France,Australia,40271.53,EUR,RTGS,34.34,Low,False,Yes
TX-109029,2024-08-02 14:48:12.111416,UK,Brazil,3041.31,GBP,ACH,60.3,Medium,False,Yes
TX-109030,2024-11-14 04:19:20.111416,South Africa,Netherlands,75363.2,ZAR,SWIFT,75.01,High,True,Yes
TX-109031,2024-09-13 01:08:09.111416,Germany,Germany,97220.99,EUR,ACH,90.64,High,True,Yes
TX-109032,2024-03-22 22:48:21.111416,Canada,UK,62066.67,CAD,SEPA,43.79,Medium,False,Yes
TX-109033,2024-12-13 23:44:59.111416,UK,Netherlands,85668.47,GBP,ACH,36.05,Low,False,Yes
TX-109034,2024-10-03 06:50:24.112416,UK,USA,51735.89,GBP,ACH,43.0,Medium,False,Yes
TX-109035,2024-08-02 07:54:00.112416,USA,France,23244.93,USD,SEPA,32.37,Low,False,Yes
TX-109036,2024-10-04 04:53:22.112416,South Africa,South Africa,1542.77,ZAR,RTGS,65.39,Medium,False,Yes
TX-109037,2024-12-16 18:56:30.112416,China,India,65374.49,CNY,SWIFT,93.27,High,True,Yes
TX-109038,2024-09-28 12:46:48.112416,China,France,49361.57,CNY,SWIFT,12.61,Low,False,Yes
TX-109039,2024-08-14 19:37:30.112416,France,Canada,78231.6,EUR,Wire,56.09,Medium,False,Yes
TX-109040,2024-07-29 02:22:19.112416,China,Germany,69498.77,CNY,SWIFT,89.76,High,True,Yes
TX-109041,2025-03-05 16:28:52.112416,China,South Africa,98796.44,CNY,Wire,10.01,Low,False,Yes
TX-109042,2024-03-25 16:36:17.112416,China,Japan,51080.23,CNY,Wire,49.39,Medium,False,Yes
TX-109043,2024-09-02 16:39:42.112416,Germany,France,42774.76,EUR,ACH,86.52,High,True,Yes
TX-109044,2025-02-24 15:30:31.112416,China,Spain,28745.29,CNY,ACH,90.05,High,True,Yes
TX-109045,2024-08-08 16:43:47.112416,Germany,China,47738.44,EUR,RTGS,51.44,Medium,False,Yes
TX-109046,2024-10-30 20:49:28.112416,Germany,Italy,87299.86,EUR,SEPA,2.5,Low,False,Yes
TX-109047,2024-06-01 08:44:07.112416,India,USA,4339.73,INR,ACH,10.56,Low,False,Yes
TX-109048,2024-09-22 15:21:29.112416,USA,China,97792.21,USD,SEPA,58.67,Medium,False,Yes
TX-109049,2025-01-13 02:51:35.112416,Spain,France,99331.39,EUR,Wire,12.39,Low,False,Yes
TX-109050,2024-05-21 17:15:23.112416,Canada,Spain,59822.36,CAD,SWIFT,14.94,Low,False,Yes
TX-109051,2024-07-18 15:43:09.112416,Brazil,France,33221.27,BRL,RTGS,77.21,High,True,Yes
TX-109052,2024-07-20 00:53:42.112416,South Africa,India,22382.59,ZAR,SWIFT,75.07,High,True,Yes
TX-109053,2024-12-14 05:34:47.112416,Australia,France,27721.39,AUD,RTGS,84.28,High,True,Yes
TX-109054,2024-11-18 00:32:01.112416,UK,South Africa,5105.53,GBP,Wire,10.57,Low,False,Yes
TX-109055,2025-02-08 11:37:42.112416,Japan,India,47563.58,JPY,Wire,19.81,Low,False,Yes
TX-109056,2024-11-07 12:50:00.112416,Russia,South Africa,5826.69,RUB,SWIFT,83.3,High,True,Yes
TX-109057,2025-01-05 01:51:49.112416,China,South Africa,71875.57,CNY,ACH,72.11,High,True,Yes
TX-109058,2024-10-23 03:24:14.112416,Australia,China,37255.75,AUD,Wire,80.6,High,True,Yes
TX-109059,2024-12-06 22:05:34.112416,Brazil,USA,20016.54,BRL,SWIFT,98.97,High,True,Yes
TX-109060,2024-07-05 01:42:02.112416,India,Canada,54530.87,INR,Wire,86.44,High,True,Yes
TX-109061,2024-04-17 13:52:41.112416,Spain,France,97378.55,EUR,SWIFT,52.05,Medium,False,Yes
TX-109062,2024-06-24 11:28:57.112416,UK,China,69543.59,GBP,SEPA,31.08,Low,False,Yes
TX-109063,2025-01-09 21:57:23.112416,Russia,India,49225.51,RUB,ACH,56.97,Medium,False,Yes
TX-109064,2024-12-08 10:42:58.112416,Italy,Spain,77713.74,EUR,SEPA,63.86,Medium,False,Yes
TX-109065,2025-01-13 02:57:08.112416,Australia,Russia,73773.9,AUD,ACH,33.53,Low,False,Yes
TX-109066,2024-10-19 05:16:54.112416,Australia,France,89184.37,AUD,RTGS,77.09,High,True,Yes
TX-109067,2025-01-13 19:34:01.112416,UK,Russia,20546.43,GBP,RTGS,9.28,Low,False,Yes
TX-109068,2024-12-21 11:50:08.112416,UK,UK,85901.87,GBP,SEPA,77.94,High,True,Yes
TX-109069,2025-01-16 18:51:54.112416,Germany,Australia,30172.51,EUR,SWIFT,3.2,Low,False,Yes
TX-109070,2024-07-19 08:37:07.112416,Germany,Australia,94105.79,EUR,ACH,49.8,Medium,False,Yes
TX-109071,2024-12-27 01:24:28.112416,USA,USA,28178.41,USD,RTGS,86.14,High,True,Yes
TX-109072,2024-07-15 16:59:44.112416,Italy,Australia,92692.17,EUR,ACH,8.65,Low,False,Yes
TX-109073,2024-10-14 21:07:55.112416,South Africa,USA,96382.69,ZAR,SEPA,51.77,Medium,False,Yes
TX-109074,2024-08-12 03:25:40.112416,USA,Australia,14634.59,USD,Wire,15.94,Low,False,Yes
TX-109075,2024-07-30 19:32:38.112416,Netherlands,USA,97452.54,EUR,RTGS,89.48,High,True,Yes
TX-109076,2024-12-22 03:38:01.112416,France,Spain,8663.72,EUR,SEPA,83.23,High,True,Yes
TX-109077,2024-09-25 16:02:04.112416,Italy,Australia,21934.92,EUR,Wire,93.39,High,True,Yes
TX-109078,2024-11-14 14:26:49.112416,Germany,India,44472.46,EUR,RTGS,87.5,High,True,Yes
TX-109079,2024-10-21 11:43:48.112416,Brazil,Russia,99360.38,BRL,RTGS,73.66,High,True,Yes
TX-109080,2025-01-24 18:44:31.112416,India,Japan,48907.45,INR,SWIFT,18.49,Low,False,Yes
TX-109081,2025-01-22 01:49:17.112416,Germany,Germany,55085.9,EUR,Wire,30.25,Low,False,Yes
TX-109082,2024-07-15 07:51:18.112416,South Africa,Italy,69473.05,ZAR,ACH,49.69,Medium,False,Yes
TX-109083,2024-04-28 04:25:31.112416,Germany,USA,96832.53,EUR,ACH,58.89,Medium,False,Yes
TX-109084,2024-03-27 10:45:51.112416,Canada,China,78356.8,CAD,RTGS,78.22,High,True,Yes
TX-109085,2024-08-17 01:14:06.112416,UK,Canada,22492.99,GBP,ACH,22.7,Low,False,Yes
TX-109086,2025-01-05 05:26:47.112416,Netherlands,France,30368.79,EUR,SWIFT,12.83,Low,False,Yes
TX-109087,2024-09-21 19:29:26.112416,Australia,Netherlands,9853.06,AUD,ACH,48.26,Medium,False,Yes
TX-109088,2024-09-08 03:39:08.112416,Russia,China,64480.79,RUB,ACH,15.78,Low,False,Yes
TX-109089,2025-01-12 16:18:50.112416,China,Japan,18155.96,CNY,SEPA,69.37,Medium,False,Yes
TX-109090,2024-03-21 02:12:20.112416,Australia,Spain,25814.75,AUD,SEPA,57.56,Medium,False,Yes
TX-109091,2024-10-24 13:08:33.112416,Brazil,Canada,88822.55,BRL,SWIFT,74.11,High,True,Yes
TX-109092,2025-01-29 14:00:27.112416,Spain,Australia,32742.89,EUR,Wire,6.34,Low,False,Yes
TX-109093,2024-11-25 07:43:30.112416,Russia,UK,56708.01,RUB,Wire,96.47,High,True,Yes
TX-109094,2024-07-22 20:29:10.112416,Australia,France,39816.84,AUD,SWIFT,0.0,Low,False,Yes
TX-109095,2024-06-10 13:06:47.112416,Netherlands,South Africa,7495.73,EUR,RTGS,32.54,Low,False,Yes
TX-109096,2025-01-28 18:23:21.112416,Germany,South Africa,36350.1,EUR,RTGS,67.96,Medium,False,Yes
TX-109097,2024-08-01 12:52:45.112416,Italy,France,40866.01,EUR,ACH,4.51,Low,False,Yes
TX-109098,2024-05-01 06:10:00.112416,Italy,France,89580.54,EUR,Wire,8.33,Low,False,Yes
TX-109099,2024-09-09 11:23:11.112416,South Africa,Russia,32512.62,ZAR,SWIFT,7.67,Low,False,Yes
TX-109100,2024-04-28 02:13:35.112416,USA,Australia,37986.19,USD,ACH,58.15,Medium,False,Yes
TX-109101,2024-06-14 01:38:08.112416,China,UK,78311.39,CNY,SWIFT,89.59,High,True,Yes
TX-109102,2024-10-31 12:45:04.112416,Brazil,Germany,75919.77,BRL,SWIFT,55.54,Medium,False,Yes
TX-109103,2025-01-02 08:33:45.112416,Russia,India,79848.7,RUB,SEPA,60.36,Medium,False,Yes
TX-109104,2024-11-22 18:54:07.112416,Italy,UK,95381.7,EUR,SWIFT,34.6,Low,False,Yes
TX-109105,2024-06-24 07:29:28.112416,Brazil,UK,79576.19,BRL,SWIFT,1.87,Low,False,Yes
TX-109106,2025-03-12 04:13:48.112416,Spain,Russia,40820.06,EUR,Wire,2.16,Low,False,Yes
TX-109107,2024-06-03 19:15:31.112416,Italy,China,82168.7,EUR,SWIFT,88.83,High,True,Yes
TX-109108,2024-10-01 21:35:10.112416,China,India,50916.6,CNY,SWIFT,10.26,Low,False,Yes
TX-109109,2024-06-30 22:29:59.112416,Brazil,USA,27843.63,BRL,ACH,99.98,High,True,Yes
TX-109110,2024-07-17 14:15:15.112416,China,Germany,30361.42,CNY,SEPA,16.44,Low,False,Yes
TX-109111,2025-01-23 08:00:22.112416,China,Canada,22461.85,CNY,ACH,67.46,Medium,False,Yes
TX-109112,2025-03-01 08:29:03.112416,Japan,India,14584.8,JPY,SWIFT,94.9,High,True,Yes
TX-109113,2024-09-03 14:51:23.112416,Japan,USA,18530.59,JPY,ACH,36.23,Low,False,Yes
TX-109114,2024-06-22 16:27:29.112416,India,UK,6411.49,INR,SEPA,73.44,High,True,Yes
TX-109115,2025-02-08 21:30:52.112416,Netherlands,India,88856.24,EUR,SWIFT,35.09,Low,False,Yes
TX-109116,2024-09-01 04:13:03.112416,Brazil,Japan,93107.68,BRL,Wire,30.49,Low,False,Yes
TX-109117,2024-12-07 08:35:30.112416,South Africa,Russia,58718.36,ZAR,Wire,20.18,Low,False,Yes
TX-109118,2025-03-12 03:45:45.112416,USA,Australia,84064.91,USD,ACH,82.09,High,True,Yes
TX-109119,2024-12-10 16:37:13.112416,Japan,China,18438.75,JPY,SWIFT,25.74,Low,False,Yes
TX-109120,2025-03-06 08:12:54.112416,Canada,Spain,90177.22,CAD,SEPA,28.32,Low,False,Yes
TX-109121,2024-05-05 14:02:50.112416,Australia,USA,50685.52,AUD,RTGS,99.9,High,True,Yes
TX-109122,2025-02-18 01:08:04.112416,Australia,Japan,6809.78,AUD,SEPA,32.73,Low,False,Yes
TX-109123,2024-08-22 03:09:28.112416,Russia,Brazil,14217.14,RUB,RTGS,42.28,Medium,False,Yes
TX-109124,2025-02-26 15:55:13.112416,Netherlands,Germany,30966.75,EUR,SEPA,99.01,High,True,Yes
TX-109125,2025-01-20 10:03:06.112416,USA,USA,4451.4,USD,RTGS,36.93,Low,False,Yes
TX-109126,2025-02-17 11:00:21.112416,Netherlands,Brazil,30998.41,EUR,Wire,36.62,Low,False,Yes
TX-109127,2024-12-12 15:58:28.112416,Germany,France,6087.05,EUR,Wire,82.77,High,True,Yes
TX-109128,2024-12-02 22:29:01.112416,Japan,France,23679.16,JPY,RTGS,31.19,Low,False,Yes
TX-109129,2024-12-16 12:06:54.112416,Japan,USA,26640.41,JPY,ACH,23.38,Low,False,Yes
TX-109130,2025-02-11 04:52:22.112416,Italy,India,99437.46,EUR,SWIFT,42.32,Medium,False,Yes
TX-109131,2024-07-09 13:56:16.112416,Brazil,Russia,23631.11,BRL,RTGS,70.06,High,True,Yes
TX-109132,2025-03-09 02:58:27.112416,USA,Russia,23994.73,USD,ACH,4.32,Low,False,Yes
TX-109133,2024-04-14 02:09:46.112416,Japan,Russia,68710.22,JPY,SEPA,37.39,Low,False,Yes
TX-109134,2024-07-23 02:39:47.112416,Italy,Spain,85949.81,EUR,RTGS,34.62,Low,False,Yes
TX-109135,2024-04-10 13:18:27.112416,Japan,Japan,38766.84,JPY,Wire,24.48,Low,False,Yes
TX-109136,2024-11-02 07:49:52.112416,South Africa,Brazil,87574.24,ZAR,SWIFT,65.43,Medium,False,Yes
TX-109137,2024-09-09 06:23:15.112416,India,USA,34080.19,INR,Wire,29.0,Low,False,Yes
TX-109138,2024-10-23 21:17:20.112416,USA,China,19781.89,USD,SEPA,60.67,Medium,False,Yes
TX-109139,2024-04-22 02:08:40.112416,Germany,Germany,33030.92,EUR,SEPA,50.43,Medium,False,Yes
TX-109140,2025-03-12 23:14:00.112416,France,Spain,60974.7,EUR,ACH,21.72,Low,False,Yes
TX-109141,2024-09-10 07:41:03.112416,Australia,Canada,36777.6,AUD,Wire,26.66,Low,False,Yes
TX-109142,2024-12-21 10:43:52.112416,Italy,Canada,67322.09,EUR,SEPA,17.06,Low,False,Yes
TX-109143,2024-09-30 19:42:57.112416,Netherlands,Japan,23769.89,EUR,ACH,5.66,Low,False,Yes
TX-109144,2025-01-16 00:18:46.112416,France,Australia,70129.19,EUR,SWIFT,61.92,Medium,False,Yes
TX-109145,2025-01-01 03:42:48.112416,South Africa,Canada,34809.09,ZAR,Wire,67.28,Medium,False,Yes
TX-109146,2024-05-20 15:36:48.112416,Russia,Japan,45641.25,RUB,ACH,16.6,Low,False,Yes
TX-109147,2025-02-09 17:06:41.112416,France,Canada,55818.74,EUR,SWIFT,61.54,Medium,False,Yes
TX-109148,2024-04-03 08:22:57.112416,Australia,Germany,68653.88,AUD,ACH,98.21,High,True,Yes
TX-109149,2024-08-04 17:01:22.112416,UK,Germany,23947.5,GBP,Wire,7.44,Low,False,Yes
TX-109150,2025-01-30 17:15:07.112416,Italy,Spain,83610.96,EUR,SWIFT,49.04,Medium,False,Yes
TX-109151,2025-01-01 15:45:09.112416,France,China,72212.09,EUR,SWIFT,73.3,High,True,Yes
TX-109152,2024-06-12 02:11:57.112416,China,Spain,23486.38,CNY,RTGS,4.6,Low,False,Yes
TX-109153,2025-03-10 09:09:27.112416,Netherlands,Russia,97499.96,EUR,ACH,77.83,High,True,Yes
TX-109154,2024-08-03 16:46:42.112416,USA,Russia,66513.22,USD,Wire,97.95,High,True,Yes
TX-109155,2024-04-05 07:55:28.112416,Brazil,India,45297.45,BRL,SWIFT,8.85,Low,False,Yes
TX-109156,2024-05-06 03:54:54.112416,Japan,Italy,15836.98,JPY,SWIFT,82.22,High,True,Yes
TX-109157,2025-01-06 15:20:16.113416,Netherlands,Canada,53368.78,EUR,RTGS,37.86,Low,False,Yes
TX-109158,2024-03-28 16:08:21.113416,UK,India,16561.11,GBP,RTGS,14.41,Low,False,Yes
TX-109159,2024-04-01 07:41:54.113416,Australia,Italy,43006.22,AUD,ACH,49.32,Medium,False,Yes
TX-109160,2025-01-02 20:16:29.113416,Russia,Netherlands,40930.38,RUB,SEPA,7.15,Low,False,Yes
TX-109161,2025-02-01 03:12:32.113416,India,France,72021.97,INR,SEPA,52.21,Medium,False,Yes
TX-109162,2024-06-23 03:31:03.113416,Australia,UK,19319.08,AUD,ACH,1.94,Low,False,Yes
TX-109163,2024-04-24 18:54:04.113416,Canada,USA,82204.95,CAD,SWIFT,72.86,High,True,Yes
TX-109164,2025-01-10 16:00:34.113416,Brazil,Spain,32680.62,BRL,SEPA,48.8,Medium,False,Yes
TX-109165,2024-12-24 06:52:58.113416,Japan,China,44454.46,JPY,ACH,45.89,Medium,False,Yes
TX-109166,2024-06-21 20:14:31.113416,Canada,South Africa,77256.86,CAD,SWIFT,19.62,Low,False,Yes
TX-109167,2025-01-19 22:39:40.113416,UK,Spain,62576.7,GBP,SWIFT,36.13,Low,False,Yes
TX-109168,2025-01-03 22:05:21.113416,South Africa,Spain,30871.73,ZAR,SWIFT,18.19,Low,False,Yes
TX-109169,2024-07-17 20:24:11.113416,China,Italy,38681.67,CNY,SWIFT,73.54,High,True,Yes
TX-109170,2024-09-02 07:40:09.113416,Netherlands,Netherlands,30648.1,EUR,RTGS,19.9,Low,False,Yes
TX-109171,2024-09-08 08:45:39.113416,Brazil,India,59517.54,BRL,SWIFT,61.68,Medium,False,Yes
TX-109172,2024-10-06 18:33:15.113416,Japan,Spain,33329.19,JPY,RTGS,27.96,Low,False,Yes
TX-109173,2024-05-22 11:02:57.113416,UK,Australia,72597.2,GBP,SWIFT,65.7,Medium,False,Yes
TX-109174,2025-02-04 11:07:13.113416,Italy,France,58020.74,EUR,Wire,54.05,Medium,False,Yes
TX-109175,2024-10-22 13:48:08.113416,Italy,China,14656.09,EUR,SWIFT,42.34,Medium,False,Yes
TX-109176,2024-12-08 13:26:42.113416,Spain,USA,31095.84,EUR,Wire,67.3,Medium,False,Yes
TX-109177,2024-10-20 21:52:53.113416,Australia,UK,22222.6,AUD,SWIFT,41.57,Medium,False,Yes
TX-109178,2025-01-13 02:58:39.113416,USA,Spain,39092.29,USD,ACH,82.14,High,True,Yes
TX-109179,2024-08-02 13:15:43.113416,UK,USA,51646.81,GBP,SEPA,72.96,High,True,Yes
TX-109180,2024-06-01 20:46:38.113416,Australia,France,50725.61,AUD,RTGS,54.06,Medium,False,Yes
TX-109181,2024-07-05 01:58:38.113416,China,Netherlands,75476.92,CNY,Wire,87.71,High,True,Yes
TX-109182,2024-09-23 06:10:27.113416,Netherlands,UK,18998.27,EUR,SWIFT,82.89,High,True,Yes
TX-109183,2024-04-21 13:00:40.113416,Brazil,Netherlands,94652.64,BRL,SWIFT,53.18,Medium,False,Yes
TX-109184,2025-01-09 04:10:19.113416,Netherlands,China,34350.23,EUR,Wire,6.84,Low,False,Yes
TX-109185,2024-12-25 13:43:08.113416,Germany,USA,30094.86,EUR,SWIFT,56.6,Medium,False,Yes
TX-109186,2024-04-17 17:04:46.113416,Netherlands,Canada,68549.34,EUR,Wire,35.53,Low,False,Yes
TX-109187,2024-11-19 17:42:37.113416,Australia,China,80571.11,AUD,SWIFT,54.01,Medium,False,Yes
TX-109188,2025-02-21 07:35:20.113416,Canada,Germany,37909.33,CAD,SWIFT,64.71,Medium,False,Yes
TX-109189,2025-02-14 08:17:57.113416,France,South Africa,74710.01,EUR,ACH,64.48,Medium,False,Yes
TX-109190,2024-11-06 03:24:11.113416,Spain,Spain,88385.22,EUR,SEPA,67.35,Medium,False,Yes
TX-109191,2024-04-30 05:54:21.113416,Brazil,Japan,76703.69,BRL,SEPA,67.93,Medium,False,Yes
TX-109192,2024-04-13 17:45:06.113416,India,Brazil,3516.23,INR,SEPA,10.93,Low,False,Yes
TX-109193,2024-08-23 21:06:59.113416,Netherlands,South Africa,82754.15,EUR,Wire,19.17,Low,False,Yes
TX-109194,2024-10-10 02:00:24.113416,Brazil,Brazil,77470.65,BRL,Wire,63.05,Medium,False,Yes
TX-109195,2024-06-27 17:54:52.113416,South Africa,Japan,66962.09,ZAR,SEPA,40.82,Medium,False,Yes
TX-109196,2024-07-14 13:16:33.113416,UK,South Africa,76026.24,GBP,SEPA,76.29,High,True,Yes
TX-109197,2024-08-23 21:42:06.113416,Brazil,China,97944.6,BRL,ACH,12.49,Low,False,Yes
TX-109198,2024-11-14 22:49:15.113416,Brazil,Brazil,43168.18,BRL,Wire,19.15,Low,False,Yes
TX-109199,2025-03-07 08:19:33.113416,Canada,Spain,6815.6,CAD,SEPA,55.85,Medium,False,Yes
TX-109200,2025-02-13 18:46:45.113416,Canada,Germany,46142.91,CAD,SEPA,50.07,Medium,False,Yes
TX-109201,2024-04-03 05:06:00.113416,Canada,Italy,4738.72,CAD,SWIFT,26.64,Low,False,Yes
TX-109202,2024-10-28 19:21:22.113416,Brazil,Russia,29495.62,BRL,SEPA,40.83,Medium,False,Yes
TX-109203,2024-08-08 02:45:28.113416,Australia,China,58729.29,AUD,RTGS,3.5,Low,False,Yes
TX-109204,2024-06-16 22:08:05.113416,India,USA,31031.33,INR,RTGS,3.7,Low,False,Yes
TX-109205,2024-08-17 04:01:17.113416,Spain,India,68570.99,EUR,ACH,9.49,Low,False,Yes
TX-109206,2024-10-05 05:08:55.113416,Canada,Brazil,82216.43,CAD,ACH,57.68,Medium,False,Yes
TX-109207,2024-07-12 14:25:03.113416,Japan,UK,42101.87,JPY,SWIFT,86.37,High,True,Yes
TX-109208,2024-08-20 11:00:26.113416,Brazil,Italy,90023.78,BRL,Wire,26.02,Low,False,Yes
TX-109209,2024-06-07 09:32:28.113416,Italy,South Africa,8075.91,EUR,SWIFT,3.39,Low,False,Yes
TX-109210,2025-02-02 07:59:37.113416,Brazil,India,84027.31,BRL,ACH,70.86,High,True,Yes
TX-109211,2024-11-09 16:12:30.113416,South Africa,Canada,82874.46,ZAR,ACH,85.54,High,True,Yes
TX-109212,2024-06-20 08:12:06.113416,Japan,Canada,32267.19,JPY,SWIFT,13.82,Low,False,Yes
TX-109213,2025-02-05 22:11:00.113416,China,Netherlands,29941.65,CNY,Wire,38.57,Low,False,Yes
TX-109214,2024-05-23 14:16:54.113416,UK,Germany,30578.99,GBP,Wire,15.87,Low,False,Yes
TX-109215,2025-01-31 17:53:08.113416,Italy,China,81158.23,EUR,SWIFT,10.64,Low,False,Yes
TX-109216,2024-11-27 11:07:17.113416,Japan,Japan,83182.18,JPY,SWIFT,64.82,Medium,False,Yes
TX-109217,2025-01-12 20:25:29.113416,Italy,China,33039.27,EUR,RTGS,96.75,High,True,Yes
TX-109218,2024-11-17 23:08:41.113416,USA,India,59299.78,USD,RTGS,67.82,Medium,False,Yes
TX-109219,2025-02-09 11:07:25.113416,South Africa,Japan,13979.43,ZAR,ACH,98.48,High,True,Yes
TX-109220,2024-10-31 21:08:40.113416,UK,Brazil,46931.0,GBP,SEPA,43.44,Medium,False,Yes
TX-109221,2024-05-19 09:45:51.113416,Netherlands,Italy,99879.41,EUR,SWIFT,89.79,High,True,Yes
TX-109222,2024-11-17 01:04:42.113416,Spain,Japan,15968.03,EUR,SWIFT,20.51,Low,False,Yes
TX-109223,2024-06-13 18:56:23.113416,China,Brazil,94761.51,CNY,Wire,11.79,Low,False,Yes
TX-109224,2024-10-06 23:03:08.113416,Russia,Canada,82443.05,RUB,SWIFT,70.25,High,True,Yes
TX-109225,2024-06-07 12:14:06.113416,India,Russia,97224.24,INR,ACH,37.14,Low,False,Yes
TX-109226,2024-04-06 16:04:54.113416,Russia,Netherlands,18039.92,RUB,SWIFT,31.77,Low,False,Yes
TX-109227,2024-09-27 20:39:04.113416,UK,Japan,21430.5,GBP,Wire,67.13,Medium,False,Yes
TX-109228,2024-09-17 04:20:45.113416,UK,South Africa,1785.03,GBP,SWIFT,33.35,Low,False,Yes
TX-109229,2025-03-12 17:59:42.113416,Russia,USA,72497.71,RUB,RTGS,57.26,Medium,False,Yes
TX-109230,2025-02-04 11:43:02.113416,UK,China,64445.06,GBP,ACH,29.95,Low,False,Yes
TX-109231,2024-09-26 21:03:16.113416,UK,Australia,17888.74,GBP,SEPA,78.38,High,True,Yes
TX-109232,2024-05-22 15:44:01.113416,South Africa,India,79135.38,ZAR,Wire,31.24,Low,False,Yes
TX-109233,2024-05-16 07:09:16.113416,Brazil,Japan,29989.63,BRL,RTGS,53.5,Medium,False,Yes
TX-109234,2024-04-29 23:09:00.113416,USA,Japan,13586.06,USD,Wire,2.32,Low,False,Yes
TX-109235,2024-10-13 10:54:11.113416,Italy,Australia,42314.01,EUR,Wire,79.17,High,True,Yes
TX-109236,2024-10-15 07:05:31.113416,France,Spain,9187.89,EUR,SEPA,62.03,Medium,False,Yes
TX-109237,2024-10-25 12:43:49.113416,France,France,26398.04,EUR,SWIFT,19.22,Low,False,Yes
TX-109238,2024-06-23 01:16:30.113416,Brazil,Germany,37196.2,BRL,SWIFT,21.54,Low,False,Yes
TX-109239,2024-04-04 23:05:51.113416,South Africa,Russia,85201.23,ZAR,SWIFT,26.25,Low,False,Yes
TX-109240,2024-04-12 11:23:46.113416,Australia,China,79275.62,AUD,ACH,57.65,Medium,False,Yes
TX-109241,2024-05-19 17:16:26.113416,France,France,44331.15,EUR,Wire,54.83,Medium,False,Yes
TX-109242,2024-10-25 15:47:02.113416,India,Netherlands,72485.05,INR,ACH,27.39,Low,False,Yes
TX-109243,2024-05-07 02:24:48.113416,UK,Germany,56908.1,GBP,Wire,69.41,Medium,False,Yes
TX-109244,2024-06-27 10:35:02.113416,Canada,Spain,34150.1,CAD,SEPA,88.9,High,True,Yes
TX-109245,2024-03-27 03:37:55.113416,Netherlands,Germany,72614.85,EUR,SEPA,4.35,Low,False,Yes
TX-109246,2024-06-25 14:28:48.113416,UK,South Africa,68381.57,GBP,ACH,41.72,Medium,False,Yes
TX-109247,2024-10-31 01:35:34.113416,Germany,South Africa,61947.53,EUR,RTGS,59.35,Medium,False,Yes
TX-109248,2024-04-04 17:50:28.113416,USA,Spain,61833.76,USD,SEPA,58.64,Medium,False,Yes
TX-109249,2024-08-05 02:14:51.113416,China,Germany,68329.9,CNY,Wire,1.95,Low,False,Yes
TX-109250,2025-01-05 16:18:12.113416,South Africa,Australia,38516.1,ZAR,SEPA,21.06,Low,False,Yes
TX-109251,2024-06-05 21:33:44.113416,France,Spain,86920.67,EUR,SEPA,6.18,Low,False,Yes
TX-109252,2024-07-01 18:31:41.113416,USA,Brazil,16314.55,USD,ACH,56.9,Medium,False,Yes
TX-109253,2025-01-16 18:10:40.113416,Australia,Canada,88400.16,AUD,ACH,64.54,Medium,False,Yes
TX-109254,2024-07-15 20:03:56.113416,Australia,Brazil,34293.96,AUD,SEPA,15.97,Low,False,Yes
TX-109255,2025-01-16 21:39:02.113416,Russia,Germany,12590.66,RUB,Wire,33.3,Low,False,Yes
TX-109256,2024-11-29 01:20:31.113416,Australia,Australia,60042.74,AUD,RTGS,32.98,Low,False,Yes
TX-109257,2024-12-28 05:22:25.113416,Japan,Brazil,37661.07,JPY,RTGS,81.98,High,True,Yes
TX-109258,2024-09-12 17:43:39.113416,South Africa,Netherlands,81568.42,ZAR,SWIFT,19.47,Low,False,Yes
TX-109259,2024-05-04 10:32:25.113416,USA,Italy,43135.47,USD,ACH,54.83,Medium,False,Yes
TX-109260,2024-05-02 03:15:53.113416,China,Spain,66889.4,CNY,Wire,78.29,High,True,Yes
TX-109261,2024-05-12 08:43:35.113416,Netherlands,Canada,30894.97,EUR,SEPA,82.96,High,True,Yes
TX-109262,2024-06-17 03:09:44.113416,Australia,Spain,21024.29,AUD,ACH,66.66,Medium,False,Yes
TX-109263,2024-10-28 06:34:29.113416,Germany,Japan,38866.1,EUR,RTGS,29.95,Low,False,Yes
TX-109264,2024-08-14 06:30:39.113416,Germany,Japan,60720.1,EUR,SWIFT,82.3,High,True,Yes
TX-109265,2024-12-25 04:38:53.113416,China,Canada,65728.98,CNY,RTGS,74.22,High,True,Yes
TX-109266,2024-08-24 06:55:30.113416,India,Netherlands,57862.85,INR,SEPA,70.45,High,True,Yes
TX-109267,2025-03-17 12:42:42.113416,Australia,Spain,98806.77,AUD,SWIFT,6.73,Low,False,Yes
TX-109268,2024-08-19 18:44:10.113416,Australia,India,69139.91,AUD,SEPA,4.33,Low,False,Yes
TX-109269,2025-02-20 18:50:36.113416,Italy,Australia,93158.81,EUR,SWIFT,69.54,Medium,False,Yes
TX-109270,2024-07-12 11:46:26.113416,Australia,China,11881.53,AUD,ACH,94.48,High,True,Yes
TX-109271,2025-02-10 17:22:53.113416,Canada,Germany,6231.16,CAD,RTGS,77.37,High,True,Yes
TX-109272,2024-12-05 04:53:50.113416,China,Australia,31168.37,CNY,Wire,83.15,High,True,Yes
TX-109273,2024-08-12 15:06:25.113416,China,South Africa,13745.23,CNY,SWIFT,54.5,Medium,False,Yes
TX-109274,2024-11-07 20:45:13.113416,USA,Italy,52634.27,USD,SWIFT,30.46,Low,False,Yes
TX-109275,2024-05-31 13:00:18.113416,Germany,Germany,51946.23,EUR,ACH,67.77,Medium,False,Yes
TX-109276,2024-07-17 22:15:14.113416,Netherlands,China,57547.21,EUR,RTGS,71.2,High,True,Yes
TX-109277,2024-11-22 21:06:49.113416,Japan,Russia,74548.27,JPY,Wire,67.54,Medium,False,Yes
TX-109278,2024-07-24 21:05:38.113416,France,Russia,97135.84,EUR,RTGS,94.67,High,True,Yes
TX-109279,2025-03-09 23:20:58.113416,China,UK,87838.04,CNY,ACH,36.72,Low,False,Yes
TX-109280,2025-03-01 12:39:49.114416,India,Netherlands,11924.89,INR,SEPA,3.97,Low,False,Yes
TX-109281,2024-07-05 04:24:40.114416,Japan,Japan,33917.52,JPY,SEPA,90.84,High,True,Yes
TX-109282,2025-02-18 12:40:08.114416,Russia,Germany,25656.72,RUB,RTGS,16.05,Low,False,Yes
TX-109283,2025-01-31 21:55:27.114416,Russia,South Africa,17764.05,RUB,ACH,69.73,Medium,False,Yes
TX-109284,2024-11-11 23:08:33.114416,Germany,Netherlands,54518.02,EUR,ACH,87.32,High,True,Yes
TX-109285,2024-04-09 09:03:08.114416,USA,Italy,55371.11,USD,RTGS,31.01,Low,False,Yes
TX-109286,2024-09-05 01:31:16.114416,UK,India,22801.76,GBP,SWIFT,83.04,High,True,Yes
TX-109287,2024-12-28 03:59:01.114416,UK,China,71218.54,GBP,SWIFT,33.21,Low,False,Yes
TX-109288,2025-02-23 14:17:11.114416,USA,India,73318.14,USD,SEPA,79.43,High,True,Yes
TX-109289,2024-09-02 05:09:48.114416,India,UK,2195.9,INR,SWIFT,6.98,Low,False,Yes
TX-109290,2024-03-23 11:20:17.114416,Spain,China,39636.19,EUR,SWIFT,65.52,Medium,False,Yes
TX-109291,2024-07-27 15:30:56.114416,USA,France,89025.05,USD,SEPA,67.71,Medium,False,Yes
TX-109292,2024-05-07 07:55:47.114416,UK,South Africa,52079.83,GBP,RTGS,49.14,Medium,False,Yes
TX-109293,2025-01-04 22:51:58.114416,Russia,France,34828.02,RUB,Wire,68.71,Medium,False,Yes
TX-109294,2024-11-20 21:20:12.114416,USA,Spain,25442.25,USD,SWIFT,92.32,High,True,Yes
TX-109295,2025-02-16 22:28:09.114416,India,Spain,24411.12,INR,Wire,73.39,High,True,Yes
TX-109296,2024-09-24 02:58:15.114416,China,Canada,10066.83,CNY,SWIFT,96.13,High,True,Yes
TX-109297,2024-08-06 21:48:03.114416,Russia,Canada,81740.92,RUB,Wire,44.86,Medium,False,Yes
TX-109298,2024-12-29 00:22:19.114416,China,Italy,8757.07,CNY,Wire,52.83,Medium,False,Yes
TX-109299,2025-01-02 04:02:23.114416,France,Italy,29300.25,EUR,Wire,26.37,Low,False,Yes
TX-109300,2024-08-08 02:20:14.114416,Spain,Japan,4663.01,EUR,Wire,98.56,High,True,Yes
TX-109301,2024-04-30 21:56:41.114416,Netherlands,UK,78160.52,EUR,RTGS,5.51,Low,False,Yes
TX-109302,2025-01-26 07:40:43.114416,Canada,China,4024.44,CAD,SEPA,35.86,Low,False,Yes
TX-109303,2024-12-10 08:57:38.114416,USA,Australia,30899.28,USD,RTGS,29.77,Low,False,Yes
TX-109304,2024-11-25 12:38:10.114416,Canada,India,57372.41,CAD,Wire,38.65,Low,False,Yes
TX-109305,2024-12-31 10:14:38.114416,Italy,Netherlands,41015.18,EUR,SWIFT,91.77,High,True,Yes
TX-109306,2024-09-10 02:00:27.114416,UK,South Africa,28298.88,GBP,ACH,36.8,Low,False,Yes
TX-109307,2025-01-26 22:59:25.114416,UK,Germany,27591.39,GBP,RTGS,91.7,High,True,Yes
TX-109308,2024-11-05 03:44:33.114416,India,Netherlands,79799.25,INR,SEPA,42.33,Medium,False,Yes
TX-109309,2025-03-14 09:05:42.114416,France,UK,97400.41,EUR,RTGS,85.48,High,True,Yes
TX-109310,2024-06-25 06:02:36.114416,China,Netherlands,34869.3,CNY,Wire,52.18,Medium,False,Yes
TX-109311,2025-02-06 23:59:42.114416,India,Australia,4010.64,INR,Wire,31.14,Low,False,Yes
TX-109312,2025-01-28 19:23:42.114416,Brazil,USA,3752.92,BRL,SEPA,44.93,Medium,False,Yes
TX-109313,2024-04-25 17:40:38.114416,Brazil,UK,75945.42,BRL,Wire,42.44,Medium,False,Yes
TX-109314,2025-02-12 06:14:45.114416,China,Canada,55281.75,CNY,SEPA,25.99,Low,False,Yes
TX-109315,2024-07-30 19:14:55.114416,China,Italy,78380.91,CNY,ACH,28.96,Low,False,Yes
TX-109316,2024-12-01 05:19:24.114416,South Africa,France,69779.95,ZAR,Wire,18.65,Low,False,Yes
TX-109317,2024-04-07 01:06:13.114416,Japan,South Africa,90759.88,JPY,SWIFT,33.6,Low,False,Yes
TX-109318,2024-09-29 04:25:07.114416,UK,Japan,88593.85,GBP,RTGS,62.44,Medium,False,Yes
TX-109319,2024-04-02 07:27:44.114416,Australia,Brazil,78853.91,AUD,SWIFT,38.66,Low,False,Yes
TX-109320,2025-03-14 17:23:12.114416,Brazil,Netherlands,47571.4,BRL,ACH,71.23,High,True,Yes
TX-109321,2024-06-18 05:44:17.114416,China,Australia,30881.83,CNY,Wire,98.7,High,True,Yes
TX-109322,2024-08-20 20:32:53.114416,Spain,Brazil,50751.98,EUR,RTGS,37.71,Low,False,Yes
TX-109323,2024-05-26 11:53:58.114416,Netherlands,Canada,50256.95,EUR,RTGS,46.26,Medium,False,Yes
TX-109324,2024-04-01 03:37:53.114416,USA,UK,61066.53,USD,RTGS,16.41,Low,False,Yes
TX-109325,2024-10-14 16:41:06.114416,Canada,Russia,18691.15,CAD,ACH,39.22,Low,False,Yes
TX-109326,2024-03-18 18:31:46.114416,South Africa,USA,65596.43,ZAR,ACH,72.68,High,True,Yes
TX-109327,2025-02-15 20:03:00.114416,France,Russia,45714.43,EUR,SWIFT,21.74,Low,False,Yes
TX-109328,2024-04-13 18:46:30.114416,Spain,Italy,62058.46,EUR,RTGS,18.21,Low,False,Yes
TX-109329,2024-08-29 08:57:20.114416,Spain,USA,24036.52,EUR,ACH,37.64,Low,False,Yes
TX-109330,2025-03-16 19:30:30.114416,Netherlands,Brazil,43496.05,EUR,Wire,81.86,High,True,Yes
TX-109331,2024-05-29 09:06:06.114416,Italy,UK,21099.1,EUR,SEPA,62.37,Medium,False,Yes
TX-109332,2025-03-07 18:53:18.114416,Russia,Canada,87542.99,RUB,Wire,95.76,High,True,Yes
TX-109333,2024-04-14 16:18:42.114416,Canada,UK,48847.31,CAD,SWIFT,90.45,High,True,Yes
TX-109334,2024-08-20 21:40:48.114416,South Africa,Japan,22575.64,ZAR,SWIFT,15.11,Low,False,Yes
TX-109335,2025-01-15 01:30:37.114416,Italy,Russia,4216.75,EUR,SWIFT,4.26,Low,False,Yes
TX-109336,2024-12-25 01:08:33.114416,Russia,Japan,67606.29,RUB,SEPA,39.91,Low,False,Yes
TX-109337,2024-03-24 11:45:27.114416,Japan,Netherlands,21543.01,JPY,SEPA,52.21,Medium,False,Yes
TX-109338,2024-09-15 13:24:35.114416,Canada,Italy,98959.26,CAD,ACH,51.56,Medium,False,Yes
TX-109339,2025-02-03 23:30:24.114416,France,Netherlands,53416.67,EUR,SWIFT,13.41,Low,False,Yes
TX-109340,2024-09-20 01:34:00.114416,Australia,Italy,28968.8,AUD,SWIFT,12.48,Low,False,Yes
TX-109341,2025-02-09 14:56:35.114416,UK,Spain,65801.98,GBP,RTGS,4.69,Low,False,Yes
TX-109342,2025-03-09 04:00:27.114416,Canada,UK,27594.47,CAD,SEPA,85.09,High,True,Yes
TX-109343,2024-10-01 21:54:55.114416,Brazil,Italy,82045.4,BRL,SWIFT,94.77,High,True,Yes
TX-109344,2024-11-30 23:06:28.114416,Russia,Brazil,30892.78,RUB,SWIFT,11.57,Low,False,Yes
TX-109345,2024-09-05 08:24:52.114416,France,Japan,98825.95,EUR,Wire,21.31,Low,False,Yes
TX-109346,2025-02-25 17:14:08.114416,Spain,Germany,60553.96,EUR,ACH,8.99,Low,False,Yes
TX-109347,2024-08-20 08:06:43.114416,Japan,Brazil,84456.67,JPY,ACH,87.75,High,True,Yes
TX-109348,2024-03-26 09:17:13.114416,Italy,France,7374.27,EUR,SWIFT,95.87,High,True,Yes
TX-109349,2024-08-18 03:27:36.114416,Japan,Canada,34895.11,JPY,SWIFT,26.18,Low,False,Yes
TX-109350,2025-02-11 03:36:25.114416,Germany,Spain,73774.96,EUR,Wire,30.36,Low,False,Yes
TX-109351,2025-01-06 11:39:36.114416,Brazil,Netherlands,65540.4,BRL,SEPA,36.27,Low,False,Yes
TX-109352,2024-12-11 03:19:07.114416,Germany,Russia,19504.89,EUR,SWIFT,50.25,Medium,False,Yes
TX-109353,2024-05-05 17:37:01.114416,China,Netherlands,35684.67,CNY,SEPA,68.25,Medium,False,Yes
TX-109354,2024-06-13 11:33:42.114416,USA,Spain,26418.0,USD,ACH,50.44,Medium,False,Yes
TX-109355,2024-07-06 04:02:08.114416,Canada,China,61375.68,CAD,ACH,95.1,High,True,Yes
TX-109356,2024-05-13 02:12:55.114416,China,China,34522.37,CNY,RTGS,9.99,Low,False,Yes
TX-109357,2024-08-19 16:13:11.114416,Brazil,China,30974.52,BRL,SEPA,79.86,High,True,Yes
TX-109358,2025-01-29 10:37:40.114416,India,Canada,20817.06,INR,SWIFT,33.45,Low,False,Yes
TX-109359,2024-07-01 13:13:44.114416,Japan,Brazil,40961.81,JPY,SWIFT,37.75,Low,False,Yes
TX-109360,2024-09-20 00:58:12.114416,Canada,USA,19630.71,CAD,Wire,70.88,High,True,Yes
TX-109361,2024-09-10 02:04:27.114416,Australia,Canada,96260.7,AUD,RTGS,92.94,High,True,Yes
TX-109362,2024-12-28 16:07:39.114416,Brazil,Brazil,15534.73,BRL,SWIFT,71.62,High,True,Yes
TX-109363,2025-02-15 08:26:29.114416,Brazil,Netherlands,91339.14,BRL,SWIFT,77.59,High,True,Yes
TX-109364,2025-01-19 11:05:53.114416,China,Spain,42904.46,CNY,ACH,75.08,High,True,Yes
TX-109365,2024-09-30 09:33:05.114416,Netherlands,Australia,37848.81,EUR,ACH,32.1,Low,False,Yes
TX-109366,2024-08-14 22:10:45.114416,South Africa,Netherlands,23208.85,ZAR,ACH,75.69,High,True,Yes
TX-109367,2024-07-25 00:38:20.114416,Brazil,Italy,63612.06,BRL,SEPA,78.45,High,True,Yes
TX-109368,2024-05-29 05:40:37.114416,France,India,68584.25,EUR,Wire,53.34,Medium,False,Yes
TX-109369,2024-06-29 12:17:08.114416,Italy,Australia,46810.34,EUR,ACH,53.68,Medium,False,Yes
TX-109370,2024-12-13 21:13:56.114416,China,Brazil,5665.12,CNY,RTGS,75.97,High,True,Yes
TX-109371,2025-01-14 03:53:40.114416,Russia,Russia,91859.16,RUB,RTGS,81.7,High,True,Yes
TX-109372,2024-07-03 18:45:03.114416,Spain,Italy,98034.88,EUR,SEPA,33.72,Low,False,Yes
TX-109373,2025-01-31 16:20:49.114416,France,France,43161.24,EUR,RTGS,80.16,High,True,Yes
TX-109374,2025-03-09 22:46:06.114416,Japan,South Africa,61404.71,JPY,RTGS,81.42,High,True,Yes
TX-109375,2024-11-23 01:40:49.114416,China,Australia,45084.83,CNY,RTGS,23.41,Low,False,Yes
TX-109376,2024-08-09 23:23:45.114416,China,Brazil,32255.78,CNY,ACH,71.7,High,True,Yes
TX-109377,2025-03-03 22:29:43.114416,Spain,UK,7824.15,EUR,Wire,18.65,Low,False,Yes
TX-109378,2024-12-30 14:35:07.114416,Netherlands,Brazil,45661.17,EUR,ACH,9.3,Low,False,Yes
TX-109379,2024-05-04 06:04:03.114416,UK,UK,81856.62,GBP,SEPA,57.45,Medium,False,Yes
TX-109380,2025-03-08 14:08:59.114416,China,Brazil,1801.44,CNY,Wire,90.87,High,True,Yes
TX-109381,2025-01-13 05:32:54.114416,China,South Africa,58252.56,CNY,SWIFT,3.55,Low,False,Yes
TX-109382,2024-08-29 05:57:10.114416,Australia,China,88089.13,AUD,Wire,82.65,High,True,Yes
TX-109383,2024-07-20 18:58:28.114416,Japan,Netherlands,21833.19,JPY,ACH,50.65,Medium,False,Yes
TX-109384,2024-07-16 09:59:26.114416,Brazil,Russia,18407.26,BRL,RTGS,86.09,High,True,Yes
TX-109385,2024-10-20 12:24:03.114416,India,Netherlands,77250.43,INR,SEPA,84.35,High,True,Yes
TX-109386,2025-01-13 10:00:57.114416,Australia,Japan,25583.13,AUD,RTGS,87.53,High,True,Yes
TX-109387,2024-09-23 05:27:37.114416,Australia,Canada,19279.23,AUD,ACH,76.89,High,True,Yes
TX-109388,2024-06-06 03:25:08.114416,South Africa,UK,37861.13,ZAR,Wire,84.3,High,True,Yes
TX-109389,2024-09-03 15:10:11.114416,UK,Netherlands,39310.95,GBP,RTGS,17.6,Low,False,Yes
TX-109390,2024-09-29 06:36:33.114416,Netherlands,USA,87422.7,EUR,ACH,30.39,Low,False,Yes
TX-109391,2024-05-03 08:57:25.114416,China,China,61882.5,CNY,SWIFT,24.25,Low,False,Yes
TX-109392,2024-08-22 10:18:16.114416,Germany,China,40655.55,EUR,SEPA,74.24,High,True,Yes
TX-109393,2024-12-20 19:32:03.114416,Brazil,Spain,53485.36,BRL,SEPA,15.36,Low,False,Yes
TX-109394,2024-10-01 21:31:25.114416,France,India,95401.13,EUR,ACH,18.22,Low,False,Yes
TX-109395,2024-08-30 11:34:50.114416,Germany,India,11410.15,EUR,RTGS,87.9,High,True,Yes
TX-109396,2024-09-24 19:31:10.114416,USA,Australia,20850.78,USD,SWIFT,70.59,High,True,Yes
TX-109397,2024-12-26 11:05:28.114416,Canada,Italy,96256.62,CAD,SEPA,87.54,High,True,Yes
TX-109398,2024-06-23 10:29:42.115420,USA,Spain,95736.75,USD,SEPA,13.94,Low,False,Yes
TX-109399,2024-11-02 11:27:35.115420,Australia,Australia,17798.83,AUD,SWIFT,39.9,Low,False,Yes
TX-109400,2024-04-28 22:05:12.115420,India,UK,14596.37,INR,SWIFT,28.32,Low,False,Yes
TX-109401,2024-04-28 13:24:21.115420,South Africa,Japan,42166.4,ZAR,RTGS,0.97,Low,False,Yes
TX-109402,2024-11-25 23:46:42.115420,Canada,Brazil,5066.86,CAD,ACH,28.45,Low,False,Yes
TX-109403,2025-01-18 13:12:22.115420,Brazil,China,65524.86,BRL,SEPA,37.96,Low,False,Yes
TX-109404,2024-08-31 11:25:23.115420,Russia,France,7841.85,RUB,SWIFT,9.22,Low,False,Yes
TX-109405,2024-08-25 11:02:51.115420,Germany,South Africa,5897.16,EUR,ACH,56.65,Medium,False,Yes
TX-109406,2024-10-28 17:21:59.115420,South Africa,Canada,48570.17,ZAR,SWIFT,38.32,Low,False,Yes
TX-109407,2025-02-24 20:14:22.115420,China,Germany,95782.88,CNY,SEPA,4.65,Low,False,Yes
TX-109408,2025-03-14 02:28:59.115420,Italy,France,42736.91,EUR,SEPA,70.4,High,True,Yes
TX-109409,2024-11-04 00:56:46.115420,Italy,Australia,35712.47,EUR,SEPA,72.93,High,True,Yes
TX-109410,2025-02-05 12:47:46.115420,USA,Spain,99795.88,USD,ACH,83.45,High,True,Yes
TX-109411,2024-07-29 17:36:51.115420,Spain,USA,53243.7,EUR,SWIFT,48.55,Medium,False,Yes
TX-109412,2024-03-21 14:34:00.115420,Spain,China,37586.62,EUR,SWIFT,96.87,High,True,Yes
TX-109413,2024-11-06 07:52:18.115420,Japan,Japan,38647.5,JPY,ACH,91.41,High,True,Yes
TX-109414,2024-05-21 02:23:13.115420,South Africa,Netherlands,19576.45,ZAR,RTGS,55.14,Medium,False,Yes
TX-109415,2025-01-16 20:13:39.115420,India,Japan,51271.08,INR,SWIFT,44.5,Medium,False,Yes
TX-109416,2024-04-03 07:16:22.115420,Germany,China,43941.62,EUR,Wire,0.3,Low,False,Yes
TX-109417,2024-10-15 03:49:45.115420,USA,Japan,27152.45,USD,SEPA,71.1,High,True,Yes
TX-109418,2024-12-14 23:17:29.115420,India,Russia,16137.95,INR,Wire,56.5,Medium,False,Yes
TX-109419,2024-11-05 15:57:16.115420,Germany,Netherlands,31192.76,EUR,SEPA,93.75,High,True,Yes
TX-109420,2024-08-10 08:22:44.115420,Brazil,Italy,50917.46,BRL,ACH,59.42,Medium,False,Yes
TX-109421,2024-06-28 12:30:53.115420,France,France,5927.49,EUR,RTGS,99.29,High,True,Yes
TX-109422,2024-06-14 06:15:39.115420,France,Spain,15459.03,EUR,Wire,85.38,High,True,Yes
TX-109423,2025-02-20 22:14:57.115420,South Africa,Italy,94770.96,ZAR,SWIFT,95.36,High,True,Yes
TX-109424,2024-11-13 04:29:36.115420,Canada,Spain,54331.25,CAD,RTGS,32.77,Low,False,Yes
TX-109425,2024-10-26 10:05:46.115420,France,South Africa,6438.59,EUR,SWIFT,14.93,Low,False,Yes
TX-109426,2024-05-13 02:10:32.115420,France,UK,69339.47,EUR,Wire,79.69,High,True,Yes
TX-109427,2024-11-24 02:57:32.115420,Japan,UK,6274.11,JPY,ACH,78.62,High,True,Yes
TX-109428,2024-08-05 23:36:56.115420,Japan,USA,73913.54,JPY,RTGS,21.14,Low,False,Yes
TX-109429,2025-01-01 08:49:13.115420,Spain,Russia,75021.28,EUR,SWIFT,76.47,High,True,Yes
TX-109430,2025-03-08 19:33:42.115420,South Africa,Brazil,65142.79,ZAR,SWIFT,58.2,Medium,False,Yes
TX-109431,2025-01-21 04:20:53.115420,USA,Netherlands,73247.23,USD,RTGS,10.95,Low,False,Yes
TX-109432,2024-12-09 22:58:55.115420,Canada,Brazil,8887.78,CAD,ACH,50.18,Medium,False,Yes
TX-109433,2024-11-22 13:01:57.115420,India,Germany,72705.38,INR,Wire,93.11,High,True,Yes
TX-109434,2025-02-14 04:16:03.115420,Spain,Italy,13755.16,EUR,Wire,50.65,Medium,False,Yes
TX-109435,2024-05-09 08:04:38.115420,Spain,Japan,34016.64,EUR,ACH,78.87,High,True,Yes
TX-109436,2024-04-29 11:00:28.115420,Italy,France,94280.25,EUR,SEPA,2.89,Low,False,Yes
TX-109437,2024-04-28 01:33:34.115420,Brazil,China,50337.26,BRL,SWIFT,72.81,High,True,Yes
TX-109438,2024-09-08 22:16:22.115420,China,Netherlands,96745.9,CNY,Wire,94.68,High,True,Yes
TX-109439,2024-06-07 18:50:44.115420,China,China,8983.35,CNY,SWIFT,49.95,Medium,False,Yes
TX-109440,2024-06-30 14:37:42.115420,USA,Spain,47807.9,USD,RTGS,33.77,Low,False,Yes
TX-109441,2024-12-29 04:14:20.115420,Russia,Canada,6333.99,RUB,ACH,64.67,Medium,False,Yes
TX-109442,2024-09-19 14:56:42.115420,UK,Spain,63058.01,GBP,ACH,91.63,High,True,Yes
TX-109443,2024-08-02 14:08:25.115420,Germany,France,7962.83,EUR,RTGS,17.68,Low,False,Yes
TX-109444,2024-11-08 22:18:32.115420,Spain,UK,17619.24,EUR,SEPA,40.37,Medium,False,Yes
TX-109445,2025-01-14 03:23:50.115420,Russia,Canada,25957.15,RUB,SWIFT,15.63,Low,False,Yes
TX-109446,2024-03-26 00:45:42.115420,Spain,France,74899.51,EUR,SEPA,49.67,Medium,False,Yes
TX-109447,2025-02-27 22:46:19.115420,Netherlands,France,16479.82,EUR,SWIFT,54.04,Medium,False,Yes
TX-109448,2024-05-20 15:36:53.115420,India,Australia,84678.54,INR,SEPA,94.42,High,True,Yes
TX-109449,2024-09-19 18:23:05.115420,Australia,Australia,13277.2,AUD,SWIFT,41.25,Medium,False,Yes
TX-109450,2024-07-13 08:31:25.115420,Netherlands,Germany,3620.92,EUR,SEPA,56.7,Medium,False,Yes
TX-109451,2025-03-08 01:30:12.115420,Australia,Netherlands,39565.04,AUD,SWIFT,88.53,High,True,Yes
TX-109452,2024-04-17 02:28:23.115420,South Africa,UK,97946.22,ZAR,RTGS,32.14,Low,False,Yes
TX-109453,2024-10-18 03:32:50.115420,USA,France,11123.19,USD,ACH,67.42,Medium,False,Yes
TX-109454,2024-09-02 08:33:59.115420,India,Netherlands,10261.67,INR,SWIFT,75.72,High,True,Yes
TX-109455,2024-05-02 11:58:15.115420,UK,France,75141.53,GBP,Wire,33.05,Low,False,Yes
TX-109456,2025-01-09 05:14:37.115420,Australia,China,31284.95,AUD,SEPA,16.43,Low,False,Yes
TX-109457,2024-12-24 17:47:11.115420,UK,South Africa,71756.43,GBP,SEPA,50.29,Medium,False,Yes
TX-109458,2024-03-20 14:17:45.115420,India,Canada,20081.06,INR,Wire,35.68,Low,False,Yes
TX-109459,2024-06-04 00:45:43.115420,Australia,Netherlands,46061.19,AUD,ACH,26.65,Low,False,Yes
TX-109460,2024-11-13 16:11:50.115420,Netherlands,Germany,26602.46,EUR,ACH,97.34,High,True,Yes
TX-109461,2024-12-05 05:19:53.115420,Russia,India,45207.67,RUB,RTGS,50.22,Medium,False,Yes
TX-109462,2024-05-26 18:51:18.115420,Japan,France,76932.8,JPY,RTGS,85.65,High,True,Yes
TX-109463,2024-09-30 04:17:36.115420,Netherlands,UK,76224.79,EUR,Wire,19.53,Low,False,Yes
TX-109464,2024-07-07 11:41:10.115420,Spain,Canada,51625.65,EUR,RTGS,93.94,High,True,Yes
TX-109465,2024-09-17 17:59:49.115420,Australia,Germany,92844.35,AUD,ACH,79.44,High,True,Yes
TX-109466,2025-02-07 08:18:19.115420,South Africa,Japan,26452.03,ZAR,Wire,80.87,High,True,Yes
TX-109467,2024-10-17 16:08:17.115420,Russia,Russia,24107.1,RUB,SWIFT,38.98,Low,False,Yes
TX-109468,2025-02-10 06:29:49.115420,Italy,Japan,61419.26,EUR,SWIFT,48.56,Medium,False,Yes
TX-109469,2024-04-27 07:38:47.115420,Netherlands,South Africa,62167.57,EUR,Wire,59.34,Medium,False,Yes
TX-109470,2024-12-31 13:59:42.115420,Brazil,UK,4749.35,BRL,SWIFT,78.98,High,True,Yes
TX-109471,2024-04-19 17:44:42.115420,USA,USA,60816.99,USD,RTGS,84.91,High,True,Yes
TX-109472,2024-12-17 14:04:01.115420,Russia,China,37506.17,RUB,Wire,7.8,Low,False,Yes
TX-109473,2024-09-30 02:20:51.115420,Japan,Netherlands,74769.51,JPY,Wire,90.41,High,True,Yes
TX-109474,2024-03-27 00:02:38.115420,France,USA,80829.76,EUR,ACH,93.75,High,True,Yes
TX-109475,2024-07-18 03:29:33.115420,China,Netherlands,55260.17,CNY,RTGS,59.29,Medium,False,Yes
TX-109476,2025-03-12 09:21:55.115420,Brazil,Japan,270.33,BRL,RTGS,18.68,Low,False,Yes
TX-109477,2024-10-24 06:46:03.115420,India,Japan,63672.94,INR,SWIFT,81.84,High,True,Yes
TX-109478,2024-05-13 17:58:57.115420,Spain,South Africa,74913.24,EUR,SWIFT,54.86,Medium,False,Yes
TX-109479,2024-07-23 08:10:09.115420,Japan,Germany,24973.43,JPY,Wire,81.72,High,True,Yes
TX-109480,2024-10-07 17:29:32.115420,Japan,USA,46518.14,JPY,Wire,81.48,High,True,Yes
TX-109481,2024-06-29 14:34:27.115420,USA,Australia,96576.09,USD,SWIFT,8.67,Low,False,Yes
TX-109482,2024-07-24 04:12:12.115420,Germany,Russia,29881.74,EUR,SWIFT,60.7,Medium,False,Yes
TX-109483,2024-04-23 18:24:27.115420,China,Russia,22393.01,CNY,Wire,48.31,Medium,False,Yes
TX-109484,2024-05-08 09:17:26.115420,India,USA,21164.39,INR,SWIFT,94.61,High,True,Yes
TX-109485,2024-10-17 15:04:41.115420,Spain,Spain,55924.2,EUR,Wire,29.66,Low,False,Yes
TX-109486,2024-11-14 20:10:58.115420,South Africa,Germany,94983.73,ZAR,ACH,20.6,Low,False,Yes
TX-109487,2024-03-23 07:35:30.115420,Netherlands,France,60908.14,EUR,ACH,89.71,High,True,Yes
TX-109488,2024-03-24 19:56:12.115420,Netherlands,China,30401.98,EUR,RTGS,14.87,Low,False,Yes
TX-109489,2024-07-07 06:37:43.115420,South Africa,Italy,63893.12,ZAR,Wire,68.65,Medium,False,Yes
TX-109490,2024-12-06 21:51:44.115420,Spain,Brazil,62521.75,EUR,ACH,30.0,Low,False,Yes
TX-109491,2024-10-14 23:27:48.115420,Canada,Australia,59732.82,CAD,RTGS,56.78,Medium,False,Yes
TX-109492,2024-12-11 16:06:27.115420,UK,Japan,16026.68,GBP,SWIFT,61.62,Medium,False,Yes
TX-109493,2025-02-27 13:12:42.115420,France,UK,63493.22,EUR,SEPA,41.74,Medium,False,Yes
TX-109494,2025-03-05 17:23:02.115420,Russia,Russia,43073.43,RUB,RTGS,97.5,High,True,Yes
TX-109495,2024-03-20 04:14:41.115420,USA,Australia,1957.35,USD,SEPA,13.18,Low,False,Yes
TX-109496,2024-07-07 07:23:12.115420,Spain,France,54022.47,EUR,RTGS,39.14,Low,False,Yes
TX-109497,2024-09-25 05:51:17.115420,Italy,Netherlands,98927.75,EUR,SEPA,43.04,Medium,False,Yes
TX-109498,2024-10-24 14:23:20.115420,India,Canada,35038.99,INR,SEPA,63.1,Medium,False,Yes
TX-109499,2024-09-30 08:19:10.115420,Japan,Brazil,96559.37,JPY,ACH,40.73,Medium,False,Yes
TX-109500,2024-10-24 15:11:30.115420,Russia,Brazil,9710.95,RUB,Wire,9.7,Low,False,Yes
TX-109501,2024-06-15 03:12:14.115420,UK,Netherlands,73271.77,GBP,Wire,94.74,High,True,Yes
TX-109502,2025-02-02 16:58:16.115420,China,Russia,11521.57,CNY,RTGS,41.61,Medium,False,Yes
TX-109503,2024-08-17 05:31:37.116419,China,Canada,27429.8,CNY,Wire,34.27,Low,False,Yes
TX-109504,2024-11-30 07:40:41.116419,Italy,Australia,57127.0,EUR,RTGS,44.67,Medium,False,Yes
TX-109505,2024-05-21 06:02:12.116419,UK,Netherlands,59318.69,GBP,ACH,21.66,Low,False,Yes
TX-109506,2024-06-15 22:51:08.116419,China,Italy,77543.61,CNY,ACH,10.02,Low,False,Yes
TX-109507,2024-09-06 14:09:33.116419,Canada,Australia,61569.61,CAD,RTGS,14.86,Low,False,Yes
TX-109508,2024-11-28 10:42:34.116419,Russia,France,59402.11,RUB,RTGS,16.67,Low,False,Yes
TX-109509,2024-05-04 18:53:03.116419,South Africa,Canada,91244.07,ZAR,Wire,19.77,Low,False,Yes
TX-109510,2024-05-25 11:04:44.116419,South Africa,Russia,45270.86,ZAR,SEPA,42.0,Medium,False,Yes
TX-109511,2024-07-20 20:34:35.116419,France,UK,22604.05,EUR,ACH,62.39,Medium,False,Yes
TX-109512,2024-10-15 19:45:31.116419,Brazil,France,16262.68,BRL,ACH,62.89,Medium,False,Yes
TX-109513,2024-07-06 16:13:57.116419,Russia,Brazil,40059.46,RUB,SWIFT,0.01,Low,False,Yes
TX-109514,2024-11-12 05:27:17.116419,Spain,India,71304.0,EUR,Wire,92.1,High,True,Yes
TX-109515,2024-08-02 02:16:38.116419,Brazil,Canada,4350.09,BRL,Wire,82.28,High,True,Yes
TX-109516,2025-01-15 04:59:49.116419,USA,Spain,12992.43,USD,SEPA,96.39,High,True,Yes
TX-109517,2025-01-03 18:29:38.116419,France,South Africa,10700.73,EUR,SWIFT,36.0,Low,False,Yes
TX-109518,2024-12-25 18:47:33.116419,Italy,Canada,58566.49,EUR,RTGS,66.48,Medium,False,Yes
TX-109519,2025-02-05 18:06:46.116419,Canada,Brazil,24362.18,CAD,RTGS,16.8,Low,False,Yes
TX-109520,2024-04-10 23:07:57.116419,Australia,South Africa,16709.32,AUD,SEPA,81.7,High,True,Yes
TX-109521,2025-02-01 22:48:44.116419,Netherlands,Germany,59317.79,EUR,SEPA,16.14,Low,False,Yes
TX-109522,2024-09-02 15:23:57.116419,Germany,Brazil,76154.86,EUR,RTGS,32.6,Low,False,Yes
TX-109523,2025-03-05 22:49:10.116419,Spain,Canada,33282.28,EUR,SEPA,49.08,Medium,False,Yes
TX-109524,2024-06-14 01:44:42.116419,Australia,Spain,57862.64,AUD,SWIFT,59.45,Medium,False,Yes
TX-109525,2024-08-08 10:31:59.116419,Russia,UK,9902.63,RUB,ACH,55.96,Medium,False,Yes
TX-109526,2024-06-06 23:01:53.116419,France,Japan,93525.58,EUR,RTGS,10.21,Low,False,Yes
TX-109527,2024-10-31 21:58:32.116419,Germany,Spain,33755.93,EUR,ACH,42.17,Medium,False,Yes
TX-109528,2024-03-17 17:24:03.116419,Japan,France,99750.82,JPY,SEPA,92.29,High,True,Yes
TX-109529,2024-12-27 15:55:32.116419,France,Australia,97860.92,EUR,SEPA,87.24,High,True,Yes
TX-109530,2024-08-05 09:54:14.116419,UK,India,77904.46,GBP,ACH,59.08,Medium,False,Yes
TX-109531,2024-05-27 11:22:22.116419,Canada,Brazil,2104.7,CAD,SEPA,57.23,Medium,False,Yes
TX-109532,2024-05-06 15:04:13.116419,Spain,Japan,54393.14,EUR,ACH,11.17,Low,False,Yes
TX-109533,2024-06-05 10:18:57.116419,South Africa,India,8774.96,ZAR,Wire,20.03,Low,False,Yes
TX-109534,2024-12-28 16:33:29.116419,USA,South Africa,89524.29,USD,RTGS,25.26,Low,False,Yes
TX-109535,2024-08-19 03:17:27.116419,South Africa,Canada,78984.66,ZAR,SEPA,48.82,Medium,False,Yes
TX-109536,2024-07-21 23:55:47.116419,Germany,Brazil,97236.8,EUR,SWIFT,73.14,High,True,Yes
TX-109537,2024-10-02 15:56:20.116419,Netherlands,Brazil,60877.46,EUR,SWIFT,46.07,Medium,False,Yes
TX-109538,2024-04-26 20:09:31.116419,Canada,Spain,52265.06,CAD,ACH,12.61,Low,False,Yes
TX-109539,2025-01-08 04:17:20.116419,Australia,Netherlands,51945.49,AUD,SWIFT,43.93,Medium,False,Yes
TX-109540,2024-07-15 00:39:25.116419,Japan,Netherlands,38706.19,JPY,Wire,16.26,Low,False,Yes
TX-109541,2024-04-18 22:19:44.116419,USA,USA,46922.14,USD,RTGS,75.11,High,True,Yes
TX-109542,2024-06-29 13:38:34.116419,South Africa,Italy,63577.72,ZAR,SWIFT,16.65,Low,False,Yes
TX-109543,2024-03-29 03:40:55.116419,Australia,Canada,93301.47,AUD,SEPA,48.25,Medium,False,Yes
TX-109544,2024-09-29 11:36:57.116419,Netherlands,Netherlands,59628.85,EUR,SWIFT,69.34,Medium,False,Yes
TX-109545,2024-12-04 03:37:15.116419,Japan,Brazil,85725.88,JPY,SWIFT,22.82,Low,False,Yes
TX-109546,2024-05-25 00:42:32.116419,UK,South Africa,86291.71,GBP,Wire,7.6,Low,False,Yes
TX-109547,2024-10-23 07:31:21.116419,Germany,Japan,51931.38,EUR,SWIFT,56.33,Medium,False,Yes
TX-109548,2024-10-16 17:43:36.116419,Spain,Spain,34812.22,EUR,SWIFT,5.42,Low,False,Yes
TX-109549,2024-08-10 02:03:59.116419,Netherlands,Germany,63993.43,EUR,Wire,58.78,Medium,False,Yes
TX-109550,2024-11-06 10:44:12.116419,Australia,Russia,44643.15,AUD,ACH,75.35,High,True,Yes
TX-109551,2024-05-17 15:28:17.116419,Brazil,Japan,8235.94,BRL,Wire,32.93,Low,False,Yes
TX-109552,2024-06-03 03:27:01.116419,Russia,India,37843.13,RUB,Wire,48.83,Medium,False,Yes
TX-109553,2025-02-09 23:47:10.116419,Japan,Russia,99407.81,JPY,ACH,92.88,High,True,Yes
TX-109554,2024-10-16 01:03:42.116419,France,Netherlands,4946.34,EUR,SWIFT,47.11,Medium,False,Yes
TX-109555,2025-03-04 03:00:21.116419,South Africa,India,69697.02,ZAR,RTGS,99.66,High,True,Yes
TX-109556,2024-12-31 23:40:45.116419,Spain,USA,84134.75,EUR,ACH,15.7,Low,False,Yes
TX-109557,2024-07-29 19:28:57.116419,UK,India,64907.72,GBP,RTGS,70.89,High,True,Yes
TX-109558,2024-05-02 17:00:30.116419,South Africa,India,57017.85,ZAR,SWIFT,65.26,Medium,False,Yes
TX-109559,2024-10-08 19:31:53.116419,Russia,USA,70784.69,RUB,Wire,87.23,High,True,Yes
TX-109560,2024-06-16 23:59:08.116419,Canada,Germany,42991.34,CAD,ACH,9.24,Low,False,Yes
TX-109561,2024-06-25 10:57:31.116419,Russia,UK,9227.04,RUB,SEPA,28.02,Low,False,Yes
TX-109562,2024-09-28 05:17:30.116419,Japan,China,96240.94,JPY,RTGS,13.22,Low,False,Yes
TX-109563,2024-11-14 07:34:24.116419,India,Italy,43286.85,INR,RTGS,93.31,High,True,Yes
TX-109564,2025-02-24 18:36:32.116419,UK,Russia,66572.38,GBP,Wire,42.66,Medium,False,Yes
TX-109565,2024-12-06 03:56:22.116419,Germany,Germany,53177.91,EUR,Wire,91.01,High,True,Yes
TX-109566,2024-07-13 02:46:56.116419,Brazil,India,5561.84,BRL,SEPA,29.44,Low,False,Yes
TX-109567,2024-05-14 17:31:21.116419,USA,Germany,95279.39,USD,RTGS,12.64,Low,False,Yes
TX-109568,2024-05-05 18:26:05.116419,Australia,France,79274.47,AUD,SEPA,29.65,Low,False,Yes
TX-109569,2025-01-07 03:40:16.116419,Italy,Australia,14994.88,EUR,SWIFT,59.72,Medium,False,Yes
TX-109570,2024-06-22 04:58:28.116419,Brazil,UK,98166.72,BRL,SEPA,84.52,High,True,Yes
TX-109571,2024-07-21 15:58:20.116419,Russia,Australia,73716.45,RUB,RTGS,38.54,Low,False,Yes
TX-109572,2024-06-11 21:43:33.116419,Japan,Russia,47284.93,JPY,RTGS,91.48,High,True,Yes
TX-109573,2024-06-02 06:58:17.116419,Canada,UK,61175.87,CAD,RTGS,24.42,Low,False,Yes
TX-109574,2024-08-10 13:56:35.116419,USA,Brazil,10762.99,USD,RTGS,69.35,Medium,False,Yes
TX-109575,2024-07-05 22:00:48.116419,France,Australia,56085.11,EUR,ACH,73.57,High,True,Yes
TX-109576,2024-07-24 12:27:15.116419,Netherlands,France,7458.74,EUR,RTGS,27.4,Low,False,Yes
TX-109577,2024-08-29 16:44:00.116419,USA,UK,54531.04,USD,RTGS,2.7,Low,False,Yes
TX-109578,2024-08-01 12:24:13.116419,India,Germany,55314.3,INR,Wire,36.52,Low,False,Yes
TX-109579,2024-08-22 21:36:00.116419,Russia,India,87456.43,RUB,SWIFT,4.52,Low,False,Yes
TX-109580,2024-12-28 05:44:40.116419,China,Netherlands,72533.24,CNY,RTGS,90.08,High,True,Yes
TX-109581,2024-06-27 07:25:31.116419,Russia,Canada,25030.28,RUB,SWIFT,95.35,High,True,Yes
TX-109582,2024-07-28 11:34:36.116419,Canada,Japan,88853.77,CAD,Wire,73.54,High,True,Yes
TX-109583,2024-05-17 08:20:13.116419,Spain,Russia,57366.94,EUR,RTGS,72.67,High,True,Yes
TX-109584,2024-07-08 00:26:44.116419,Australia,Brazil,60677.31,AUD,Wire,24.09,Low,False,Yes
TX-109585,2025-02-02 17:27:30.116419,Netherlands,Brazil,16981.24,EUR,Wire,7.39,Low,False,Yes
TX-109586,2024-08-25 01:38:24.116419,USA,Germany,85791.58,USD,SWIFT,80.21,High,True,Yes
TX-109587,2025-02-19 02:13:56.116419,Canada,USA,93103.41,CAD,SEPA,55.92,Medium,False,Yes
TX-109588,2024-09-19 14:49:03.116419,Japan,Italy,77521.57,JPY,SEPA,68.16,Medium,False,Yes
TX-109589,2024-11-11 21:39:51.116419,South Africa,Canada,94081.17,ZAR,SEPA,77.96,High,True,Yes
TX-109590,2025-03-09 20:56:15.116419,India,Australia,30299.76,INR,Wire,40.94,Medium,False,Yes
TX-109591,2025-02-05 05:04:33.116419,Brazil,Japan,86125.8,BRL,SWIFT,14.45,Low,False,Yes
TX-109592,2025-01-13 13:07:28.116419,France,China,48940.42,EUR,Wire,79.5,High,True,Yes
TX-109593,2025-01-01 12:50:19.116419,USA,Germany,16475.33,USD,Wire,45.38,Medium,False,Yes
TX-109594,2024-06-22 05:53:03.116419,China,Brazil,66913.18,CNY,Wire,82.69,High,True,Yes
TX-109595,2024-04-14 16:10:04.116419,South Africa,UK,68443.62,ZAR,ACH,43.77,Medium,False,Yes
TX-109596,2024-05-28 23:42:33.116419,France,USA,28763.76,EUR,SWIFT,21.7,Low,False,Yes
TX-109597,2024-03-21 15:17:39.116419,India,Italy,2846.58,INR,SWIFT,17.1,Low,False,Yes
TX-109598,2024-04-24 13:40:10.116419,Netherlands,Brazil,20064.74,EUR,RTGS,74.39,High,True,Yes
TX-109599,2024-07-08 09:32:45.116419,Germany,France,40037.78,EUR,ACH,57.49,Medium,False,Yes
TX-109600,2024-07-30 16:45:19.116419,Spain,China,16839.53,EUR,SWIFT,40.46,Medium,False,Yes
TX-109601,2024-11-20 04:38:43.116419,Germany,Italy,19483.59,EUR,RTGS,49.21,Medium,False,Yes
TX-109602,2024-06-22 00:52:23.116419,Germany,India,39199.93,EUR,SEPA,54.96,Medium,False,Yes
TX-109603,2024-07-30 13:52:37.116419,France,China,96182.48,EUR,SWIFT,23.94,Low,False,Yes
TX-109604,2024-12-20 04:52:59.116419,France,Germany,76447.93,EUR,Wire,37.82,Low,False,Yes
TX-109605,2024-11-10 00:47:55.116419,Japan,India,32042.87,JPY,Wire,29.24,Low,False,Yes
TX-109606,2024-07-20 23:43:51.116419,Spain,Spain,95165.25,EUR,ACH,38.84,Low,False,Yes
TX-109607,2025-01-22 22:10:32.116419,South Africa,Australia,64600.11,ZAR,Wire,50.06,Medium,False,Yes
TX-109608,2024-07-30 06:09:32.116419,Australia,Japan,45599.42,AUD,ACH,17.34,Low,False,Yes
TX-109609,2025-01-17 11:41:22.116419,India,India,46883.19,INR,SWIFT,39.35,Low,False,Yes
TX-109610,2024-07-19 16:26:21.116419,Canada,UK,41133.37,CAD,ACH,38.55,Low,False,Yes
TX-109611,2024-09-06 05:45:05.116419,France,Netherlands,23375.91,EUR,SWIFT,28.6,Low,False,Yes
TX-109612,2024-06-12 19:39:29.116419,UK,France,38724.56,GBP,RTGS,99.85,High,True,Yes
TX-109613,2025-03-13 05:55:41.116419,UK,Russia,52836.85,GBP,SWIFT,7.36,Low,False,Yes
TX-109614,2025-01-31 07:14:47.116419,France,Germany,52849.93,EUR,RTGS,64.3,Medium,False,Yes
TX-109615,2024-09-15 05:56:22.116419,Canada,Netherlands,76197.52,CAD,Wire,17.44,Low,False,Yes
TX-109616,2024-09-01 15:25:15.116419,USA,France,35943.91,USD,ACH,83.95,High,True,Yes
TX-109617,2025-01-11 13:21:41.116419,China,India,71708.12,CNY,RTGS,91.42,High,True,Yes
TX-109618,2024-07-24 19:24:08.116419,Japan,Australia,57851.37,JPY,SWIFT,40.15,Medium,False,Yes
TX-109619,2024-10-12 10:25:25.116419,Japan,Australia,96188.36,JPY,SEPA,82.35,High,True,Yes
TX-109620,2024-08-01 04:39:37.116419,Canada,South Africa,38589.96,CAD,RTGS,24.99,Low,False,Yes
TX-109621,2024-10-14 07:52:24.116419,Germany,India,90131.52,EUR,SWIFT,14.01,Low,False,Yes
TX-109622,2024-06-09 07:59:00.116419,Japan,Italy,82082.19,JPY,RTGS,31.59,Low,False,Yes
TX-109623,2024-05-21 14:29:41.116419,Spain,China,63802.66,EUR,RTGS,34.17,Low,False,Yes
TX-109624,2024-10-14 00:21:24.116419,Japan,Spain,65486.0,JPY,Wire,39.74,Low,False,Yes
TX-109625,2024-06-15 03:08:18.116419,Spain,Japan,8556.53,EUR,Wire,37.3,Low,False,Yes
TX-109626,2024-11-02 07:34:11.117416,France,Australia,95027.44,EUR,SEPA,41.11,Medium,False,Yes
TX-109627,2024-05-24 07:13:59.117416,UK,France,10782.91,GBP,SEPA,71.0,High,True,Yes
TX-109628,2025-03-05 13:03:39.117416,Brazil,Canada,56367.01,BRL,RTGS,24.56,Low,False,Yes
TX-109629,2024-06-16 19:53:10.117416,South Africa,Germany,33074.07,ZAR,SEPA,1.86,Low,False,Yes
TX-109630,2024-06-13 01:16:39.117416,France,Canada,43042.21,EUR,SWIFT,48.97,Medium,False,Yes
TX-109631,2024-05-05 23:45:17.117416,China,Netherlands,61057.28,CNY,SEPA,44.83,Medium,False,Yes
TX-109632,2024-05-02 14:18:26.117416,Germany,Netherlands,90894.25,EUR,SEPA,6.01,Low,False,Yes
TX-109633,2025-01-31 02:30:07.117416,UK,South Africa,45810.96,GBP,SWIFT,13.38,Low,False,Yes
TX-109634,2024-06-03 01:47:02.117416,Canada,South Africa,98774.18,CAD,SWIFT,50.99,Medium,False,Yes
TX-109635,2024-11-29 22:30:02.117416,France,France,59321.93,EUR,SWIFT,23.48,Low,False,Yes
TX-109636,2025-02-10 08:56:12.117416,China,Italy,16139.34,CNY,RTGS,87.76,High,True,Yes
TX-109637,2025-02-23 07:19:52.117416,Netherlands,Australia,19081.93,EUR,SWIFT,17.33,Low,False,Yes
TX-109638,2024-09-04 01:54:01.117416,Spain,Spain,71639.49,EUR,RTGS,2.01,Low,False,Yes
TX-109639,2024-12-11 23:46:03.117416,Japan,Germany,5134.74,JPY,RTGS,44.76,Medium,False,Yes
TX-109640,2025-01-10 00:52:18.117416,Australia,India,48086.12,AUD,SEPA,98.62,High,True,Yes
TX-109641,2024-08-13 15:29:14.117416,USA,Italy,14907.09,USD,SWIFT,63.39,Medium,False,Yes
TX-109642,2024-12-22 06:53:16.117416,UK,Canada,43378.54,GBP,SWIFT,35.4,Low,False,Yes
TX-109643,2024-08-30 05:44:28.117416,USA,UK,75016.75,USD,SEPA,1.69,Low,False,Yes
TX-109644,2025-02-19 12:32:19.117416,Australia,Australia,45935.41,AUD,SEPA,48.49,Medium,False,Yes
TX-109645,2025-02-10 04:27:29.117416,Netherlands,Spain,16428.77,EUR,Wire,20.65,Low,False,Yes
TX-109646,2024-05-17 03:39:20.117416,India,India,25267.34,INR,RTGS,64.78,Medium,False,Yes
TX-109647,2024-04-19 07:14:13.117416,USA,Canada,36817.2,USD,ACH,58.3,Medium,False,Yes
TX-109648,2024-07-07 08:41:47.117416,Canada,Spain,7049.16,CAD,Wire,26.52,Low,False,Yes
TX-109649,2024-06-25 08:33:01.117416,Italy,Brazil,58475.33,EUR,RTGS,6.89,Low,False,Yes
TX-109650,2024-10-21 03:09:51.117416,USA,Italy,60792.63,USD,SEPA,75.5,High,True,Yes
TX-109651,2024-10-11 18:34:51.117416,Canada,Brazil,6308.98,CAD,SWIFT,58.55,Medium,False,Yes
TX-109652,2024-11-09 14:46:02.117416,Italy,UK,40290.9,EUR,SEPA,84.21,High,True,Yes
TX-109653,2024-10-12 08:54:20.117416,Italy,South Africa,41458.67,EUR,SEPA,25.98,Low,False,Yes
TX-109654,2024-10-09 04:09:24.117416,UK,Netherlands,33448.57,GBP,Wire,65.29,Medium,False,Yes
TX-109655,2025-02-08 07:21:55.117416,Brazil,Australia,55818.2,BRL,SWIFT,11.87,Low,False,Yes
TX-109656,2025-03-01 18:01:32.117416,China,Russia,34661.15,CNY,SEPA,29.18,Low,False,Yes
TX-109657,2025-02-15 22:11:02.117416,Netherlands,South Africa,41699.29,EUR,RTGS,65.65,Medium,False,Yes
TX-109658,2024-04-23 20:17:02.117416,China,Russia,79772.6,CNY,ACH,82.56,High,True,Yes
TX-109659,2024-10-30 17:05:46.117416,India,Australia,16294.72,INR,Wire,32.09,Low,False,Yes
TX-109660,2024-12-23 23:42:57.117416,Russia,China,61949.56,RUB,Wire,79.89,High,True,Yes
TX-109661,2024-05-31 04:28:38.117416,Brazil,Italy,50608.88,BRL,Wire,67.78,Medium,False,Yes
TX-109662,2024-06-08 12:30:19.117416,Brazil,India,30576.66,BRL,SWIFT,34.87,Low,False,Yes
TX-109663,2024-08-07 10:07:26.117416,Australia,Germany,72780.71,AUD,SWIFT,87.64,High,True,Yes
TX-109664,2025-03-13 13:21:34.117416,China,USA,55163.72,CNY,RTGS,50.92,Medium,False,Yes
TX-109665,2024-12-29 06:02:33.117416,Spain,France,47788.42,EUR,SWIFT,64.82,Medium,False,Yes
TX-109666,2024-09-12 05:23:10.117416,France,France,66800.16,EUR,SWIFT,49.56,Medium,False,Yes
TX-109667,2024-05-14 04:31:38.117416,Spain,Japan,80248.8,EUR,SWIFT,45.27,Medium,False,Yes
TX-109668,2024-12-07 16:18:45.117416,Russia,Germany,97269.61,RUB,RTGS,84.8,High,True,Yes
TX-109669,2024-05-29 13:44:21.117416,Germany,Netherlands,62972.1,EUR,SWIFT,29.47,Low,False,Yes
TX-109670,2025-03-06 04:37:36.117416,Brazil,Russia,87456.55,BRL,Wire,3.66,Low,False,Yes
TX-109671,2025-01-29 20:02:01.117416,South Africa,South Africa,209.04,ZAR,RTGS,87.98,High,True,Yes
TX-109672,2024-07-08 11:09:18.117416,India,Italy,53070.55,INR,RTGS,82.5,High,True,Yes
TX-109673,2024-12-19 14:42:16.117416,South Africa,USA,21543.29,ZAR,SWIFT,36.66,Low,False,Yes
TX-109674,2024-11-14 17:47:35.117416,Japan,Japan,9509.83,JPY,ACH,18.55,Low,False,Yes
TX-109675,2024-08-09 20:15:35.117416,Canada,South Africa,53243.9,CAD,SWIFT,67.55,Medium,False,Yes
TX-109676,2024-04-28 17:16:15.117416,Netherlands,Spain,74707.97,EUR,SEPA,7.88,Low,False,Yes
TX-109677,2025-01-04 13:37:34.117416,South Africa,France,41286.02,ZAR,RTGS,42.38,Medium,False,Yes
TX-109678,2024-05-24 18:37:18.117416,South Africa,India,67043.73,ZAR,Wire,8.59,Low,False,Yes
TX-109679,2024-07-13 19:08:53.117416,Australia,Spain,49022.95,AUD,RTGS,59.79,Medium,False,Yes
TX-109680,2024-05-11 12:57:48.117416,China,Italy,43764.88,CNY,SEPA,2.72,Low,False,Yes
TX-109681,2024-11-15 11:52:50.117416,UK,Italy,29096.64,GBP,ACH,62.92,Medium,False,Yes
TX-109682,2024-04-01 12:49:55.117416,Canada,South Africa,38321.09,CAD,Wire,67.32,Medium,False,Yes
TX-109683,2025-01-20 08:02:53.117416,Russia,Australia,35044.58,RUB,SEPA,48.71,Medium,False,Yes
TX-109684,2024-09-18 09:11:54.117416,South Africa,Italy,64654.1,ZAR,SEPA,17.5,Low,False,Yes
TX-109685,2024-03-20 17:50:09.117416,Netherlands,Italy,11690.25,EUR,SEPA,10.14,Low,False,Yes
TX-109686,2024-04-25 20:39:40.117416,Brazil,France,9354.37,BRL,SEPA,31.33,Low,False,Yes
TX-109687,2024-12-28 10:51:28.117416,Australia,Netherlands,66035.3,AUD,Wire,46.52,Medium,False,Yes
TX-109688,2024-06-27 16:37:01.117416,Canada,USA,54675.18,CAD,Wire,64.22,Medium,False,Yes
TX-109689,2024-08-27 16:44:46.117416,Australia,France,43076.99,AUD,SEPA,0.13,Low,False,Yes
TX-109690,2025-03-16 21:53:27.117416,France,Australia,15329.04,EUR,ACH,71.11,High,True,Yes
TX-109691,2024-06-21 14:06:25.117416,India,Brazil,41161.61,INR,RTGS,71.27,High,True,Yes
TX-109692,2024-11-03 14:59:35.117416,India,Germany,78994.2,INR,SWIFT,44.45,Medium,False,Yes
TX-109693,2024-06-15 06:03:44.117416,Brazil,Spain,88973.16,BRL,Wire,34.34,Low,False,Yes
TX-109694,2024-04-22 14:50:57.117416,South Africa,India,70287.4,ZAR,RTGS,84.23,High,True,Yes
TX-109695,2024-07-21 05:47:53.117416,Australia,Russia,6085.23,AUD,RTGS,78.46,High,True,Yes
TX-109696,2024-10-06 22:57:11.117416,Australia,USA,67073.94,AUD,Wire,98.33,High,True,Yes
TX-109697,2025-03-08 00:44:55.117416,Germany,France,24174.46,EUR,ACH,37.19,Low,False,Yes
TX-109698,2024-11-09 21:46:59.117416,Germany,Australia,31593.6,EUR,SWIFT,90.68,High,True,Yes
TX-109699,2025-01-12 02:10:06.117416,UK,Italy,19667.73,GBP,Wire,8.74,Low,False,Yes
TX-109700,2025-03-03 09:26:10.117416,Russia,Germany,77598.0,RUB,RTGS,41.15,Medium,False,Yes
TX-109701,2024-11-26 15:36:20.117416,Netherlands,China,64895.35,EUR,SWIFT,46.54,Medium,False,Yes
TX-109702,2024-08-04 06:00:56.117416,China,Netherlands,61222.32,CNY,SEPA,44.09,Medium,False,Yes
TX-109703,2024-05-24 04:42:09.117416,France,UK,66830.46,EUR,RTGS,62.51,Medium,False,Yes
TX-109704,2024-09-12 06:43:47.117416,Netherlands,Japan,23753.55,EUR,SEPA,17.02,Low,False,Yes
TX-109705,2025-01-24 11:40:20.117416,Spain,Germany,44519.98,EUR,SEPA,86.65,High,True,Yes
TX-109706,2025-01-21 17:25:12.117416,Italy,South Africa,63362.05,EUR,Wire,55.18,Medium,False,Yes
TX-109707,2025-03-15 09:56:18.117416,UK,India,63695.74,GBP,SEPA,90.42,High,True,Yes
TX-109708,2025-03-10 12:30:10.117416,Brazil,Canada,79206.0,BRL,RTGS,0.26,Low,False,Yes
TX-109709,2024-08-10 17:09:40.117416,Netherlands,China,28781.69,EUR,Wire,63.0,Medium,False,Yes
TX-109710,2024-07-05 19:50:36.117416,India,China,77056.58,INR,ACH,41.25,Medium,False,Yes
TX-109711,2024-11-10 08:10:33.117416,Spain,Spain,44074.43,EUR,RTGS,50.51,Medium,False,Yes
TX-109712,2024-04-10 17:25:05.117416,South Africa,UK,67050.25,ZAR,SEPA,74.38,High,True,Yes
TX-109713,2024-09-16 20:19:47.117416,Russia,China,45626.37,RUB,RTGS,22.72,Low,False,Yes
TX-109714,2024-07-18 02:25:27.117416,Netherlands,Japan,94866.16,EUR,RTGS,20.49,Low,False,Yes
TX-109715,2024-05-10 22:29:51.117416,Spain,USA,18012.3,EUR,SWIFT,70.3,High,True,Yes
TX-109716,2024-06-08 03:37:13.117416,Australia,Brazil,67533.01,AUD,RTGS,52.14,Medium,False,Yes
TX-109717,2024-04-20 11:06:08.117416,Australia,USA,57695.85,AUD,ACH,23.36,Low,False,Yes
TX-109718,2024-07-08 10:39:11.117416,USA,South Africa,17355.83,USD,ACH,48.4,Medium,False,Yes
TX-109719,2024-11-02 01:41:15.117416,Canada,Italy,6694.03,CAD,SEPA,45.96,Medium,False,Yes
TX-109720,2024-12-29 01:28:43.117416,Australia,Canada,79934.52,AUD,SWIFT,69.14,Medium,False,Yes
TX-109721,2024-09-15 12:35:33.117416,Canada,South Africa,15829.39,CAD,Wire,0.27,Low,False,Yes
TX-109722,2024-07-31 18:24:57.117416,Spain,Brazil,18732.02,EUR,SWIFT,58.68,Medium,False,Yes
TX-109723,2024-12-08 05:08:30.117416,Australia,Spain,97845.58,AUD,SEPA,60.57,Medium,False,Yes
TX-109724,2025-01-21 02:59:31.117416,Australia,Netherlands,71754.36,AUD,SEPA,74.55,High,True,Yes
TX-109725,2024-08-31 09:11:06.117416,Russia,Spain,25123.64,RUB,ACH,88.92,High,True,Yes
TX-109726,2024-08-06 21:56:02.117416,UK,South Africa,59135.8,GBP,SEPA,44.02,Medium,False,Yes
TX-109727,2024-09-08 23:22:20.117416,France,South Africa,53457.77,EUR,RTGS,34.25,Low,False,Yes
TX-109728,2024-11-23 23:59:05.117416,South Africa,Japan,84462.88,ZAR,SEPA,10.23,Low,False,Yes
TX-109729,2024-10-03 09:01:33.117416,Spain,Canada,72959.14,EUR,SWIFT,33.68,Low,False,Yes
TX-109730,2024-09-28 22:10:59.117416,China,India,83188.94,CNY,RTGS,6.85,Low,False,Yes
TX-109731,2024-04-04 20:36:52.117416,China,USA,21229.51,CNY,ACH,80.28,High,True,Yes
TX-109732,2025-02-06 21:31:43.117416,UK,Japan,64057.9,GBP,RTGS,80.7,High,True,Yes
TX-109733,2024-11-22 12:52:25.117416,Japan,Germany,4120.06,JPY,Wire,41.72,Medium,False,Yes
TX-109734,2024-07-21 17:12:00.117416,Canada,Spain,6987.17,CAD,SWIFT,25.96,Low,False,Yes
TX-109735,2024-10-07 14:35:05.117416,Italy,Japan,71381.35,EUR,ACH,11.8,Low,False,Yes
TX-109736,2025-02-11 20:32:44.117416,Russia,Germany,2539.57,RUB,SEPA,85.12,High,True,Yes
TX-109737,2024-11-24 06:14:08.117416,Brazil,UK,58018.52,BRL,SWIFT,87.75,High,True,Yes
TX-109738,2025-02-02 12:54:54.117416,South Africa,Russia,84056.47,ZAR,ACH,26.63,Low,False,Yes
TX-109739,2024-10-02 09:29:33.117416,Canada,Japan,38056.19,CAD,RTGS,62.18,Medium,False,Yes
TX-109740,2024-11-11 18:04:33.117416,Spain,Italy,4579.56,EUR,RTGS,25.87,Low,False,Yes
TX-109741,2024-07-16 18:09:14.117416,Japan,Russia,71413.36,JPY,RTGS,22.51,Low,False,Yes
TX-109742,2024-05-05 05:29:58.117416,India,Brazil,92975.68,INR,RTGS,2.12,Low,False,Yes
TX-109743,2024-07-10 11:46:05.117416,Canada,Germany,71745.42,CAD,SWIFT,57.72,Medium,False,Yes
TX-109744,2024-11-23 05:17:39.117416,South Africa,France,57886.88,ZAR,ACH,14.99,Low,False,Yes
TX-109745,2024-09-12 10:17:27.117416,France,South Africa,23079.88,EUR,ACH,1.24,Low,False,Yes
TX-109746,2024-08-18 11:25:22.118416,Japan,UK,1636.02,JPY,SWIFT,10.49,Low,False,Yes
TX-109747,2024-08-14 11:36:18.118416,Australia,Netherlands,69497.74,AUD,RTGS,31.38,Low,False,Yes
TX-109748,2025-02-06 18:30:31.118416,Italy,Spain,23179.51,EUR,ACH,66.92,Medium,False,Yes
TX-109749,2024-11-16 08:05:08.118416,China,Spain,85830.45,CNY,SEPA,20.26,Low,False,Yes
TX-109750,2024-11-22 20:11:18.118416,Italy,Italy,46689.78,EUR,Wire,88.76,High,True,Yes
TX-109751,2025-01-10 14:09:34.118416,Germany,Germany,53110.49,EUR,SEPA,28.85,Low,False,Yes
TX-109752,2025-01-08 04:32:55.118416,China,Japan,75418.26,CNY,ACH,33.12,Low,False,Yes
TX-109753,2024-07-10 04:13:01.118416,Germany,Brazil,77965.12,EUR,SWIFT,21.8,Low,False,Yes
TX-109754,2024-03-17 15:54:55.118416,Japan,Germany,64300.82,JPY,RTGS,25.38,Low,False,Yes
TX-109755,2024-09-06 15:32:14.118416,UK,USA,93849.34,GBP,RTGS,7.41,Low,False,Yes
TX-109756,2024-06-23 01:01:50.118416,Australia,USA,98231.61,AUD,Wire,29.48,Low,False,Yes
TX-109757,2024-11-22 22:26:44.118416,Italy,Russia,94693.86,EUR,SEPA,85.96,High,True,Yes
TX-109758,2025-02-15 14:04:39.118416,Canada,USA,82435.5,CAD,ACH,68.84,Medium,False,Yes
TX-109759,2024-08-05 04:26:21.118416,Spain,South Africa,70591.96,EUR,SEPA,87.53,High,True,Yes
TX-109760,2024-07-31 16:18:45.118416,Germany,Japan,66366.25,EUR,SWIFT,10.49,Low,False,Yes
TX-109761,2024-06-24 01:41:48.118416,Russia,Canada,10464.64,RUB,RTGS,45.56,Medium,False,Yes
TX-109762,2024-09-08 06:57:04.118416,Brazil,Japan,27221.29,BRL,SEPA,22.93,Low,False,Yes
TX-109763,2024-11-29 09:04:52.118416,China,Italy,668.25,CNY,SEPA,72.12,High,True,Yes
TX-109764,2024-10-27 09:23:37.118416,Italy,South Africa,13827.25,EUR,RTGS,97.02,High,True,Yes
TX-109765,2025-02-09 22:02:15.118416,South Africa,Australia,43979.02,ZAR,ACH,81.54,High,True,Yes
TX-109766,2024-05-24 22:19:21.118416,Italy,USA,14739.0,EUR,Wire,3.53,Low,False,Yes
TX-109767,2024-05-05 18:24:32.118416,China,UK,90176.18,CNY,SEPA,31.67,Low,False,Yes
TX-109768,2025-01-19 22:28:17.118416,South Africa,France,80589.35,ZAR,RTGS,2.86,Low,False,Yes
TX-109769,2024-07-10 04:14:20.118416,Spain,France,7254.03,EUR,RTGS,4.02,Low,False,Yes
TX-109770,2024-05-12 20:07:24.118416,Japan,USA,24966.48,JPY,SEPA,7.95,Low,False,Yes
TX-109771,2024-04-04 10:42:48.118416,Brazil,Germany,81925.28,BRL,SEPA,27.63,Low,False,Yes
TX-109772,2024-12-10 16:35:31.118416,Germany,India,80324.31,EUR,Wire,30.42,Low,False,Yes
TX-109773,2024-06-05 05:12:49.118416,UK,South Africa,94550.51,GBP,RTGS,40.05,Medium,False,Yes
TX-109774,2025-01-21 02:37:36.118416,India,Brazil,99755.02,INR,Wire,40.49,Medium,False,Yes
TX-109775,2024-10-27 17:56:21.118416,India,Germany,97629.38,INR,RTGS,77.14,High,True,Yes
TX-109776,2024-10-07 00:28:31.118416,Canada,USA,41072.78,CAD,RTGS,14.14,Low,False,Yes
TX-109777,2024-05-29 05:34:14.118416,Brazil,France,25107.81,BRL,SEPA,15.77,Low,False,Yes
TX-109778,2024-04-04 07:15:16.118416,Netherlands,Brazil,75865.18,EUR,ACH,62.66,Medium,False,Yes
TX-109779,2024-12-09 02:24:36.118416,Brazil,Canada,29997.36,BRL,SEPA,57.17,Medium,False,Yes
TX-109780,2025-02-20 02:26:01.118416,China,Russia,80659.4,CNY,ACH,15.4,Low,False,Yes
TX-109781,2024-06-25 08:17:30.118416,Russia,South Africa,53442.08,RUB,RTGS,85.23,High,True,Yes
TX-109782,2025-02-26 15:40:32.118416,Australia,Italy,79413.33,AUD,ACH,32.91,Low,False,Yes
TX-109783,2024-12-22 12:01:55.118416,Canada,India,27660.4,CAD,RTGS,36.7,Low,False,Yes
TX-109784,2024-07-20 04:52:42.118416,China,Italy,50851.93,CNY,RTGS,42.05,Medium,False,Yes
TX-109785,2024-09-07 03:37:44.118416,China,UK,56445.98,CNY,ACH,32.27,Low,False,Yes
TX-109786,2024-08-20 20:04:26.118416,Australia,Russia,94316.5,AUD,SEPA,55.75,Medium,False,Yes
TX-109787,2024-05-27 03:29:08.118416,Spain,Brazil,26733.1,EUR,ACH,38.86,Low,False,Yes
TX-109788,2024-07-21 10:17:58.118416,Japan,Netherlands,93675.16,JPY,Wire,25.94,Low,False,Yes
TX-109789,2024-08-16 00:46:20.118416,Canada,France,80505.41,CAD,RTGS,90.45,High,True,Yes
TX-109790,2025-02-27 11:37:54.118416,Russia,Russia,73116.32,RUB,SWIFT,30.84,Low,False,Yes
TX-109791,2024-07-15 21:54:47.118416,Australia,Canada,78708.34,AUD,RTGS,69.85,Medium,False,Yes
TX-109792,2024-03-23 06:44:45.118416,UK,Canada,60581.96,GBP,RTGS,34.72,Low,False,Yes
TX-109793,2024-04-24 11:21:43.118416,France,Canada,24483.59,EUR,ACH,43.52,Medium,False,Yes
TX-109794,2024-07-11 01:09:02.118416,Italy,Japan,19030.55,EUR,Wire,23.59,Low,False,Yes
TX-109795,2024-10-21 01:20:53.118416,Canada,Brazil,86647.51,CAD,SEPA,75.23,High,True,Yes
TX-109796,2024-06-03 13:15:09.118416,China,Brazil,72541.43,CNY,SEPA,73.72,High,True,Yes
TX-109797,2025-01-15 06:33:05.118416,Canada,South Africa,21399.11,CAD,SWIFT,2.22,Low,False,Yes
TX-109798,2024-10-31 13:24:14.118416,India,Brazil,61547.83,INR,ACH,6.02,Low,False,Yes
TX-109799,2024-03-27 11:11:22.118416,Russia,Italy,44809.89,RUB,SEPA,92.24,High,True,Yes
TX-109800,2024-12-31 15:48:26.118416,China,USA,15949.65,CNY,RTGS,88.88,High,True,Yes
TX-109801,2024-11-11 06:21:23.118416,South Africa,USA,53232.53,ZAR,ACH,50.61,Medium,False,Yes
TX-109802,2024-08-08 00:06:13.118416,Russia,Brazil,28223.76,RUB,SWIFT,49.34,Medium,False,Yes
TX-109803,2024-04-04 00:03:33.118416,Italy,Russia,9714.79,EUR,SEPA,81.24,High,True,Yes
TX-109804,2025-02-21 23:57:05.118416,Spain,Japan,46749.13,EUR,RTGS,13.85,Low,False,Yes
TX-109805,2025-02-19 07:39:58.118416,Australia,China,59051.84,AUD,RTGS,65.37,Medium,False,Yes
TX-109806,2024-11-20 09:47:53.118416,India,Netherlands,4785.95,INR,RTGS,47.6,Medium,False,Yes
TX-109807,2025-02-04 23:05:22.118416,India,UK,40269.07,INR,Wire,74.33,High,True,Yes
TX-109808,2024-10-06 22:20:17.118416,USA,Canada,25840.43,USD,SEPA,3.01,Low,False,Yes
TX-109809,2024-05-13 17:35:33.118416,Canada,Brazil,3161.99,CAD,ACH,59.27,Medium,False,Yes
TX-109810,2024-10-04 02:59:29.118416,Germany,China,12653.69,EUR,RTGS,55.67,Medium,False,Yes
TX-109811,2024-07-07 02:19:18.118416,Russia,South Africa,13989.51,RUB,RTGS,84.08,High,True,Yes
TX-109812,2024-04-22 11:01:36.118416,UK,Italy,18369.14,GBP,Wire,67.68,Medium,False,Yes
TX-109813,2025-01-21 14:48:53.118416,Netherlands,Germany,80357.42,EUR,ACH,88.02,High,True,Yes
TX-109814,2024-07-10 01:08:25.118416,China,Russia,44005.24,CNY,ACH,88.73,High,True,Yes
TX-109815,2024-10-26 02:10:42.118416,Netherlands,China,14793.89,EUR,ACH,40.82,Medium,False,Yes
TX-109816,2024-08-23 20:34:44.118416,South Africa,Russia,10119.67,ZAR,Wire,13.74,Low,False,Yes
TX-109817,2024-06-21 15:06:57.118416,India,France,29864.25,INR,RTGS,63.03,Medium,False,Yes
TX-109818,2024-07-15 09:51:09.118416,South Africa,South Africa,79821.75,ZAR,SWIFT,87.37,High,True,Yes
TX-109819,2024-08-30 07:05:40.118416,USA,Spain,36509.54,USD,RTGS,7.5,Low,False,Yes
TX-109820,2024-09-18 20:09:55.118416,South Africa,Italy,16073.75,ZAR,SEPA,55.79,Medium,False,Yes
TX-109821,2024-05-21 21:40:01.118416,UK,Japan,40471.21,GBP,Wire,11.5,Low,False,Yes
TX-109822,2024-04-23 10:35:27.118416,India,Brazil,55575.62,INR,ACH,2.7,Low,False,Yes
TX-109823,2025-03-10 11:41:11.118416,UK,USA,3055.46,GBP,SWIFT,67.96,Medium,False,Yes
TX-109824,2024-12-16 18:30:38.118416,Australia,France,62801.42,AUD,Wire,68.18,Medium,False,Yes
TX-109825,2024-12-05 01:11:07.118416,Japan,France,39570.57,JPY,Wire,60.07,Medium,False,Yes
TX-109826,2025-01-09 11:26:14.118416,France,Australia,1071.61,EUR,SWIFT,85.92,High,True,Yes
TX-109827,2024-03-27 18:17:59.118416,Italy,Germany,67421.55,EUR,SEPA,8.09,Low,False,Yes
TX-109828,2025-01-07 23:22:54.118416,China,Canada,71267.52,CNY,SWIFT,10.53,Low,False,Yes
TX-109829,2025-01-18 10:31:22.118416,China,France,62921.09,CNY,SEPA,86.45,High,True,Yes
TX-109830,2024-04-18 03:38:10.118416,Australia,India,34258.83,AUD,Wire,50.33,Medium,False,Yes
TX-109831,2024-10-02 13:55:06.118416,Germany,China,53007.52,EUR,SEPA,27.31,Low,False,Yes
TX-109832,2024-06-14 12:02:17.118416,Germany,Australia,38777.05,EUR,SEPA,73.82,High,True,Yes
TX-109833,2024-07-03 10:55:58.118416,India,Italy,70092.11,INR,ACH,89.44,High,True,Yes
TX-109834,2024-04-25 15:46:34.118416,Netherlands,France,58399.66,EUR,RTGS,68.96,Medium,False,Yes
TX-109835,2024-07-07 11:11:09.118416,Spain,Italy,8271.73,EUR,RTGS,79.19,High,True,Yes
TX-109836,2024-05-23 23:40:34.118416,France,Canada,64345.05,EUR,Wire,28.25,Low,False,Yes
TX-109837,2024-10-12 01:27:03.118416,China,Germany,68755.12,CNY,Wire,28.88,Low,False,Yes
TX-109838,2024-05-18 04:55:04.118416,South Africa,Italy,37133.15,ZAR,RTGS,86.41,High,True,Yes
TX-109839,2024-07-29 14:13:38.118416,Netherlands,Japan,87591.0,EUR,SWIFT,61.49,Medium,False,Yes
TX-109840,2024-07-17 10:20:33.118416,India,France,84317.13,INR,ACH,23.42,Low,False,Yes
TX-109841,2024-09-03 20:22:16.118416,France,Australia,17599.14,EUR,RTGS,52.42,Medium,False,Yes
TX-109842,2025-01-07 00:55:48.118416,Netherlands,France,90436.2,EUR,ACH,68.59,Medium,False,Yes
TX-109843,2025-02-16 09:56:54.118416,Netherlands,Netherlands,44143.15,EUR,ACH,21.85,Low,False,Yes
TX-109844,2024-11-27 05:51:11.118416,Italy,Brazil,72402.59,EUR,RTGS,65.49,Medium,False,Yes
TX-109845,2024-04-15 01:50:51.118416,Brazil,Japan,81428.29,BRL,Wire,4.21,Low,False,Yes
TX-109846,2024-06-05 09:57:47.118416,Netherlands,Japan,50560.73,EUR,SWIFT,30.37,Low,False,Yes
TX-109847,2024-05-06 18:21:10.118416,Spain,Germany,39970.28,EUR,Wire,67.4,Medium,False,Yes
TX-109848,2025-03-13 03:47:31.118416,Canada,Italy,91553.59,CAD,RTGS,14.93,Low,False,Yes
TX-109849,2024-06-14 20:21:16.118416,China,USA,23162.27,CNY,RTGS,22.22,Low,False,Yes
TX-109850,2024-11-15 04:07:11.118416,USA,Australia,25771.31,USD,RTGS,87.91,High,True,Yes
TX-109851,2024-06-14 02:59:32.118416,China,Brazil,36225.87,CNY,RTGS,67.43,Medium,False,Yes
TX-109852,2024-04-01 15:44:51.118416,Japan,Italy,85960.63,JPY,SWIFT,49.89,Medium,False,Yes
TX-109853,2025-03-13 21:29:56.118416,Italy,Spain,93884.95,EUR,Wire,21.09,Low,False,Yes
TX-109854,2024-06-14 19:33:17.118416,Russia,South Africa,22084.76,RUB,ACH,34.14,Low,False,Yes
TX-109855,2024-05-17 11:03:46.118416,UK,Japan,86400.63,GBP,SEPA,57.43,Medium,False,Yes
TX-109856,2024-10-22 19:28:35.118416,Russia,Brazil,25894.48,RUB,ACH,15.53,Low,False,Yes
TX-109857,2025-01-18 10:35:42.118416,France,Canada,97067.06,EUR,RTGS,48.17,Medium,False,Yes
TX-109858,2024-06-02 01:55:26.118416,USA,Australia,59781.05,USD,RTGS,40.9,Medium,False,Yes
TX-109859,2024-07-07 10:07:36.118416,Spain,Germany,807.94,EUR,SWIFT,47.67,Medium,False,Yes
TX-109860,2024-09-15 05:31:57.118416,Netherlands,China,3509.58,EUR,RTGS,10.56,Low,False,Yes
TX-109861,2024-10-07 09:47:57.118416,Japan,USA,14833.7,JPY,RTGS,10.65,Low,False,Yes
TX-109862,2024-10-09 15:23:59.118416,USA,Italy,18838.56,USD,SEPA,96.41,High,True,Yes
TX-109863,2024-11-13 23:56:01.118416,USA,South Africa,76785.15,USD,ACH,97.94,High,True,Yes
TX-109864,2024-09-09 05:36:57.118416,Brazil,Germany,22354.31,BRL,Wire,42.62,Medium,False,Yes
TX-109865,2024-04-16 20:31:13.118416,Japan,Australia,96917.25,JPY,RTGS,78.9,High,True,Yes
TX-109866,2024-11-14 10:43:11.118416,Russia,Spain,63647.59,RUB,ACH,65.58,Medium,False,Yes
TX-109867,2024-09-29 14:22:16.118416,Spain,Australia,69282.5,EUR,SEPA,11.69,Low,False,Yes
TX-109868,2024-12-11 05:32:58.118416,Canada,China,21859.87,CAD,SWIFT,29.67,Low,False,Yes
TX-109869,2024-09-02 20:35:47.118416,Russia,Canada,89281.36,RUB,Wire,31.37,Low,False,Yes
TX-109870,2025-03-09 07:12:41.119416,France,India,66814.68,EUR,SWIFT,59.58,Medium,False,Yes
TX-109871,2025-02-15 19:35:28.119416,Russia,France,86454.12,RUB,SEPA,58.0,Medium,False,Yes
TX-109872,2024-11-03 19:50:37.119416,USA,Spain,95652.46,USD,ACH,92.35,High,True,Yes
TX-109873,2024-12-17 11:04:52.119416,Germany,UK,12651.53,EUR,Wire,79.0,High,True,Yes
TX-109874,2024-04-17 18:51:39.119416,Italy,South Africa,9749.06,EUR,Wire,85.68,High,True,Yes
TX-109875,2024-05-21 03:03:08.119416,Brazil,India,80360.44,BRL,Wire,89.12,High,True,Yes
TX-109876,2024-04-13 07:35:25.119416,China,Canada,86625.99,CNY,SWIFT,80.13,High,True,Yes
TX-109877,2025-01-13 16:24:18.119416,Italy,Canada,58417.77,EUR,Wire,33.29,Low,False,Yes
TX-109878,2024-06-09 19:12:43.119416,India,Japan,36663.45,INR,ACH,21.5,Low,False,Yes
TX-109879,2024-06-07 04:48:35.119416,Spain,UK,65297.7,EUR,SEPA,57.18,Medium,False,Yes
TX-109880,2025-01-30 14:13:16.119416,Brazil,Germany,30635.84,BRL,SEPA,68.96,Medium,False,Yes
TX-109881,2025-02-08 05:09:28.119416,Italy,Russia,23914.73,EUR,Wire,38.66,Low,False,Yes
TX-109882,2024-05-28 22:06:37.119416,Italy,Australia,48865.71,EUR,RTGS,84.83,High,True,Yes
TX-109883,2024-04-16 11:25:23.119416,Italy,China,21693.77,EUR,RTGS,96.06,High,True,Yes
TX-109884,2024-10-13 07:37:26.119416,Italy,Germany,48421.99,EUR,ACH,56.94,Medium,False,Yes
TX-109885,2024-10-16 09:26:03.119416,Japan,Canada,95664.99,JPY,SWIFT,45.66,Medium,False,Yes
TX-109886,2024-08-21 04:08:53.119416,Germany,UK,83994.43,EUR,Wire,84.29,High,True,Yes
TX-109887,2025-03-09 11:54:57.119416,India,Italy,94168.93,INR,ACH,2.43,Low,False,Yes
TX-109888,2024-04-07 16:01:56.119416,UK,China,80652.26,GBP,SEPA,12.9,Low,False,Yes
TX-109889,2024-06-08 08:05:29.119416,Australia,Russia,35539.62,AUD,ACH,84.57,High,True,Yes
TX-109890,2024-11-06 01:16:28.119416,UK,Australia,81223.32,GBP,Wire,73.2,High,True,Yes
TX-109891,2024-09-21 06:59:44.119416,Germany,Japan,92299.28,EUR,RTGS,41.61,Medium,False,Yes
TX-109892,2024-12-01 11:45:23.119416,Japan,Brazil,94708.88,JPY,ACH,88.89,High,True,Yes
TX-109893,2025-01-17 05:24:56.119416,Italy,Russia,68351.47,EUR,RTGS,35.15,Low,False,Yes
TX-109894,2024-12-13 13:08:05.119416,Russia,China,21215.53,RUB,SWIFT,63.38,Medium,False,Yes
TX-109895,2024-09-20 17:25:15.119416,Netherlands,South Africa,4068.94,EUR,SEPA,63.43,Medium,False,Yes
TX-109896,2024-10-27 09:38:29.119416,Spain,Germany,14805.3,EUR,RTGS,18.43,Low,False,Yes
TX-109897,2024-09-12 17:54:05.119416,Russia,USA,96558.14,RUB,ACH,28.49,Low,False,Yes
TX-109898,2025-03-06 21:44:43.119416,Italy,South Africa,46263.47,EUR,SEPA,91.6,High,True,Yes
TX-109899,2024-07-02 09:53:15.119416,UK,Australia,85513.1,GBP,SEPA,18.34,Low,False,Yes
TX-109900,2025-01-24 06:17:43.119416,France,France,46557.91,EUR,RTGS,17.36,Low,False,Yes
TX-109901,2024-12-22 16:29:02.119416,Russia,Italy,66115.68,RUB,Wire,47.96,Medium,False,Yes
TX-109902,2024-06-10 15:17:42.119416,India,France,2511.66,INR,RTGS,9.22,Low,False,Yes
TX-109903,2025-03-10 08:06:38.119416,UK,Brazil,25061.51,GBP,SEPA,89.46,High,True,Yes
TX-109904,2025-03-05 15:46:01.119416,UK,Spain,43683.3,GBP,Wire,10.01,Low,False,Yes
TX-109905,2025-02-26 22:58:55.119416,USA,Russia,63100.04,USD,Wire,61.66,Medium,False,Yes
TX-109906,2025-02-05 11:27:39.119416,Canada,UK,17234.97,CAD,RTGS,33.98,Low,False,Yes
TX-109907,2024-08-22 15:13:14.119416,India,USA,76478.69,INR,SEPA,80.43,High,True,Yes
TX-109908,2025-01-15 02:10:30.119416,USA,Spain,36504.03,USD,SWIFT,58.98,Medium,False,Yes
TX-109909,2024-08-08 08:50:00.119416,UK,Brazil,81761.78,GBP,SEPA,38.83,Low,False,Yes
TX-109910,2024-09-16 20:59:39.119416,Brazil,China,9887.11,BRL,Wire,98.39,High,True,Yes
TX-109911,2024-12-28 18:55:37.119416,Netherlands,China,68007.68,EUR,Wire,6.62,Low,False,Yes
TX-109912,2024-12-22 22:47:03.119416,Australia,Italy,29403.5,AUD,Wire,57.78,Medium,False,Yes
TX-109913,2025-01-29 13:14:21.119416,India,Russia,79558.78,INR,SWIFT,98.96,High,True,Yes
TX-109914,2024-07-31 11:15:05.119416,Italy,USA,40276.83,EUR,SEPA,69.1,Medium,False,Yes
TX-109915,2024-08-03 13:11:49.119416,UK,France,66568.43,GBP,ACH,73.98,High,True,Yes
TX-109916,2024-09-10 04:59:59.119416,Canada,Brazil,93437.1,CAD,Wire,3.21,Low,False,Yes
TX-109917,2024-07-08 22:12:56.119416,UK,Germany,2160.6,GBP,Wire,2.14,Low,False,Yes
TX-109918,2024-09-28 18:02:00.119416,India,South Africa,1210.57,INR,SWIFT,3.61,Low,False,Yes
TX-109919,2025-02-28 01:21:11.119416,South Africa,Japan,77050.9,ZAR,ACH,99.17,High,True,Yes
TX-109920,2025-02-11 08:48:14.119416,Italy,South Africa,64674.67,EUR,ACH,97.95,High,True,Yes
TX-109921,2024-12-03 07:32:54.119416,Russia,Australia,29368.67,RUB,ACH,33.45,Low,False,Yes
TX-109922,2024-07-10 22:17:31.119416,Australia,Japan,49490.23,AUD,ACH,29.1,Low,False,Yes
TX-109923,2024-08-14 14:07:24.119416,Netherlands,Australia,4289.37,EUR,SWIFT,14.6,Low,False,Yes
TX-109924,2024-08-28 20:05:54.119416,South Africa,Spain,19325.32,ZAR,RTGS,32.91,Low,False,Yes
TX-109925,2024-12-09 03:09:06.119416,Brazil,India,42507.19,BRL,RTGS,37.01,Low,False,Yes
TX-109926,2024-09-13 18:54:43.119416,China,Germany,83421.04,CNY,Wire,74.83,High,True,Yes
TX-109927,2024-07-11 12:30:27.119416,Netherlands,Spain,48018.75,EUR,SEPA,86.63,High,True,Yes
TX-109928,2024-05-23 14:49:38.119416,Italy,Australia,58677.61,EUR,SEPA,74.67,High,True,Yes
TX-109929,2024-11-17 20:50:03.119416,China,Brazil,87388.0,CNY,ACH,64.65,Medium,False,Yes
TX-109930,2024-11-16 00:13:43.119416,UK,Australia,30951.01,GBP,ACH,76.59,High,True,Yes
TX-109931,2025-01-15 08:22:12.119416,Australia,Japan,70099.86,AUD,SEPA,73.85,High,True,Yes
TX-109932,2024-09-24 00:42:14.119416,Japan,Japan,86180.56,JPY,RTGS,47.57,Medium,False,Yes
TX-109933,2024-06-22 12:37:05.119416,Italy,Russia,20341.31,EUR,SEPA,33.59,Low,False,Yes
TX-109934,2024-10-08 05:32:23.119416,Japan,Brazil,35712.17,JPY,ACH,28.28,Low,False,Yes
TX-109935,2024-07-31 19:19:39.119416,Russia,Brazil,97983.04,RUB,SWIFT,67.94,Medium,False,Yes
TX-109936,2024-12-28 06:23:11.119416,Australia,Canada,98323.53,AUD,ACH,95.93,High,True,Yes
TX-109937,2025-01-14 14:13:56.119416,Italy,Netherlands,22400.67,EUR,Wire,58.11,Medium,False,Yes
TX-109938,2024-07-30 00:09:58.119416,Spain,Canada,6737.94,EUR,SEPA,91.25,High,True,Yes
TX-109939,2024-11-26 22:46:04.119416,Germany,Italy,27165.07,EUR,SWIFT,1.42,Low,False,Yes
TX-109940,2024-12-31 15:57:42.119416,UK,Brazil,39833.42,GBP,SWIFT,79.45,High,True,Yes
TX-109941,2024-06-26 07:15:22.119416,Italy,Canada,44156.46,EUR,Wire,85.36,High,True,Yes
TX-109942,2024-05-02 06:57:37.119416,China,Italy,61918.75,CNY,ACH,63.1,Medium,False,Yes
TX-109943,2024-05-25 19:21:18.119416,USA,UK,89960.33,USD,ACH,93.41,High,True,Yes
TX-109944,2024-12-22 03:59:38.119416,China,South Africa,33101.77,CNY,RTGS,58.99,Medium,False,Yes
TX-109945,2024-10-26 23:31:20.119416,Australia,USA,85013.46,AUD,RTGS,24.05,Low,False,Yes
TX-109946,2024-07-04 12:10:23.119416,Russia,UK,9438.54,RUB,SEPA,21.57,Low,False,Yes
TX-109947,2024-05-19 13:30:26.119416,Brazil,Japan,4283.28,BRL,SEPA,55.58,Medium,False,Yes
TX-109948,2024-12-08 13:12:56.119416,Germany,Brazil,50454.11,EUR,SWIFT,90.65,High,True,Yes
TX-109949,2024-04-29 19:59:24.119416,Brazil,Canada,6060.26,BRL,ACH,7.24,Low,False,Yes
TX-109950,2024-12-04 07:19:26.119416,Japan,UK,39309.73,JPY,SEPA,60.44,Medium,False,Yes
TX-109951,2024-07-15 16:22:22.119416,France,Germany,89688.13,EUR,SWIFT,76.98,High,True,Yes
TX-109952,2024-10-16 06:13:25.119416,Italy,Australia,24224.16,EUR,SWIFT,11.54,Low,False,Yes
TX-109953,2024-07-06 11:39:12.119416,Netherlands,Russia,70626.98,EUR,SWIFT,11.68,Low,False,Yes
TX-109954,2025-03-13 12:53:58.119416,Japan,Canada,30306.3,JPY,Wire,36.61,Low,False,Yes
TX-109955,2024-10-25 05:20:08.119416,China,USA,4587.51,CNY,RTGS,27.39,Low,False,Yes
TX-109956,2024-10-13 13:12:18.119416,Spain,Netherlands,55713.39,EUR,Wire,19.83,Low,False,Yes
TX-109957,2024-05-26 23:51:43.119416,USA,Italy,83501.86,USD,ACH,19.87,Low,False,Yes
TX-109958,2025-03-11 23:53:35.119416,USA,Australia,41005.9,USD,SWIFT,13.07,Low,False,Yes
TX-109959,2024-12-04 01:06:28.119416,China,UK,61767.65,CNY,SWIFT,61.09,Medium,False,Yes
TX-109960,2024-09-20 18:43:54.119416,Australia,India,90012.36,AUD,ACH,68.81,Medium,False,Yes
TX-109961,2024-11-11 04:20:54.119416,Brazil,South Africa,78990.48,BRL,SEPA,70.29,High,True,Yes
TX-109962,2024-08-14 02:36:21.119416,Spain,Japan,19468.25,EUR,Wire,53.24,Medium,False,Yes
TX-109963,2025-01-30 07:15:18.119416,Canada,Australia,73365.06,CAD,ACH,95.29,High,True,Yes
TX-109964,2024-12-16 04:30:43.119416,China,UK,50239.11,CNY,SEPA,88.05,High,True,Yes
TX-109965,2024-08-02 18:03:57.119416,Australia,Brazil,74622.08,AUD,ACH,95.76,High,True,Yes
TX-109966,2024-11-14 09:08:43.119416,Brazil,Russia,49502.1,BRL,SEPA,38.88,Low,False,Yes
TX-109967,2024-10-16 22:43:22.119416,Canada,Japan,12883.02,CAD,SEPA,87.78,High,True,Yes
TX-109968,2024-04-03 03:02:49.119416,UK,Italy,57033.95,GBP,ACH,76.29,High,True,Yes
TX-109969,2024-10-27 08:49:20.119416,Brazil,Italy,49264.19,BRL,RTGS,34.0,Low,False,Yes
TX-109970,2025-01-24 08:12:51.119416,Brazil,USA,51840.38,BRL,ACH,10.66,Low,False,Yes
TX-109971,2024-07-29 01:27:52.119416,Japan,France,87902.36,JPY,ACH,68.26,Medium,False,Yes
TX-109972,2024-07-27 14:07:45.119416,Russia,Canada,89494.22,RUB,ACH,13.65,Low,False,Yes
TX-109973,2025-03-17 11:13:52.119416,South Africa,Italy,45408.36,ZAR,RTGS,29.38,Low,False,Yes
TX-109974,2024-06-16 17:58:09.119416,South Africa,France,45627.63,ZAR,SWIFT,50.04,Medium,False,Yes
TX-109975,2024-06-24 11:09:41.119416,France,Brazil,51567.18,EUR,RTGS,67.99,Medium,False,Yes
TX-109976,2024-03-25 03:23:39.119416,Australia,Netherlands,52006.97,AUD,SEPA,92.62,High,True,Yes
TX-109977,2025-02-01 05:44:36.119416,Japan,Netherlands,95043.68,JPY,ACH,59.32,Medium,False,Yes
TX-109978,2025-03-12 06:00:41.119416,Canada,India,64975.11,CAD,SWIFT,67.14,Medium,False,Yes
TX-109979,2024-10-28 03:22:34.119416,Japan,France,27817.95,JPY,Wire,31.0,Low,False,Yes
TX-109980,2024-10-11 03:41:57.119416,Netherlands,Japan,53200.53,EUR,SWIFT,68.73,Medium,False,Yes
TX-109981,2024-05-15 04:12:53.119416,China,Spain,62759.64,CNY,RTGS,43.78,Medium,False,Yes
TX-109982,2024-05-20 04:29:26.119416,Canada,China,64013.19,CAD,SWIFT,85.69,High,True,Yes
TX-109983,2024-05-04 12:25:40.119416,Germany,Netherlands,58566.9,EUR,ACH,39.25,Low,False,Yes
TX-109984,2025-01-22 10:23:41.119416,Australia,Spain,17855.84,AUD,Wire,46.83,Medium,False,Yes
TX-109985,2024-11-20 10:38:14.119416,India,China,3455.96,INR,SEPA,43.26,Medium,False,Yes
TX-109986,2024-11-03 19:20:48.119416,Brazil,India,33850.52,BRL,Wire,81.11,High,True,Yes
TX-109987,2024-06-23 03:08:18.119416,India,UK,42809.46,INR,SWIFT,95.37,High,True,Yes
TX-109988,2025-01-18 22:26:27.119416,India,UK,6274.24,INR,ACH,32.73,Low,False,Yes
TX-109989,2024-08-03 17:26:11.119416,Canada,France,81515.24,CAD,ACH,47.5,Medium,False,Yes
TX-109990,2025-02-08 06:10:44.119416,India,Japan,34473.34,INR,ACH,70.59,High,True,Yes
TX-109991,2024-07-19 17:30:49.119416,India,India,91371.91,INR,SWIFT,89.54,High,True,Yes
TX-109992,2024-05-15 23:27:01.119416,Japan,Germany,15525.57,JPY,Wire,49.37,Medium,False,Yes
TX-109993,2025-02-12 19:11:46.119416,South Africa,South Africa,5787.8,ZAR,SWIFT,10.89,Low,False,Yes
TX-109994,2024-11-15 09:29:07.120416,China,China,48283.38,CNY,RTGS,36.87,Low,False,Yes
TX-109995,2024-11-30 05:14:47.120416,France,Brazil,18994.02,EUR,Wire,55.04,Medium,False,Yes
TX-109996,2024-09-22 19:01:35.120416,China,Spain,93746.19,CNY,Wire,41.75,Medium,False,Yes
TX-109997,2025-01-25 20:23:42.120416,USA,Japan,1129.31,USD,SWIFT,18.66,Low,False,Yes
TX-109998,2024-09-09 15:59:02.120416,Netherlands,China,41320.71,EUR,SEPA,3.7,Low,False,Yes
TX-109999,2025-01-04 18:31:17.120416,Spain,France,92682.1,EUR,SWIFT,68.74,Medium,False,Yes
